school_id,school_name,county,enrollment,lon,lat,no_data,coverage,coverage_ci_low,coverage_ci_high,coverage_K,coverage_1,coverage_2,coverage_3,coverage_4,coverage_5,coverage_ci_low_K,coverage_ci_low_1,coverage_ci_low_2,coverage_ci_low_3,coverage_ci_low_4,coverage_ci_low_5,coverage_ci_high_K,coverage_ci_high_1,coverage_ci_high_2,coverage_ci_high_3,coverage_ci_high_4,coverage_ci_high_5,prob_below_95,tier
101,Altamahaw-Ossipee Elementary,Alamance,104,,,0,0.9671,,,0.9351,0.9904,0.9895,0.9211,0.9802,0.9775,0.9335,0.9336,0.9356,0.9391,0.9436,0.9486,0.9367,0.9356,0.937,0.9403,0.9447,0.9497,,H
102,Alamance Christian School,Alamance,35,,,0,0.8357,,,0.8885,0.875,0.8,0.8,0.7692,0.9,0.8596,0.8586,0.8621,0.8689,0.8782,0.8885,0.9135,0.913,0.9153,0.9198,0.9257,0.9321,,L
103,Alamance Community School,Alamance,134,,,0,0.9793,,,0.9639,0.9667,0.9906,0.9694,0.9825,1,0.9504,0.9501,0.9514,0.9542,0.9576,0.9614,0.9751,0.9749,0.9755,0.9768,0.9786,0.9806,,H
105,Alexander Wilson Elementary,Alamance,103,,,0,0.9744,,,0.9675,0.9663,0.9639,0.9612,0.9891,1,0.955,0.9546,0.956,0.9584,0.9615,0.965,0.9776,0.9774,0.978,0.9792,0.9808,0.9826,,H
106,Audrey W. Garrett Elementary,Alamance,115,,,0,0.9775,,,0.9688,0.9739,0.9737,0.978,0.9789,1,0.9562,0.9559,0.957,0.9592,0.9623,0.9657,0.9791,0.9789,0.9795,0.9806,0.9821,0.9838,,H
107,B. Everett Jordan Elementary,Alamance,60,,,0,0.9732,,,0.9496,1,0.9783,0.9667,0.9492,1,0.9308,0.9304,0.9323,0.9359,0.9406,0.9459,0.9656,0.9653,0.9663,0.9681,0.9705,0.9732,,H
108,Bible Wesleyan Chr. Sch.,Alamance,2,,,0,0.6898,,,0.8977,1,0,1,0.5,1,0.8434,0.8427,0.846,0.8533,0.8631,0.8744,0.9385,0.9379,0.9398,0.9428,0.947,0.9517,,L
109,Blessed Sacrament Catholic Sch.,Alamance,28,,,0,0.9905,,,0.9738,1,0.9743,1,1,1,0.9566,0.9563,0.9574,0.9596,0.9627,0.9661,0.9856,0.9855,0.9858,0.9866,0.9877,0.9888,,H
110,Bradford Academy,Alamance,31,,,0,0.8921,,,0.9231,0.8333,0.8966,0.7586,1,0.9333,0.8899,0.8893,0.892,0.8975,0.9048,0.9131,0.9484,0.9476,0.949,0.9517,0.9554,0.9594,,L
111,Burlington Christian Academy,Alamance,83,,,0,0.9514,,,0.9496,0.9259,0.961,0.9398,0.95,1,0.9336,0.933,0.9346,0.9381,0.9427,0.9479,0.9626,0.9623,0.9633,0.9653,0.968,0.971,,H
113,Clover Garden,Alamance,74,,,0,0.9784,,,0.9637,0.973,0.9853,0.9839,0.9689,1,0.9519,0.9514,0.9527,0.9553,0.9587,0.9624,0.9734,0.9732,0.974,0.9754,0.9773,0.9794,,H
114,E M Yoder Elementary,Alamance,63,,,0,0.979,,,0.9658,0.9818,0.9348,1,1,0.98,0.9556,0.9553,0.9566,0.959,0.9621,0.9656,0.9741,0.9738,0.9746,0.976,0.9778,0.9798,,H
115,Edwin M Holt Elementary,Alamance,82,,,0,0.9749,,,0.9583,0.9861,0.9178,1,1,0.9859,0.9452,0.9446,0.9461,0.949,0.9528,0.9571,0.9697,0.9694,0.9703,0.9719,0.974,0.9764,,H
116,Eastlawn Elementary,Alamance,92,,,0,0.9942,,,0.9873,1,1,1,1,0.9775,0.9785,0.9782,0.9788,0.98,0.9815,0.9832,0.9939,0.9938,0.994,0.9943,0.9947,0.9952,,H
117,Elon Elementary,Alamance,124,,,0,0.9831,,,0.9714,0.9913,0.9829,0.9905,0.9758,0.9892,0.9623,0.9621,0.9632,0.9653,0.9679,0.9709,0.9789,0.9787,0.9794,0.9805,0.982,0.9837,,H
119,Grace Christian Academy,Alamance,39,,,0,0.8775,,,0.9415,0.6296,0.8462,0.9737,0.92,1,0.9232,0.9228,0.9247,0.9287,0.934,0.9398,0.9568,0.9564,0.9575,0.9597,0.9628,0.9662,,L
120,Grove Park Elementary,Alamance,76,,,0,0.9444,,,0.9491,0.9605,0.9412,0.9538,0.913,0.9474,0.9346,0.9342,0.9359,0.9393,0.9438,0.9488,0.9618,0.9615,0.9624,0.9645,0.9672,0.9701,,M
121,Harvey R Newlin Elementary,Alamance,94,,,0,0.9599,,,0.9548,0.9851,0.9438,0.958,0.977,0.9468,0.9393,0.9389,0.9405,0.9437,0.9478,0.9525,0.9682,0.9678,0.9686,0.9703,0.9726,0.9751,,H
122,Haw River Elementary,Alamance,78,,,0,0.9575,,,0.9527,0.9615,0.9091,0.9692,0.9722,0.9857,0.9347,0.9343,0.9361,0.9394,0.9439,0.9489,0.9679,0.9675,0.9684,0.9702,0.9725,0.975,,H
123,Highland Elementary,Alamance,109,,,0,0.9592,,,0.9003,0.9712,0.9697,0.9604,0.9725,0.9875,0.8779,0.8771,0.88,0.886,0.8939,0.903,0.9205,0.9199,0.9219,0.926,0.9314,0.9375,,H
124,Hillcrest Elementary,Alamance,87,,,0,0.9521,,,0.9379,0.9157,0.9615,0.9655,0.9706,0.9643,0.9224,0.922,0.924,0.9278,0.9331,0.9389,0.9512,0.9509,0.9522,0.9547,0.9581,0.9619,,H
125,Marvin B Smith Elementary,Alamance,112,,,0,0.9688,,,0.9608,0.9802,0.9643,0.9868,0.9459,0.9747,0.9475,0.9471,0.9484,0.9513,0.9549,0.959,0.9721,0.9719,0.9727,0.9742,0.9761,0.9783,,H
126,North Graham Elementary,Alamance,66,,,0,0.983,,,0.9564,1,1,0.9815,0.9697,1,0.9428,0.942,0.9436,0.9467,0.9507,0.9552,0.968,0.9677,0.9687,0.9704,0.9727,0.9752,,H
127,Pleasant Grove Elementary,Alamance,52,,,0,0.9664,,,0.9635,1,0.9423,0.9149,0.9808,1,0.9556,0.9553,0.9564,0.9588,0.9619,0.9654,0.9703,0.9701,0.9709,0.9725,0.9746,0.977,,H
129,R Homer Andrews Elementary,Alamance,81,,,0,0.9838,,,0.9667,1,0.9744,0.9873,1,0.9726,0.9534,0.9529,0.9543,0.9567,0.9599,0.9635,0.9777,0.9775,0.9781,0.9793,0.9809,0.9827,,H
130,River Mill Academy,Alamance,70,,,0,0.9839,,,0.9634,0.9857,0.9853,0.9697,1,1,0.9524,0.9521,0.9533,0.9558,0.9592,0.9629,0.9729,0.9726,0.9733,0.9748,0.9767,0.9789,,H
131,South Graham Elementary,Alamance,112,,,0,0.9633,,,0.9567,0.9464,0.9583,0.9219,1,1,0.9417,0.9412,0.9428,0.9459,0.9499,0.9544,0.9693,0.9692,0.97,0.9717,0.9739,0.9763,,H
132,South Mebane Elementary,Alamance,90,,,0,0.9827,,,0.9697,0.9846,0.9663,0.9861,0.9889,1,0.9576,0.9572,0.9583,0.9605,0.9636,0.9669,0.9796,0.9794,0.98,0.9811,0.9826,0.9842,,H
133,Sylvan Elementary,Alamance,52,,,0,0.9684,,,0.9608,1,0.9231,0.9565,0.98,1,0.9525,0.9522,0.9534,0.9559,0.9593,0.963,0.9683,0.9679,0.9688,0.9704,0.9727,0.9752,,H
134,The Burlington School,Alamance,35,,,0,0.9683,,,0.9545,0.9615,1,0.9577,0.9429,1,0.9317,0.9311,0.9329,0.9363,0.9411,0.9463,0.9719,0.9717,0.9724,0.974,0.9759,0.9781,,H
135,The Hawbridge School,Alamance,35,,,0,0.9595,,,0.9566,1,0.9375,0.931,0.9667,,0.9467,0.9463,0.9477,0.9505,0.9542,,0.9651,0.9648,0.9657,0.9676,0.97,,,H
138,Bethlehem Elementary,Alexander,70,,,0,0.9763,,,0.9643,0.9344,0.9714,0.9844,1,1,0.9482,0.9476,0.9489,0.9515,0.9551,0.9591,0.9774,0.9772,0.9778,0.9791,0.9807,0.9825,,H
139,Ellendale Elementary,Alexander,42,,,0,0.9731,,,0.9649,1,0.9655,0.9286,1,1,0.9426,0.942,0.9437,0.9466,0.9506,0.955,0.9811,0.981,0.9815,0.9826,0.9839,0.9854,,H
140,Hiddenite Elementary,Alexander,61,,,0,0.9824,,,0.9686,0.9388,1,0.9783,1,1,0.9554,0.9553,0.9566,0.9589,0.962,0.9654,0.9788,0.9786,0.9793,0.9804,0.9819,0.9836,,H
141,Millersville Christian Academy,Alexander,29,,,0,0.9131,,,0.9179,1,1,0.931,0.7143,0.9353,0.8758,0.8748,0.8781,0.884,0.8922,0.9015,0.9507,0.9504,0.9517,0.9543,0.9578,0.9616,,M
142,Stony Point Elementary,Alexander,36,,,0,0.9767,,,0.9533,0.9667,0.9677,0.9714,1,1,0.9441,0.9437,0.9452,0.9481,0.952,0.9563,0.9609,0.9605,0.9616,0.9637,0.9664,0.9695,,H
143,Sugar Loaf Elementary,Alexander,37,,,0,0.9618,,,0.9483,0.9459,0.8889,1,1,1,0.9279,0.9275,0.9294,0.9332,0.938,0.9436,0.9641,0.9638,0.9648,0.9668,0.9693,0.9721,,H
144,Taylorsville Elementary,Alexander,42,,,0,0.9736,,,0.9488,0.9189,1,0.9714,1,1,0.9323,0.9318,0.9336,0.9371,0.9417,0.9468,0.963,0.9627,0.9637,0.9656,0.9682,0.971,,H
145,Wittenburg Elementary,Alexander,50,,,0,0.9532,,,0.9558,0.96,0.9556,0.9318,0.9412,0.9737,0.9393,0.939,0.9405,0.9436,0.9478,0.9524,0.9696,0.9693,0.9701,0.9717,0.9739,0.9763,,H
148,Glade Creek Elementary,Alleghany,30,,,0,0.9447,,,0.9497,0.9444,0.931,0.9333,0.931,1,0.9265,0.926,0.9279,0.9318,0.9369,0.9424,0.9677,0.9675,0.9684,0.97,0.9723,0.9749,,M
150,Sparta Elementary,Alleghany,62,,,0,0.9651,,,0.9513,1,0.9231,0.9547,0.9581,1,0.9376,0.9372,0.9388,0.9421,0.9464,0.9512,0.9622,0.9619,0.963,0.965,0.9676,0.9706,,H
151,Ansonville Elementary,Anson,29,,,0,0.9953,,,0.9557,1,1,1,1,1,0.9344,0.9338,0.9355,0.9388,0.9434,0.9484,0.9732,0.973,0.9737,0.9751,0.9771,0.9792,,H
154,Lilesville Elementary,Anson,47,,,0,0.9683,,,0.9587,0.9744,0.9118,0.9574,1,1,0.942,0.9418,0.9434,0.9465,0.9505,0.955,0.9724,0.972,0.9727,0.9743,0.9762,0.9784,,H
155,Morven Elementary,Anson,31,,,0,0.9618,,,0.9519,0.9677,1,0.875,0.9587,1,0.9307,0.9301,0.932,0.9354,0.9402,0.9455,0.9685,0.9681,0.9689,0.9705,0.9728,0.9753,,H
156,Peachland-Polkton Elem,Anson,93,,,0,0.9818,,,0.9674,0.9892,0.9733,0.9886,0.9865,0.9863,0.9562,0.956,0.957,0.9594,0.9625,0.9659,0.9763,0.9762,0.9768,0.9781,0.9798,0.9816,,H
157,Wadesboro Primary,Anson,77,,,0,0.9455,,,0.9534,0.9296,0.9508,0.96,0.974,0.8889,0.9365,0.9362,0.9378,0.941,0.9454,0.9503,0.9682,0.9679,0.9687,0.9705,0.9728,0.9753,,M
159,Mountain View Elementary,Ashe,76,,,0,0.9861,,,0.9761,0.9868,0.9661,1,1,0.9863,0.9642,0.964,0.9648,0.9668,0.9693,0.9721,0.9854,0.9853,0.9857,0.9865,0.9876,0.9887,,H
160,Westwood Elementary,Ashe,74,,,0,0.9735,,,0.9633,0.9841,0.9273,0.971,0.9846,1,0.9498,0.9494,0.9508,0.9534,0.957,0.9609,0.9747,0.9745,0.9751,0.9765,0.9783,0.9803,,H
161,Banner Elk Elementary,Avery,31,,,0,0.9797,,,0.9541,1,0.9615,1,0.9677,1,0.9479,0.9476,0.949,0.9518,0.9554,0.9594,0.9597,0.9594,0.9604,0.9626,0.9654,0.9686,,H
162,Bethel Christian Academy,Avery,10,,,0,0.8124,,,0.8822,0.5,0.8842,0.8899,0.8976,0.9063,0.7993,0.7979,0.8024,0.8112,0.8232,0.8371,0.942,0.9413,0.9429,0.9459,0.95,0.9545,,L
163,Crossnore Elementary,Avery,41,,,0,0.9821,,,0.9539,1,1,0.9688,0.9756,1,0.9323,0.932,0.9338,0.9373,0.9419,0.9472,0.9705,0.9701,0.9707,0.9723,0.9745,0.9769,,H
164,Freedom Trail Elementary,Avery,35,,,0,0.9378,,,0.9442,0.9259,0.9062,0.9143,0.9677,1,0.9257,0.925,0.9269,0.9307,0.9358,0.9414,0.9596,0.9592,0.9603,0.9625,0.9653,0.9684,,M
166,Marjorie Williams Academy,Avery,13,,,0,0.9889,,,0.9408,1,1,1,1,1,0.9182,0.9177,0.9197,0.9239,0.9295,0.9357,0.9585,0.9582,0.9593,0.9614,0.9644,0.9677,,H
167,Newland Elementary,Avery,41,,,0,0.9843,,,0.9638,0.9744,1,1,0.9756,1,0.9537,0.9534,0.9546,0.957,0.9603,0.9639,0.9721,0.9718,0.9726,0.9742,0.9762,0.9784,,H
168,Riverside Elementary,Avery,16,,,0,0.9828,,,0.9655,1,1,1,0.9375,1,0.9428,0.9423,0.9438,0.9468,0.9508,0.9552,0.9818,0.9816,0.9821,0.9831,0.9844,0.9859,,H
169,Unity Christian Academy,Beaufort,22,,,0,0.9607,,,0.9614,0.9091,1,0.9,1,1,0.9482,0.9478,0.9493,0.9519,0.9555,0.9596,0.9724,0.9721,0.9728,0.9743,0.9763,0.9785,,H
170,Bath Elementary,Beaufort,63,,,0,0.9658,,,0.9545,0.9535,0.9167,0.9841,0.9783,1,0.9414,0.9408,0.9424,0.9454,0.9494,0.9539,0.9655,0.9652,0.9661,0.968,0.9704,0.9731,,H
171,Chocowinity Primary,Beaufort,95,,,0,0.9746,,,0.9715,0.961,1,0.9355,0.9789,1,0.9592,0.9588,0.9599,0.962,0.9649,0.9682,0.9815,0.9814,0.9819,0.9829,0.9842,0.9857,,H
172,Eastern Elementary,Beaufort,222,,,0,0.9628,,,0.9523,0.9691,0.9865,0.9626,0.9848,0.9179,0.9416,0.9413,0.9428,0.9459,0.95,0.9545,0.9618,0.9613,0.9621,0.9642,0.9669,0.97,,H
174,Northeast Elementary,Beaufort,45,,,0,0.9163,,,0.9143,0.9667,0.9231,0.8,0.9111,0.9722,0.8809,0.8801,0.883,0.889,0.8968,0.9056,0.9424,0.9416,0.9431,0.9461,0.9502,0.9547,,M
175,Pungo Christian Academy,Beaufort,20,,,0,0.9552,,,0.9591,0.9375,0.9375,0.9,1,1,0.9362,0.9356,0.9372,0.9405,0.9448,0.9498,0.9763,0.9762,0.9768,0.9781,0.9797,0.9816,,H
176,S W Snowden Elementary,Beaufort,21,,,0,0.9207,,,0.9627,1,0.625,0.9524,1,1,0.9496,0.9493,0.9507,0.9533,0.9568,0.9607,0.9729,0.9727,0.9734,0.9749,0.9768,0.9789,,M
177,Terra Ceia Christian School,Beaufort,15,,,0,0.9526,,,0.9537,1,0.9167,0.7778,1,1,0.9238,0.9233,0.9253,0.9291,0.9343,0.9401,0.9751,0.975,0.9756,0.9771,0.9788,0.9807,,H
178,Washington Montessori Public Charter School,Beaufort,47,,,0,0.9487,,,0.9425,0.913,0.9436,0.9375,0.9506,1,0.9241,0.9237,0.9256,0.9295,0.9346,0.9405,0.9569,0.9564,0.9576,0.96,0.963,0.9664,,M
180,Bethel Assembly Christian Academy,Bertie,20,,,0,0.9739,,,0.9539,1,1,0.9572,0.9604,0.964,0.9359,0.9354,0.937,0.9405,0.9448,0.9497,0.9687,0.9684,0.9693,0.9711,0.9733,0.9758,,H
183,Lawrence Academy,Bertie,23,,,0,0.955,,,0.935,1,0.913,0.8889,1,1,0.9104,0.9097,0.912,0.9166,0.9225,0.9293,0.9549,0.9544,0.9555,0.9579,0.9611,0.9646,,H
188,Bladen Lakes Primary,Bladen,32,,,0,0.9676,,,0.9646,0.9643,0.9688,0.92,1,1,0.949,0.9485,0.9498,0.9524,0.956,0.96,0.9771,0.9769,0.9776,0.9788,0.9805,0.9823,,H
189,Bladenboro Primary,Bladen,84,,,0,0.9658,,,0.9342,0.9865,0.9524,0.971,0.9848,0.9706,0.9136,0.913,0.9151,0.9195,0.9254,0.932,0.9529,0.9528,0.954,0.9563,0.9596,0.9632,,H
192,Dublin Primary,Bladen,52,,,0,0.9814,,,0.9575,0.9783,0.9615,1,1,1,0.9463,0.9459,0.9473,0.9502,0.9539,0.9581,0.9666,0.9663,0.9672,0.969,0.9714,0.974,,H
193,East Arcadia Elementary,Bladen,14,,,0,0.9256,,,0.9612,0.8,1,1,1,0.8571,0.9426,0.9422,0.9437,0.9467,0.9507,0.9552,0.9747,0.9745,0.9752,0.9766,0.9784,0.9804,,M
194,Elizabethtown Christian Academy,Bladen,34,,,0,0.9735,,,0.9612,0.95,1,0.964,0.9667,0.9698,0.9559,0.9557,0.9569,0.9592,0.9623,0.9657,0.966,0.9657,0.9665,0.9683,0.9707,0.9734,,H
195,Elizabethtown Primary,Bladen,102,,,0,0.9621,,,0.9607,0.9765,0.9545,0.9216,0.99,0.9737,0.947,0.9465,0.948,0.9508,0.9545,0.9586,0.9729,0.9726,0.9733,0.9748,0.9768,0.9789,,H
196,Emereau: Bladen,Bladen,58,,,0,0.9734,,,0.9701,0.9655,0.9796,0.9184,1,1,0.9519,0.9514,0.9528,0.9553,0.9587,0.9624,0.9836,0.9834,0.9838,0.9848,0.9859,0.9873,,H
197,Homestead Christian School,Bladen,3,,,0,0.7917,,,0.9587,1,0.6667,,,,0.9269,0.9265,0.9286,,,,0.9805,0.9803,0.9808,,,,,L
200,Academy of Coastal Carolina,Brunswick,17,,,0,0.874,,,0.8957,0.8571,0.6667,0.8667,0.9091,1,0.8286,0.8278,0.8318,0.8398,0.8509,0.8631,0.9463,0.9456,0.9469,0.9497,0.9535,0.9577,,L
201,Belville Elementary,Brunswick,157,,,0,0.9648,,,0.959,0.9809,0.9316,0.9672,0.958,0.9907,0.946,0.9454,0.9468,0.9497,0.9534,0.9576,0.9705,0.9703,0.971,0.9726,0.9747,0.977,,H
202,Bolivia Elementary,Brunswick,86,,,0,0.9531,,,0.9479,0.9186,0.96,0.971,0.9487,0.9844,0.9275,0.9271,0.9291,0.9329,0.9377,0.9433,0.9654,0.9651,0.9659,0.9679,0.9702,0.9729,,H
203,Classical Charter Schools of Leland,Brunswick,129,,,0,0.9608,,,0.9604,0.9459,0.9316,0.9496,0.973,1,0.9459,0.9456,0.9469,0.9497,0.9535,0.9577,0.9727,0.9724,0.9732,0.9746,0.9766,0.9788,,H
204,Classical Charter Schools of Southport,Brunswick,99,,,0,0.9792,,,0.977,1,0.9868,0.9583,0.9583,1,0.9629,0.9627,0.9637,0.9656,0.9682,0.9711,0.9877,0.9875,0.9879,0.9885,0.9894,0.9904,,H
205,Jessie Mae Monroe Elementary,Brunswick,61,,,0,0.9675,,,0.9619,0.95,0.9796,0.9672,0.9673,0.9821,0.9403,0.9398,0.9413,0.9446,0.9487,0.9533,0.9789,0.9787,0.9793,0.9804,0.982,0.9836,,H
208,Lincoln Elementary,Brunswick,125,,,0,0.9732,,,0.9629,0.952,0.9919,0.9636,0.9789,0.9914,0.9482,0.948,0.9494,0.9521,0.9556,0.9596,0.9754,0.9752,0.9758,0.9771,0.9788,0.9808,,H
209,Southeastern Christian Academy,Brunswick,40,,,0,0.8787,,,0.8912,0.8649,0.95,0.7879,0.8387,0.95,0.8462,0.8452,0.8487,0.8559,0.8657,0.8768,0.9292,0.9286,0.9304,0.9341,0.9389,0.9443,,L
210,Southport Christian School,Brunswick,24,,,0,0.6182,,,0.6293,0.3,0.75,0.647,0.6652,0.5,0.5135,0.5111,0.518,0.5326,0.5532,0.5776,0.7385,0.7371,0.742,0.7527,0.7674,0.7847,,L
211,Southport Elementary,Brunswick,73,,,0,0.9453,,,0.9477,0.873,0.9452,0.9688,0.9388,1,0.9253,0.9248,0.9268,0.9307,0.9357,0.9414,0.9656,0.9652,0.9661,0.9681,0.9704,0.9732,,M
212,Supply Elementary,Brunswick,98,,,0,0.9781,,,0.9748,0.9694,0.9886,0.9592,1,0.9839,0.9596,0.9593,0.9604,0.9625,0.9653,0.9685,0.9861,0.9859,0.9862,0.987,0.988,0.9891,,H
213,Town Creek Elementary,Brunswick,135,,,0,0.9572,,,0.9575,0.9655,0.944,0.9322,0.963,0.9889,0.9419,0.9415,0.9429,0.9459,0.9499,0.9545,0.9703,0.9701,0.971,0.9726,0.9747,0.977,,H
214,Union Elementary,Brunswick,114,,,0,0.8915,,,0.9097,0.9825,0.9684,0.9732,0.9219,0.5435,0.8867,0.8859,0.8888,0.8942,0.9018,0.9102,0.9309,0.9303,0.932,0.9355,0.9402,0.9456,,L
215,Virginia Williamson Elem,Brunswick,96,,,0,0.9641,,,0.9607,0.956,0.9583,0.9531,0.9615,1,0.9431,0.9426,0.9442,0.9472,0.9512,0.9556,0.9756,0.9754,0.9759,0.9772,0.979,0.981,,H
216,Waccamaw,Brunswick,51,,,0,0.9572,,,0.9565,0.9744,0.9804,0.9706,0.8667,1,0.9312,0.9304,0.9324,0.9359,0.9405,0.9458,0.9765,0.9763,0.9769,0.9782,0.9799,0.9817,,H
217,West Christian Academy,Brunswick,5,,,0,0.9765,,,0.9258,1,1,1,0.9357,0.9412,0.7932,0.7917,0.7959,0.8048,0.8173,0.8315,0.9878,0.9877,0.9881,0.9887,0.9896,0.9906,,H
219,Asheville-Pisgah Christian Sch.,Buncombe,19,,,0,0.4271,,,0.464,0.4375,0.5263,0.3125,0.25,0.5,0.3739,0.3718,0.3785,0.3929,0.4128,0.4372,0.5542,0.5525,0.5598,0.5747,0.5945,0.6183,,L
220,ArtSpace Charter School,Buncombe,36,,,0,0.7847,,,0.76,0.6667,0.8824,0.8889,0.8571,0.6571,0.7034,0.701,0.707,0.7189,0.7351,0.7536,0.8124,0.811,0.8158,0.8246,0.8362,0.8493,,L
222,Asheville Christian Academy,Buncombe,54,,,0,0.826,,,0.8315,0.6047,0.8537,0.8889,0.8261,0.9697,0.7874,0.786,0.7907,0.8001,0.8127,0.8272,0.8725,0.8715,0.8745,0.8806,0.8889,0.8984,,L
223,Asheville Montessori School,Buncombe,14,,,0,0.8297,,,0.8132,0.8333,0.8182,0.8244,0.8357,0.8486,0.6782,0.6766,0.6827,0.6949,0.7119,0.7316,0.9166,0.916,0.9178,0.9222,0.9279,0.9341,,L
224,Asheville PEAK Academy,Buncombe,38,,,0,0.862,,,0.8616,0.8696,0.7895,0.9615,,,0.7843,0.7828,0.7876,0.7972,,,0.9248,0.9242,0.9263,0.9301,,,,L
226,Asheville Waldorf School,Buncombe,18,,,0,0.5204,,,0.5589,0.5,0.5,,,,0.4011,0.3985,0.4058,,,,0.7106,0.7089,0.7141,,,,,L
227,Avery's Creek Elementary,Buncombe,124,,,0,0.9611,,,0.9599,0.9712,0.9495,0.9604,0.9656,0.9597,0.943,0.9424,0.9437,0.9466,0.9506,0.9551,0.9737,0.9734,0.9741,0.9756,0.9774,0.9795,,H
229,Barnardsville Elementary,Buncombe,29,,,0,0.9444,,,0.9255,0.9583,0.9524,0.9412,0.88,1,0.8842,0.8832,0.8857,0.8914,0.8991,0.9078,0.9591,0.9587,0.9598,0.962,0.9649,0.9681,,M
230,Bell Elementary,Buncombe,39,,,0,0.9481,,,0.9407,0.9474,0.9744,0.9062,0.9211,1,0.9101,0.9096,0.912,0.9166,0.9227,0.9294,0.9655,0.9653,0.9662,0.9681,0.9705,0.9732,,M
231,Black Mountain Montesorri,Buncombe,9,,,0,0.9123,,,0.8773,1,1,0.875,0.8333,0.8889,0.774,0.7712,0.776,0.7862,0.8,0.8154,0.949,0.9487,0.95,0.9527,0.9563,0.9603,,M
232,Black Mountain Primary,Buncombe,97,,,0,0.949,,,0.9202,0.9342,0.9359,0.9444,0.9794,0.9726,0.8973,0.8967,0.8994,0.9046,0.9114,0.919,0.9407,0.9403,0.9418,0.945,0.9491,0.9537,,M
233,Buncombe County Schools Virtual Academy,Buncombe,10,,,0,0.7319,,,0.7575,1,0.5,0.25,0.9,,0.5855,0.5829,0.5893,0.603,0.6218,,0.895,0.8936,0.8961,0.9013,0.9083,,,L
234,Canterbury Classical School,Buncombe,15,,,0,0.7006,,,0.7238,0.7692,0.7276,0.6667,0.754,0.5714,0.6059,0.6046,0.6106,0.624,0.6431,0.6655,0.8286,0.828,0.8321,0.8401,0.8509,0.863,,L
235,Candler Elementary,Buncombe,92,,,0,0.9376,,,0.9478,0.8913,0.8939,0.9659,0.9286,1,0.9286,0.9281,0.9297,0.9335,0.9383,0.9439,0.964,0.9638,0.9648,0.9667,0.9692,0.972,,M
236,Carolina Day School,Buncombe,36,,,0,0.9533,,,0.9386,1,0.9118,0.9697,1,0.88,0.9033,0.9026,0.9051,0.91,0.9165,0.9237,0.9666,0.9662,0.967,0.9689,0.9713,0.9739,,H
238,Claxton Elementary,Buncombe,70,,,0,0.9541,,,0.9439,0.9275,0.9714,0.9811,0.9517,0.9545,0.9171,0.9164,0.9185,0.9227,0.9284,0.9346,0.9655,0.9653,0.9662,0.9681,0.9705,0.9732,,H
240,Emma Elementary,Buncombe,63,,,0,0.9717,,,0.9589,0.9796,0.9615,0.9583,0.9647,1,0.9352,0.9348,0.9365,0.9397,0.9442,0.9492,0.9771,0.9769,0.9777,0.9789,0.9805,0.9823,,H
241,Emmanuel Lutheran School,Buncombe,20,,,0,0.9933,,,0.9841,1,1,1,0.9864,0.9876,0.9577,0.957,0.9581,0.9603,0.9634,0.9668,0.9966,0.9966,0.9967,0.9969,0.9971,0.9974,,H
242,Estes Elementary,Buncombe,154,,,0,0.928,,,0.922,0.8394,0.9481,0.9323,0.9855,0.9397,0.9039,0.9032,0.9056,0.9104,0.9168,0.9241,0.939,0.9385,0.9403,0.9435,0.9477,0.9524,,M
243,Evergreen Community Charter,Buncombe,44,,,0,0.8657,,,0.8081,0.7955,0.9091,0.9545,0.7273,1,0.7593,0.7574,0.7627,0.7728,0.7869,0.803,0.8534,0.8525,0.8563,0.8632,0.8725,0.8832,,L
244,Fairview Elementary,Buncombe,103,,,0,0.9535,,,0.9318,0.9223,0.9383,0.9529,0.9778,1,0.9116,0.911,0.9135,0.9181,0.924,0.9306,0.9495,0.9493,0.9506,0.9532,0.9568,0.9607,,H
245,Francine Delany New School,Buncombe,21,,,0,0.8639,,,0.8849,0.9,0.8095,,,,0.7874,0.7856,0.7904,,,,0.9546,0.9543,0.9554,,,,,L
247,Glen Arden Elementary,Buncombe,108,,,0,0.9528,,,0.9471,0.9714,0.9873,0.9519,0.8981,0.9759,0.9279,0.9275,0.9295,0.9332,0.9381,0.9436,0.9627,0.9624,0.9634,0.9653,0.9679,0.9709,,H
248,Hall Fletcher Elementary,Buncombe,54,,,0,0.9809,,,0.9506,0.9815,1,0.98,0.9808,1,0.9239,0.9235,0.9254,0.9291,0.9343,0.9401,0.9721,0.9718,0.9726,0.974,0.976,0.9782,,H
249,Haw Creek Elementary,Buncombe,67,,,0,0.9355,,,0.9334,0.9667,0.8793,0.9403,0.9254,0.9667,0.9095,0.9088,0.9111,0.9156,0.9218,0.9286,0.9543,0.9538,0.955,0.9574,0.9606,0.9641,,M
251,Hominy Valley Elementary,Buncombe,95,,,0,0.9599,,,0.9646,0.962,0.9565,0.9259,0.9556,0.9895,0.947,0.9467,0.9482,0.9508,0.9545,0.9586,0.9781,0.9778,0.9785,0.9797,0.9812,0.983,,H
252,IC Imagine,Buncombe,106,,,0,0.9514,,,0.9467,0.9151,0.9515,0.9528,0.9619,0.981,0.9297,0.9292,0.931,0.9346,0.9394,0.9449,0.9622,0.9619,0.9628,0.9648,0.9674,0.9705,,H
253,Ira B Jones Elementary,Buncombe,67,,,0,0.9367,,,0.9402,0.92,0.9412,0.9592,0.9403,0.9184,0.9097,0.9089,0.9114,0.916,0.922,0.9288,0.9646,0.9642,0.9652,0.967,0.9695,0.9723,,M
254,Isaac Dickson Elementary,Buncombe,68,,,0,0.9099,,,0.9191,0.9265,0.9455,0.98,0.9538,0.7576,0.8907,0.8898,0.8924,0.898,0.9053,0.9134,0.9438,0.9433,0.9447,0.9477,0.9516,0.956,,M
255,Johnston Elementary,Buncombe,44,,,0,0.9563,,,0.9505,0.9474,0.9643,0.9545,1,0.9211,0.9242,0.9236,0.9256,0.9294,0.9345,0.9402,0.9718,0.9716,0.9723,0.9739,0.9759,0.9781,,H
256,Learning Community Sch,Buncombe,13,,,0,0.9162,,,0.9366,0.8571,1,0.9231,0.8333,0.875,0.8678,0.8668,0.8699,0.876,0.8848,0.8945,0.9799,0.9796,0.9802,0.9813,0.9828,0.9844,,M
257,Leicester Elementary,Buncombe,96,,,0,0.9157,,,0.9297,0.9506,0.9271,0.9346,0.9529,0.7976,0.9061,0.9054,0.9077,0.9125,0.9188,0.9259,0.951,0.9505,0.9517,0.9544,0.9578,0.9616,,M
258,Lucy S. Herring Elementary,Buncombe,51,,,0,0.9465,,,0.9388,0.9655,0.95,0.9804,0.9556,0.8889,0.9093,0.9089,0.9115,0.9161,0.9221,0.929,0.9625,0.9621,0.9632,0.9652,0.9679,0.9708,,M
259,Mountain City Public Montessori,Buncombe,21,,,0,0.7557,,,0.7911,0.9048,0.5714,,,,0.6645,0.6633,0.6699,,,,0.8893,0.8881,0.8909,,,,,L
261,New Classical Academy,Buncombe,9,,,0,0.8741,,,0.8537,1,0.8333,0.8889,0.7778,0.8889,0.7611,0.7596,0.7646,0.7752,0.7892,0.8054,0.9264,0.926,0.9278,0.9317,0.9369,0.9425,,L
262,North Buncombe Elementary,Buncombe,129,,,0,0.963,,,0.9416,0.9746,0.9217,0.9836,0.9767,0.9794,0.9234,0.9229,0.9249,0.9288,0.9339,0.9398,0.9573,0.9569,0.9581,0.9604,0.9634,0.9668,,H
263,Oakley Elementary,Buncombe,102,,,0,0.9554,,,0.9554,0.9804,0.9452,0.9429,0.9518,0.9474,0.9365,0.9362,0.9376,0.941,0.9453,0.9502,0.9712,0.971,0.9717,0.9733,0.9754,0.9776,,H
264,Odyssey Community School,Buncombe,17,,,0,0.6889,,,0.6991,0.7778,0.7059,0.6923,0.5714,0.7273,0.5986,0.5973,0.6042,0.6178,0.6373,0.66,0.7896,0.7885,0.7933,0.8029,0.8154,0.8298,,L
265,Pisgah Elementary,Buncombe,42,,,0,0.9608,,,0.9619,0.9062,0.9355,1,1,0.963,0.9341,0.9336,0.9355,0.9388,0.9433,0.9483,0.9821,0.9819,0.9823,0.9834,0.9846,0.9861,,H
266,Rainbow Community School,Buncombe,20,,,0,0.8197,,,0.7644,0.8235,0.85,0.7778,0.8889,0.8074,0.679,0.6772,0.6831,0.696,0.7132,0.7332,0.8386,0.8376,0.8415,0.8493,0.8594,0.871,,L
267,Reynolds Mountain Christ. Acad.,Buncombe,26,,,0,0.8734,,,0.8813,0.72,0.9231,0.9444,0.7895,1,0.8209,0.8191,0.8228,0.8312,0.8428,0.8555,0.9307,0.9302,0.9319,0.9356,0.9404,0.9457,,L
268,Sand Hill-Venable Elem,Buncombe,118,,,0,0.92,,,0.9309,0.8983,0.8696,0.9057,0.9612,0.9556,0.9106,0.9099,0.9122,0.9167,0.9227,0.9294,0.9483,0.948,0.9493,0.9521,0.9557,0.9597,,M
269,Temple Baptist School,Buncombe,30,,,0,0.5193,,,0.5525,0.25,0.2353,0.5556,0.6333,0.8,0.4723,0.4707,0.4776,0.492,0.5123,0.537,0.6332,0.6306,0.6372,0.6507,0.6691,0.6907,,L
270,Trinity of Fairview Academy,Buncombe,21,,,0,0.7463,,,0.7761,0.7,0.7619,,,,0.6466,0.645,0.6522,,,,0.8784,0.8776,0.8805,,,,,L
271,Williams Elementary,Buncombe,88,,,0,0.9566,,,0.9487,0.9828,0.9474,0.9565,0.9432,0.9692,0.9292,0.9286,0.9304,0.9339,0.9389,0.9443,0.9658,0.9657,0.9667,0.9685,0.9709,0.9735,,H
272,Weaverville Primary,Buncombe,111,,,0,0.9315,,,0.9176,0.9545,0.9369,0.9388,0.9455,0.8889,0.8962,0.8954,0.8983,0.9036,0.9106,0.9183,0.9363,0.9359,0.9373,0.9406,0.9451,0.95,,M
273,West Buncombe Elementary,Buncombe,121,,,0,0.8887,,,0.8839,0.8053,0.8909,0.8889,0.9091,0.9604,0.8588,0.8583,0.8615,0.8681,0.8773,0.8877,0.9069,0.9062,0.9084,0.9131,0.9193,0.9263,,L
274,Woodfin Elementary,Buncombe,22,,,0,0.9339,,,0.9223,0.9231,0.9333,0.8636,1,0.9524,0.8742,0.8737,0.8771,0.883,0.8912,0.9003,0.9592,0.9589,0.9599,0.9621,0.9649,0.9681,,M
277,Christ Classical Academy,Burke,37,,,0,0.8307,,,0.8385,0.8,0.7568,0.8378,0.8696,1,0.7755,0.7742,0.7795,0.7888,0.8022,0.8175,0.8941,0.8933,0.8957,0.9011,0.9082,0.916,,L
278,Drexel Elementary,Burke,78,,,0,0.9719,,,0.9717,0.9615,0.9848,0.9863,0.9714,0.9571,0.9552,0.9549,0.956,0.9583,0.9614,0.965,0.9845,0.9844,0.9848,0.9856,0.9867,0.9879,,H
279,Forest Hill Elementary,Burke,50,,,0,0.9365,,,0.9509,0.96,1,1,0.975,0.7556,0.9253,0.9246,0.9265,0.9304,0.9354,0.9411,0.9715,0.9714,0.9721,0.9737,0.9757,0.9779,,M
280,George Hildebrand Elementary,Burke,61,,,0,0.9589,,,0.9603,0.973,0.9508,0.9333,0.9583,0.9804,0.9387,0.9382,0.9397,0.9429,0.9471,0.9518,0.9779,0.9776,0.9782,0.9794,0.981,0.9827,,H
281,Glen Alpine Elementary,Burke,56,,,0,0.9819,,,0.978,1,0.98,1,0.9464,1,0.9613,0.9609,0.962,0.964,0.9668,0.9698,0.9906,0.9905,0.9908,0.9913,0.992,0.9927,,H
282,Hildebran Elementary,Burke,49,,,0,0.9811,,,0.9817,0.975,0.9355,0.9796,1,1,0.9664,0.9661,0.967,0.9687,0.9711,0.9737,0.9924,0.9924,0.9926,0.993,0.9935,0.9942,,H
283,Hillcrest Elementary,Burke,46,,,0,0.9789,,,0.979,1,0.9737,0.9545,0.9655,1,0.9612,0.9609,0.9619,0.964,0.9667,0.9697,0.9912,0.9911,0.9913,0.9918,0.9925,0.9932,,H
284,Icard Elementary,Burke,44,,,0,0.9848,,,0.9809,0.9767,0.975,0.9773,1,1,0.9641,0.964,0.9649,0.9668,0.9693,0.9721,0.9925,0.9925,0.9926,0.993,0.9936,0.9942,,H
286,Mountain View Elementary,Burke,129,,,0,0.9077,,,0.8993,0.9593,0.95,0.814,0.9649,0.8636,0.8765,0.8752,0.8784,0.8845,0.8926,0.9016,0.9204,0.9196,0.9216,0.9256,0.9311,0.9372,,M
287,Mull Elementary,Burke,43,,,0,0.9778,,,0.9747,1,0.9714,0.975,1,0.931,0.9537,0.9533,0.9545,0.9569,0.9602,0.9638,0.989,0.9889,0.9892,0.9898,0.9906,0.9914,,H
289,New Dimensions,Burke,67,,,0,0.9729,,,0.9752,0.9692,0.9839,0.9851,0.9787,0.9362,0.9571,0.9569,0.958,0.9603,0.9633,0.9666,0.9883,0.9882,0.9884,0.9891,0.99,0.9909,,H
290,North Liberty,Burke,7,,,0,0.9861,,,0.9472,1,1,1,1,0.9586,0.873,0.8724,0.8754,0.8815,0.8898,0.899,0.987,0.9869,0.9872,0.988,0.9889,0.9899,,H
291,Oak Hill Elementary,Burke,57,,,0,0.9681,,,0.971,0.9762,1,0.925,0.9434,0.9825,0.9521,0.9517,0.9531,0.9556,0.9589,0.9627,0.985,0.9849,0.9852,0.986,0.9872,0.9883,,H
292,Ray Childers Elementary,Burke,68,,,0,0.9895,,,0.984,0.9853,0.9851,1,0.9839,1,0.9716,0.9714,0.9722,0.9737,0.9757,0.978,0.9928,0.9927,0.9929,0.9933,0.9938,0.9944,,H
294,Reflections of Christ Christian Acad,Burke,3,,,0,0.8404,,,0.8827,0,1,1,0.8974,1,0.6834,0.6807,0.686,0.6979,0.7151,0.7353,0.9793,0.9792,0.9798,0.9809,0.9824,0.984,,L
296,Salem Elementary,Burke,76,,,0,0.9445,,,0.9482,0.9605,0.9683,0.971,1,0.7736,0.9273,0.9268,0.9285,0.9322,0.9372,0.9427,0.9649,0.9646,0.9656,0.9675,0.97,0.9727,,M
298,Silver Creek SDA School,Burke,8,,,0,0.8072,,,0.842,0.5,1,0.8518,0.625,1,0.6904,0.689,0.6968,0.7092,0.7253,0.7445,0.9462,0.9458,0.9473,0.95,0.9537,0.9579,,L
300,Valdese Elementary,Burke,87,,,0,0.9769,,,0.9772,0.9885,0.9861,0.9444,0.9872,0.975,0.963,0.9629,0.9639,0.9659,0.9685,0.9714,0.9875,0.9874,0.9878,0.9885,0.9894,0.9903,,H
301,W A Young Elementary,Burke,52,,,0,0.9819,,,0.9745,0.9592,0.9783,1,0.9781,1,0.9544,0.9539,0.9551,0.9576,0.9608,0.9643,0.9881,0.988,0.9883,0.989,0.9898,0.9908,,H
302,A T Allen Elementary,Cabarrus,118,,,0,0.9563,,,0.9541,0.9369,0.9333,0.9746,0.9789,0.9583,0.9383,0.938,0.9397,0.9428,0.9471,0.9518,0.9678,0.9675,0.9684,0.9702,0.9724,0.975,,H
303,A.C.E. Academy,Cabarrus,51,,,0,0.9621,,,0.9253,0.9388,1,0.9783,0.9355,1,0.8938,0.8929,0.8956,0.901,0.9081,0.9161,0.951,0.9504,0.9518,0.9544,0.958,0.9617,,H
304,Bethel Elementary,Cabarrus,104,,,0,0.9481,,,0.952,0.9896,0.957,0.9327,0.871,1,0.9349,0.9345,0.9363,0.9395,0.944,0.949,0.9664,0.9662,0.9671,0.969,0.9714,0.974,,M
306,C3 Concord Christian School,Cabarrus,12,,,0,0.9596,,,0.9579,1,0.9586,1,0.8,1,0.8939,0.8932,0.8956,0.9004,0.9073,0.9152,0.9905,0.9904,0.9906,0.9912,0.9919,0.9926,,H
309,Cannon School,Cabarrus,53,,,0,0.9756,,,0.9746,0.9608,0.96,0.9811,0.9792,1,0.9571,0.9567,0.9579,0.9602,0.9632,0.9666,0.9881,0.988,0.9883,0.9889,0.9898,0.9908,,H
310,Carl A Furr Elementary,Cabarrus,131,,,0,0.9643,,,0.9478,0.9714,0.9839,0.9313,0.9688,0.9835,0.932,0.9315,0.9332,0.9367,0.9413,0.9466,0.962,0.9617,0.9627,0.9647,0.9674,0.9703,,H
312,Concord Academy,Cabarrus,69,,,0,0.8678,,,0.8564,0.7681,0.806,0.9,0.9074,1,0.8216,0.8207,0.8247,0.8329,0.844,0.8566,0.8889,0.8881,0.8908,0.8962,0.9036,0.9119,,L
313,Charles E Boger Elementary,Cabarrus,152,,,0,0.9608,,,0.9624,0.9733,0.9671,0.931,0.944,1,0.949,0.9487,0.9501,0.9527,0.9562,0.9602,0.9736,0.9734,0.9742,0.9756,0.9775,0.9795,,H
315,Coltrane-Webb Elementary,Cabarrus,60,,,0,0.9447,,,0.9541,0.9,0.8542,0.9833,0.9655,1,0.9325,0.932,0.9338,0.9373,0.9417,0.947,0.9714,0.9711,0.9719,0.9735,0.9756,0.9778,,M
316,Concord Lake STEAM Academy,Cabarrus,156,,,0,0.8396,,,0.8467,0.9167,0.4505,0.9252,0.9316,1,0.8184,0.8175,0.8217,0.83,0.8412,0.8541,0.8728,0.8718,0.8751,0.8815,0.8897,0.8992,,L
317,Cox Mill Elementary,Cabarrus,194,,,0,0.9751,,,0.9735,0.98,0.9794,0.9667,1,0.93,0.9633,0.963,0.964,0.9659,0.9685,0.9714,0.9821,0.982,0.9825,0.9835,0.9848,0.9862,,H
320,Forest Park Elementary,Cabarrus,81,,,0,0.922,,,0.9288,0.8816,0.9136,0.8356,0.9855,1,0.9052,0.9045,0.9072,0.9122,0.9184,0.9255,0.9493,0.9489,0.9502,0.9529,0.9564,0.9603,,M
322,Fred L Wilson Elementary,Cabarrus,83,,,0,0.9799,,,0.9732,1,0.9595,0.9861,0.9639,1,0.9586,0.9583,0.9594,0.9616,0.9645,0.9677,0.9851,0.985,0.9854,0.9862,0.9873,0.9884,,H
323,GW Carver Elementary,Cabarrus,97,,,0,0.9598,,,0.9621,0.9737,0.9737,0.9054,0.9474,0.9897,0.9447,0.9441,0.9454,0.9483,0.9522,0.9565,0.976,0.9758,0.9766,0.9778,0.9795,0.9814,,H
325,Hope Academy,Cabarrus,21,,,0,0.7115,,,0.7344,0.55,0.6842,0.7143,0.8889,0.7143,0.6607,0.6588,0.6653,0.6782,0.6955,0.7161,0.8032,0.8014,0.8053,0.8143,0.8262,0.8399,,L
326,Harrisburg Elementary,Cabarrus,126,,,0,0.9716,,,0.9743,0.957,0.9603,0.9661,0.9906,0.987,0.962,0.9617,0.9626,0.9646,0.9673,0.9702,0.9841,0.9839,0.9844,0.9852,0.9864,0.9876,,H
327,Hickory Ridge Elementary,Cabarrus,171,,,0,0.9704,,,0.9674,0.9478,0.9532,0.9868,0.9873,0.975,0.953,0.9526,0.9539,0.9564,0.9597,0.9633,0.979,0.9788,0.9794,0.9806,0.982,0.9837,,H
328,Jackson Park Elementary,Cabarrus,93,,,0,0.9647,,,0.9658,0.957,1,0.973,0.913,1,0.9487,0.9482,0.9495,0.9522,0.9556,0.9596,0.9793,0.9791,0.9797,0.9808,0.9823,0.9839,,H
329,Mount Pleasant Elementary,Cabarrus,116,,,0,0.9462,,,0.9522,0.9101,0.931,0.9352,0.9636,1,0.9357,0.935,0.9366,0.94,0.9444,0.9494,0.9666,0.9664,0.9672,0.969,0.9713,0.9739,,M
330,New Life Christian Academy,Cabarrus,10,,,0,0.9358,,,0.9279,0.8571,1,0.75,1,1,0.8458,0.8449,0.8485,0.8556,0.8652,0.8762,0.9782,0.978,0.9787,0.9799,0.9815,0.9831,,M
331,Patriots Elementary,Cabarrus,154,,,0,0.972,,,0.9708,0.9895,0.9636,0.9512,0.961,1,0.9585,0.9582,0.9593,0.9616,0.9644,0.9677,0.9808,0.9807,0.9812,0.9822,0.9835,0.985,,H
332,Pitts School Road Elementary,Cabarrus,134,,,0,0.9573,,,0.9555,0.9268,0.9429,0.9851,0.9478,0.9889,0.9416,0.9411,0.9425,0.9456,0.9497,0.9542,0.9674,0.9671,0.9681,0.9698,0.9721,0.9746,,H
333,R Brown  McAllister Elementary,Cabarrus,134,,,0,0.9163,,,0.9114,0.8284,0.9265,0.9459,1,1,0.8858,0.8853,0.8881,0.8938,0.9014,0.9099,0.9335,0.9329,0.9346,0.9381,0.9426,0.9477,,M
334,Rocky River Elementary,Cabarrus,132,,,0,0.9642,,,0.9436,0.957,0.9737,0.9773,0.9722,0.9541,0.9265,0.9257,0.9277,0.9315,0.9366,0.9421,0.9587,0.9583,0.9594,0.9617,0.9646,0.9678,,H
335,Royal Oaks Elementary,Cabarrus,83,,,0,0.9224,,,0.9151,0.9444,0.8,0.9518,0.9211,1,0.8877,0.8871,0.8899,0.8954,0.9027,0.9111,0.9387,0.9382,0.9399,0.943,0.9473,0.9521,,M
336,Shady Brook Elementary,Cabarrus,67,,,0,0.9491,,,0.9546,0.9655,0.9259,0.9104,0.9608,1,0.9335,0.9331,0.9349,0.9383,0.9429,0.9481,0.9716,0.9714,0.9721,0.9736,0.9756,0.9779,,M
337,Valor Preparatory Academy,Cabarrus,95,,,0,0.9388,,,0.9402,0.9036,0.9684,,,,0.9031,0.9025,0.905,,,,0.9686,0.9684,0.9692,,,,,M
338,W M Irvin Elementary,Cabarrus,117,,,0,0.9347,,,0.9368,0.9478,0.863,0.8974,0.9706,0.9873,0.9181,0.9176,0.9197,0.9238,0.9294,0.9356,0.9537,0.9533,0.9545,0.9569,0.9601,0.9638,,M
339,W R Odell Primary,Cabarrus,298,,,0,0.9708,,,0.9644,0.9732,0.9723,0.9577,0.9807,0.9792,0.9548,0.9546,0.9557,0.9582,0.9613,0.9648,0.9729,0.9727,0.9734,0.9748,0.9768,0.9789,,H
340,Weddington Hills Elementary,Cabarrus,157,,,0,0.9413,,,0.9528,0.9324,0.9648,0.8562,0.949,0.9931,0.9395,0.9391,0.9406,0.9438,0.948,0.9527,0.9645,0.9642,0.965,0.967,0.9695,0.9723,,M
341,Winecoff Elementary,Cabarrus,116,,,0,0.9719,,,0.9618,0.9681,0.955,0.9545,1,0.99,0.9462,0.9458,0.9472,0.9501,0.9538,0.9579,0.9749,0.9747,0.9755,0.9768,0.9786,0.9806,,H
342,Wolf Meadow Elementary,Cabarrus,94,,,0,0.9541,,,0.9552,0.9681,0.9737,0.9277,0.9101,1,0.9364,0.9361,0.9378,0.9411,0.9455,0.9504,0.9709,0.9705,0.9713,0.9728,0.9749,0.9772,,H
343,Baton Elementary,Caldwell,65,,,0,0.9852,,,0.9819,0.9846,0.9583,0.9821,1,1,0.9675,0.9673,0.9681,0.9698,0.9721,0.9747,0.992,0.9919,0.9921,0.9925,0.9931,0.9937,,H
344,Collettsville School,Caldwell,33,,,0,0.9382,,,0.9528,0.9394,0.9333,0.9667,0.8276,1,0.9252,0.9243,0.9262,0.9301,0.9351,0.9409,0.9747,0.9744,0.9751,0.9765,0.9783,0.9803,,M
345,Davenport A+ School,Caldwell,83,,,0,0.9814,,,0.9779,0.9846,1,0.9583,0.988,0.9828,0.9634,0.9631,0.964,0.9661,0.9687,0.9715,0.9887,0.9885,0.9889,0.9895,0.9903,0.9912,,H
346,Dudley Shoals Elementary,Caldwell,76,,,0,0.9683,,,0.9676,0.9714,0.9677,0.9275,0.9737,1,0.9496,0.9494,0.9508,0.9535,0.957,0.9609,0.9816,0.9815,0.982,0.9829,0.9842,0.9856,,H
347,Gamewell Elementary,Caldwell,97,,,0,0.9791,,,0.9741,0.9718,0.9605,0.96,1,1,0.9603,0.9599,0.961,0.9632,0.9659,0.969,0.9853,0.9852,0.9855,0.9863,0.9874,0.9885,,H
348,Granite Falls Elementary,Caldwell,127,,,0,0.974,,,0.9725,0.9685,0.9792,0.9519,0.9789,1,0.9592,0.9588,0.96,0.9621,0.965,0.9682,0.9832,0.9831,0.9835,0.9844,0.9856,0.987,,H
349,Happy Valley Elementary,Caldwell,27,,,0,0.9877,,,0.9749,1,0.9412,1,1,1,0.9489,0.9487,0.95,0.9527,0.9563,0.9603,0.9913,0.9912,0.9914,0.9919,0.9925,0.9933,,H
351,Horizons Elementary,Caldwell,4,,,0,0.9925,,,0.9648,1,1,1,1,0.9724,0.8858,0.885,0.8879,0.8936,0.9012,0.9097,0.9946,0.9946,0.9947,0.995,0.9954,0.9958,,H
352,Hudson Elementary,Caldwell,125,,,0,0.9675,,,0.9654,0.984,0.8989,0.9792,0.9703,1,0.9493,0.9492,0.9505,0.9531,0.9566,0.9605,0.9782,0.9781,0.9787,0.9798,0.9814,0.9831,,H
353,Kings Creek Elementary,Caldwell,21,,,0,0.9453,,,0.9563,1,0.9444,0.85,0.9524,1,0.9176,0.917,0.9192,0.9235,0.929,0.9352,0.9826,0.9824,0.9829,0.9839,0.9851,0.9865,,M
354,Lower Creek Elementary,Caldwell,76,,,0,0.9696,,,0.9689,0.9868,0.9831,0.9467,0.9595,0.9758,0.9502,0.9498,0.9512,0.9539,0.9574,0.9612,0.9828,0.9826,0.983,0.9839,0.9851,0.9865,,H
356,Pine Mountain Academy,Caldwell,11,,,0,0.8671,,,0.8983,0.9091,0.7778,,,,0.7702,0.769,0.7741,,,,0.9735,0.9733,0.974,,,,,L
357,Sawmills Elementary,Caldwell,63,,,0,0.9779,,,0.9754,0.9841,1,0.9672,1,0.9348,0.9581,0.9578,0.9592,0.9614,0.9643,0.9676,0.9879,0.9878,0.9881,0.9888,0.9897,0.9907,,H
358,Valmead Elementary,Caldwell,58,,,0,0.889,,,0.8969,0.9483,0.8,0.9459,0.7209,1,0.8627,0.8621,0.8651,0.8715,0.8805,0.8907,0.9269,0.9263,0.9282,0.9319,0.9369,0.9425,,L
360,Whitnel Elementary,Caldwell,54,,,0,0.9734,,,0.9701,0.963,0.9615,0.9767,1,0.9722,0.9478,0.9473,0.9486,0.9513,0.955,0.959,0.9865,0.9863,0.9866,0.9874,0.9884,0.9894,,H
361,Grandy Primary,Camden,139,,,0,0.9755,,,0.976,0.9618,0.9712,0.9685,0.9854,0.9915,0.965,0.9646,0.9656,0.9674,0.9699,0.9727,0.9848,0.9846,0.985,0.9859,0.987,0.9882,,H
363,Atlantic Elementary,Carteret,16,,,0,0.9665,,,0.9658,0.9375,1,0.9231,1,1,0.9302,0.9297,0.9315,0.935,0.9398,0.9452,0.9885,0.9884,0.9887,0.9893,0.9902,0.9911,,H
364,Beaufort Elementary,Carteret,60,,,0,0.9883,,,0.9877,1,0.9828,0.9833,1,0.9821,0.9758,0.9757,0.9764,0.9777,0.9795,0.9814,0.9954,0.9954,0.9955,0.9957,0.9961,0.9965,,H
365,Bogue Sound Elementary,Carteret,70,,,0,0.9939,,,0.9886,0.9778,1,1,0.9903,1,0.9767,0.9765,0.9771,0.9784,0.9801,0.9819,0.9961,0.9961,0.9962,0.9964,0.9967,0.997,,H
367,Chosen Generation Christ. Acad,Carteret,5,,,0,0.8732,,,0.921,0.8,1,,,,0.7695,0.7681,0.7737,,,,0.9871,0.9869,0.9872,,,,,L
369,Down East Middle and Smyrna Elementary,Carteret,15,,,0,0.9979,,,0.9861,1,1,1,1,1,0.9627,0.9627,0.9636,0.9656,0.9683,0.9712,0.9968,0.9968,0.9969,0.9971,0.9973,0.9975,,H
372,Gramercy Christian School,Carteret,29,,,0,0.9183,,,0.9227,0.931,0.9545,0.84,0.9259,0.9391,0.8735,0.8726,0.8755,0.8809,0.8893,0.8987,0.9608,0.9603,0.9614,0.9635,0.9662,0.9693,,M
373,Harkers Island Elementary,Carteret,21,,,0,0.9752,,,0.9748,0.9286,1,0.9524,1,1,0.9448,0.9442,0.9457,0.9488,0.9527,0.957,0.9925,0.9924,0.9926,0.993,0.9935,0.9941,,H
374,Heritage Christian Academy,Carteret,4,,,0,0.9906,,,0.9626,1,1,1,1,,0.8836,0.8826,0.8856,0.8913,0.8991,,0.9945,0.9944,0.9946,0.9949,0.9953,,,H
375,Morehead City Primary,Carteret,133,,,0,0.968,,,0.9712,0.9739,0.9565,0.9173,0.9924,1,0.9594,0.959,0.96,0.9622,0.965,0.9682,0.9812,0.9811,0.9816,0.9826,0.984,0.9855,,H
376,Nature School @ Camp Albemarle,Carteret,21,,,0,0.9124,,,0.9187,0.7619,0.9412,1,1,,0.8514,0.8497,0.8534,0.8606,0.87,,0.9653,0.9651,0.966,0.9677,0.9702,,,M
378,Newport Christian Academy,Carteret,5,,,0,0.98,,,0.9669,1,0.9675,0.9692,0.9715,1,0.8981,0.8976,0.9005,0.9057,0.9126,0.92,0.9951,0.9951,0.9953,0.9955,0.9959,0.9963,,H
379,Newport Elementary,Carteret,119,,,0,0.986,,,0.9876,0.981,0.9878,0.9875,0.9806,0.9916,0.9786,0.9784,0.979,0.9802,0.9818,0.9835,0.9937,0.9937,0.9938,0.9942,0.9946,0.9951,,H
380,St. Egbert Catholic School,Carteret,19,,,0,0.9269,,,0.942,1,0.7368,1,0.9412,1,0.8965,0.8961,0.8987,0.904,0.9109,0.9187,0.9736,0.9735,0.9742,0.9757,0.9775,0.9796,,M
381,Tiller School,Carteret,38,,,0,0.9099,,,0.93,0.7895,0.9412,0.9714,0.9118,0.9286,0.8958,0.8951,0.8975,0.9027,0.9095,0.9174,0.958,0.9577,0.9588,0.961,0.964,0.9673,,M
382,White Oak Elementary,Carteret,122,,,0,0.9693,,,0.9584,0.9667,0.9587,0.9836,0.9744,0.9709,0.9436,0.9431,0.9447,0.9476,0.9515,0.9558,0.9712,0.971,0.9718,0.9734,0.9754,0.9776,,H
383,North Elementary,Caswell,59,,,0,0.9364,,,0.9459,0.9487,0.9583,0.8305,1,0.9762,0.9203,0.9198,0.9217,0.9257,0.9312,0.9373,0.9672,0.967,0.9679,0.9696,0.9719,0.9745,,M
384,Oakwood Elementary,Caswell,61,,,0,0.9482,,,0.9378,0.96,0.9672,0.8667,1,0.96,0.9111,0.9107,0.913,0.9173,0.9232,0.9299,0.9594,0.9591,0.9603,0.9625,0.9654,0.9685,,M
385,South Elementary,Caswell,54,,,0,0.9583,,,0.9659,0.9815,0.9143,0.9535,1,0.925,0.9443,0.9439,0.9453,0.9481,0.9521,0.9564,0.9821,0.982,0.9825,0.9834,0.9847,0.9861,,H
386,Stoney Creek Elementary,Caswell,32,,,0,0.9402,,,0.9444,0.9231,0.9,0.9375,0.963,0.963,0.9098,0.9094,0.9118,0.9163,0.9223,0.9292,0.9706,0.9703,0.9711,0.9728,0.9748,0.9771,,M
387,Balls Creek Elementary,Catawba,105,,,0,0.9574,,,0.9648,0.9619,0.8625,0.9673,0.978,1,0.9475,0.947,0.9485,0.9512,0.9549,0.959,0.9782,0.9781,0.9788,0.9799,0.9815,0.9832,,H
388,Banoak Elementary,Catawba,47,,,0,0.9797,,,0.9827,0.9545,0.9655,0.973,1,1,0.9664,0.9661,0.9669,0.9687,0.9712,0.9738,0.9931,0.993,0.9932,0.9936,0.9941,0.9946,,H
389,Blackburn Elementary,Catawba,67,,,0,0.9834,,,0.9805,1,0.9636,0.9552,1,1,0.9667,0.9664,0.9673,0.969,0.9714,0.974,0.9906,0.9906,0.9909,0.9913,0.992,0.9928,,H
390,Catawba Elementary School,Catawba,71,,,0,0.9499,,,0.949,0.9437,0.9286,1,0.98,0.9123,0.9267,0.9263,0.9281,0.9319,0.9369,0.9426,0.9672,0.9671,0.968,0.9698,0.972,0.9746,,M
392,Charles H Tuttle Elementary,Catawba,54,,,0,0.9463,,,0.9521,0.9149,0.9556,0.9184,0.963,0.9762,0.928,0.9271,0.9291,0.9327,0.9376,0.9432,0.9719,0.9717,0.9725,0.974,0.976,0.9782,,M
393,Christian Family Academy,Catawba,22,,,0,0.7767,,,0.7786,0.6818,0.8571,0.75,0.9091,0.75,0.6877,0.6857,0.6914,0.7031,0.7197,0.7392,0.8631,0.8622,0.8656,0.8722,0.8809,0.8908,,L
394,Claremont Elementary,Catawba,80,,,0,0.969,,,0.9623,0.9571,0.9677,0.9643,0.9565,1,0.9432,0.9429,0.9444,0.9474,0.9513,0.9557,0.9773,0.9771,0.9778,0.979,0.9806,0.9824,,H
395,Clyde Campbell Elementary,Catawba,66,,,0,0.9556,,,0.9621,0.9242,1,0.9242,0.9298,1,0.9419,0.9414,0.9429,0.946,0.9501,0.9546,0.9781,0.9779,0.9784,0.9796,0.9811,0.9829,,H
396,Concordia Christian Day Sch.,Catawba,25,,,0,0.9673,,,0.9664,1,1,0.9583,0.96,0.9167,0.9362,0.9358,0.9374,0.9408,0.9452,0.9502,0.9868,0.9867,0.987,0.9878,0.9887,0.9898,,H
397,Conover Special Education,Catawba,6,,,0,0.9226,,,0.9463,0.6667,1,1,0.9537,1,0.8719,0.8711,0.8744,0.8804,0.8887,0.8982,0.9858,0.9857,0.9861,0.9868,0.9878,0.9889,,M
398,Hickory Christian Academy,Catawba,44,,,0,0.8009,,,0.8235,0.7179,0.6552,0.7727,0.9487,0.8579,0.7714,0.7703,0.7752,0.7853,0.7989,0.8145,0.872,0.8706,0.8738,0.8799,0.8883,0.8976,,L
399,Hickory Day School,Catawba,17,,,0,0.9658,,,0.9603,1,0.8333,1,1,1,0.9149,0.9145,0.9168,0.921,0.9267,0.9333,0.9873,0.9873,0.9877,0.9884,0.9893,0.9903,,H
401,Lyle Creek Elementary,Catawba,75,,,0,0.9835,,,0.9819,0.96,0.9796,1,0.9853,1,0.9674,0.9672,0.9681,0.9698,0.9721,0.9747,0.9919,0.9919,0.9921,0.9925,0.9931,0.9937,,H
402,Maiden Elementary,Catawba,82,,,0,0.9912,,,0.9899,0.9877,0.9756,1,1,1,0.9799,0.9797,0.9803,0.9814,0.9829,0.9844,0.9962,0.9962,0.9963,0.9965,0.9968,0.9971,,H
403,Montessori at Sandy Ford School,Catawba,13,,,0,0.8285,,,0.8516,0.9091,0.8889,0.9,0.7692,0.625,0.7648,0.7637,0.7694,0.7796,0.7932,0.809,0.9213,0.9209,0.9228,0.9267,0.932,0.9379,,L
404,Mountain View Elementary,Catawba,104,,,0,0.967,,,0.9662,0.954,0.9468,0.9722,0.9615,1,0.9503,0.9498,0.9511,0.9537,0.9572,0.961,0.9789,0.9787,0.9793,0.9805,0.982,0.9837,,H
405,North Newton Elementary,Catawba,68,,,0,0.9846,,,0.9738,1,0.9792,0.9508,1,1,0.9578,0.9575,0.9587,0.961,0.964,0.9673,0.9861,0.9861,0.9865,0.9873,0.9883,0.9893,,H
406,Oakwood Elementary,Catawba,56,,,0,0.93,,,0.9429,0.875,1,0.9,0.902,0.9796,0.9179,0.9173,0.9196,0.9237,0.9294,0.9356,0.9639,0.9636,0.9646,0.9664,0.969,0.9718,,M
407,Oxford Elementary,Catawba,87,,,0,0.9618,,,0.9654,0.9118,0.9583,0.9655,0.9718,1,0.9489,0.9485,0.9498,0.9525,0.956,0.9599,0.9788,0.9787,0.9793,0.9804,0.9819,0.9836,,H
408,Saint Stephens Elementary,Catawba,120,,,0,0.9475,,,0.9431,0.9149,0.9469,0.9333,0.9565,0.9899,0.9249,0.9244,0.9263,0.9303,0.9354,0.9411,0.9592,0.959,0.9599,0.9621,0.9649,0.9681,,M
409,Sherrills Ford Elementary,Catawba,96,,,0,0.9124,,,0.9164,0.8438,0.9286,0.9459,0.8816,0.9846,0.8926,0.8919,0.8948,0.9001,0.9073,0.9152,0.9383,0.9377,0.9393,0.9425,0.9468,0.9516,,M
410,Shuford Elementary,Catawba,65,,,0,0.9803,,,0.9804,0.9692,0.9524,1,0.9832,1,0.9659,0.9657,0.9666,0.9685,0.9709,0.9736,0.991,0.991,0.9912,0.9917,0.9923,0.9931,,H
411,Snow Creek Elementary,Catawba,77,,,0,0.9597,,,0.9579,0.9167,0.971,0.987,0.9437,0.9726,0.9394,0.9389,0.9404,0.9436,0.9479,0.9525,0.9727,0.9724,0.9732,0.9747,0.9767,0.9788,,H
412,South Newton Elementary,Catawba,62,,,0,0.9597,,,0.9548,0.9508,0.9808,0.94,1,0.9273,0.9323,0.9318,0.9335,0.9371,0.9418,0.9469,0.9731,0.9729,0.9736,0.9751,0.977,0.9792,,H
413,Southwest Primary,Catawba,108,,,0,0.972,,,0.9696,0.9149,0.967,0.9877,0.9899,1,0.9556,0.9554,0.9565,0.9589,0.962,0.9654,0.9811,0.9809,0.9814,0.9825,0.9838,0.9853,,H
415,St. Stephen's Lutheran School,Catawba,25,,,0,0.9394,,,0.9442,0.9565,0.92,0.9167,0.952,0.9563,0.8921,0.8916,0.8943,0.8992,0.9062,0.9143,0.9796,0.9794,0.98,0.981,0.9825,0.9841,,M
416,Startown Elementary,Catawba,91,,,0,0.9637,,,0.9706,0.9451,0.9855,0.9538,0.9275,1,0.9551,0.9548,0.9559,0.9584,0.9615,0.965,0.9831,0.983,0.9834,0.9844,0.9856,0.9869,,H
417,Tabernacle Christian School,Catawba,47,,,0,0.881,,,0.8891,0.8095,0.9149,0.8571,0.9167,0.9091,0.8476,0.8467,0.8502,0.8575,0.867,0.8779,0.9256,0.925,0.9268,0.9306,0.9357,0.9414,,L
420,Viewmont Elementary,Catawba,86,,,0,0.9632,,,0.9606,0.9221,0.9412,1,0.9767,0.9759,0.9439,0.9436,0.9451,0.9481,0.9519,0.9562,0.9747,0.9745,0.9752,0.9766,0.9784,0.9804,,H
421,W M Jenkins Elementary,Catawba,47,,,0,0.9739,,,0.9739,1,0.9412,0.9444,0.975,1,0.9548,0.9544,0.9555,0.958,0.9612,0.9648,0.9879,0.9878,0.9882,0.9888,0.9896,0.9906,,H
423,Webb A Murray Elementary,Catawba,58,,,0,0.9621,,,0.966,0.9773,0.96,0.96,0.9483,0.9649,0.9462,0.9458,0.9472,0.95,0.9537,0.9579,0.9815,0.9814,0.9819,0.9829,0.9842,0.9857,,H
424,Bennett School,Chatham,33,,,0,0.9364,,,0.9396,1,0.8636,0.9231,0.9091,1,0.897,0.8964,0.8991,0.9043,0.9112,0.9189,0.9711,0.9708,0.9716,0.9731,0.9752,0.9774,,M
425,Bonlee School,Chatham,41,,,0,0.9651,,,0.9683,0.9565,0.9189,0.9333,1,1,0.9446,0.9443,0.9459,0.9487,0.9527,0.957,0.9852,0.985,0.9853,0.9862,0.9873,0.9884,,H
426,Chatham Charter,Chatham,41,,,0,0.9752,,,0.9785,0.9512,0.95,1,0.9737,1,0.9602,0.96,0.9612,0.9633,0.966,0.9691,0.9911,0.991,0.9913,0.9918,0.9925,0.9932,,H
428,Chatham Grove Elementary,Chatham,115,,,0,0.9756,,,0.9729,1,0.9519,0.9608,0.9826,0.9896,0.9565,0.9561,0.9573,0.9596,0.9626,0.966,0.9852,0.9851,0.9856,0.9864,0.9874,0.9886,,H
429,North Chatham Elementary,Chatham,99,,,0,0.9784,,,0.9744,0.975,0.9773,0.9798,0.9787,0.9857,0.9602,0.9598,0.9608,0.9629,0.9658,0.9689,0.9856,0.9855,0.9858,0.9866,0.9876,0.9888,,H
430,Haw River Christian Academy,Chatham,20,,,0,0.9168,,,0.9065,0.9444,0.9081,0.9,0.919,0.926,0.8251,0.8241,0.8286,0.8366,0.8475,0.8601,0.9622,0.962,0.9629,0.965,0.9676,0.9706,,M
431,Holy Youth Christian Academy,Chatham,11,,,0,0.9939,,,0.9788,1,1,1,1,0.9835,0.9376,0.9369,0.9385,0.9419,0.9463,0.9511,0.9966,0.9966,0.9967,0.9969,0.9971,0.9974,,H
432,J S Waters School,Chatham,30,,,0,0.9718,,,0.9636,0.85,1,1,1,1,0.9331,0.9328,0.9346,0.938,0.9426,0.9476,0.9852,0.985,0.9854,0.9862,0.9872,0.9884,,H
434,Moncure School,Chatham,20,,,0,0.9872,,,0.9795,1,0.9412,1,1,1,0.9554,0.9549,0.9561,0.9586,0.9617,0.9652,0.9937,0.9936,0.9938,0.9941,0.9946,0.9951,,H
435,Perry W Harrison Elementary,Chatham,42,,,0,0.9752,,,0.9646,0.9286,1,1,0.9706,1,0.9465,0.9462,0.9477,0.9504,0.9541,0.9583,0.9795,0.9794,0.98,0.9811,0.9825,0.9842,,H
436,Pittsboro Elementary,Chatham,100,,,0,0.9742,,,0.9749,0.9875,0.94,0.9684,1,0.9783,0.9619,0.9615,0.9626,0.9647,0.9674,0.9704,0.9852,0.9851,0.9855,0.9863,0.9873,0.9885,,H
437,Primrose School of Chapel Hill at Briar Chapel,Chatham,22,,,0,0.9943,,,0.9815,1,0.9819,1,1,1,0.9479,0.9476,0.949,0.9517,0.9552,0.9592,0.9967,0.9967,0.9968,0.997,0.9972,0.9975,,H
438,Siler City Elementary,Chatham,96,,,0,0.9553,,,0.9468,0.967,0.9158,0.9674,0.956,0.9792,0.9286,0.9281,0.9298,0.9334,0.9383,0.9437,0.9618,0.9614,0.9625,0.9646,0.9673,0.9702,,H
439,Silk Hope School,Chatham,32,,,0,0.929,,,0.9448,0.9259,0.9062,0.8966,0.9688,0.931,0.9132,0.9126,0.9143,0.9187,0.9246,0.9313,0.9696,0.9695,0.9703,0.9718,0.974,0.9764,,M
440,Thales Academy Pittsboro,Chatham,52,,,0,0.9204,,,0.922,0.9423,0.9792,0.8913,0.8276,,0.8778,0.8771,0.88,0.8859,0.8938,,0.9564,0.956,0.9572,0.9596,0.9626,,,M
441,Virginia Cross Elementary,Chatham,83,,,0,0.9772,,,0.9797,0.9661,0.9697,0.9688,0.988,0.9863,0.9668,0.9666,0.9675,0.9692,0.9715,0.9741,0.9896,0.9895,0.9898,0.9903,0.991,0.9919,,H
442,Willow Oak Montessori,Chatham,34,,,0,0.9196,,,0.9194,0.8824,0.9697,0.8788,0.9355,0.9365,0.8699,0.8689,0.8724,0.8785,0.887,0.8964,0.9574,0.9571,0.9582,0.9605,0.9635,0.9668,,M
443,Woods Charter,Chatham,33,,,0,0.9866,,,0.9816,1,0.9375,1,1,1,0.9627,0.9625,0.9634,0.9654,0.968,0.9709,0.9934,0.9933,0.9935,0.9938,0.9943,0.9948,,H
444,Andrews Elementary,Cherokee,63,,,0,0.8864,,,0.888,0.8824,0.8413,0.8491,0.9333,0.9259,0.8553,0.8542,0.8575,0.8644,0.8738,0.8844,0.9177,0.9173,0.9195,0.9236,0.9291,0.9354,,L
448,Martins Creek Elementary/Mid,Cherokee,26,,,0,0.8071,,,0.8419,0.6538,0.7727,0.8182,0.875,1,0.7783,0.7767,0.7817,0.7915,0.8048,0.8199,0.8946,0.8936,0.8963,0.9015,0.9086,0.9166,,L
450,Murphy Elementary,Cherokee,84,,,0,0.8874,,,0.9131,0.9155,0.8143,0.8333,0.9146,0.9756,0.8881,0.8873,0.8903,0.8958,0.9033,0.9116,0.9358,0.9353,0.9369,0.9403,0.9447,0.9497,,L
451,Peachtree Elementary,Cherokee,33,,,0,0.9499,,,0.9555,0.9697,0.8966,0.9355,0.9643,1,0.9229,0.9225,0.9246,0.9287,0.9338,0.9396,0.9794,0.9794,0.98,0.9811,0.9825,0.9841,,M
452,Ranger Elementary/Middle,Cherokee,40,,,0,0.9398,,,0.9227,0.9,0.9429,1,0.963,0.9259,0.8852,0.8844,0.8874,0.8931,0.9009,0.9094,0.953,0.9527,0.9539,0.9564,0.9596,0.9633,,M
453,Shepherd Academy,Cherokee,4,,,0,0.9767,,,0.9595,1,0.9602,1,0.9651,0.9682,0.866,0.8651,0.8687,0.8751,0.8838,0.8936,0.9947,0.9947,0.9948,0.9951,0.9955,0.9959,,H
455,Oak Grove Christian Academy,Chowan,11,,,0,0.3963,,,0.4972,0.4444,0.3636,0.2,,,0.3227,0.3214,0.3279,0.3411,,,0.6675,0.6669,0.6731,0.6855,,,,L
456,White Oak Elementary,Chowan,147,,,0,0.9676,,,0.9664,0.9776,0.9593,0.9645,0.966,0.971,0.9537,0.9534,0.9548,0.9572,0.9604,0.9639,0.9767,0.9766,0.9773,0.9785,0.9802,0.982,,H
457,Carolina Christian Academy,Clay,10,,,0,0.726,,,0.7709,0.3333,0.9,0.7839,0.7971,0.8122,0.6061,0.6037,0.6104,0.6238,0.6429,0.6656,0.8946,0.8941,0.8967,0.902,0.909,0.9169,,L
459,Hayesville Primary School,Clay,108,,,0,0.938,,,0.9344,0.9375,0.8763,0.9537,0.9435,0.988,0.9073,0.9065,0.9088,0.9134,0.9196,0.9266,0.9577,0.9573,0.9586,0.9607,0.9637,0.967,,M
462,Boiling Springs Elementary,Cleveland,90,,,0,0.9675,,,0.969,0.9467,0.954,0.9556,0.9886,0.9885,0.9545,0.954,0.9551,0.9575,0.9608,0.9643,0.9808,0.9806,0.9811,0.9822,0.9836,0.9851,,H
463,Casar Elementary,Cleveland,47,,,0,0.9798,,,0.9809,1,1,0.9362,1,0.9756,0.9633,0.9629,0.9639,0.9659,0.9685,0.9714,0.9927,0.9927,0.9929,0.9933,0.9938,0.9944,,H
464,Champion Christian Academy,Cleveland,12,,,0,0.9938,,,0.9862,1,1,0.9872,1,,0.9527,0.9522,0.9532,0.9557,0.9589,,0.9983,0.9983,0.9983,0.9984,0.9985,,,H
466,Cleveland Innovation,Cleveland,7,,,0,0.9965,,,0.972,1,1,1,,,0.9103,0.9096,0.9117,0.9166,,,0.9963,0.9962,0.9963,0.9965,,,,H
467,East Elementary,Cleveland,42,,,0,0.9792,,,0.9751,0.9444,0.973,1,0.9787,1,0.9528,0.9525,0.9537,0.9561,0.9594,0.963,0.9901,0.99,0.9902,0.9908,0.9915,0.9923,,H
468,Elizabeth Elementary,Cleveland,101,,,0,0.9192,,,0.921,0.9208,0.9318,0.9012,,,0.8863,0.8858,0.8881,0.8939,,,0.9498,0.9496,0.9511,0.9538,,,,M
469,Fallston Elementary,Cleveland,86,,,0,0.9756,,,0.9737,0.9419,0.988,1,0.9775,0.9796,0.9567,0.9563,0.9575,0.9598,0.9629,0.9662,0.9863,0.9862,0.9866,0.9873,0.9883,0.9894,,H
470,Gaston Christian - Shelby,Cleveland,25,,,0,0.865,,,0.8891,0.84,0.8667,,,,0.7931,0.7913,0.7959,,,,0.9562,0.9558,0.9569,,,,,L
473,Grover Elementary,Cleveland,68,,,0,0.958,,,0.9659,1,0.8814,0.8824,1,1,0.9459,0.9456,0.9471,0.9499,0.9537,0.9579,0.9808,0.9806,0.9811,0.9821,0.9835,0.985,,H
474,James Love Elementary,Cleveland,70,,,0,0.932,,,0.9268,0.8714,0.9825,0.8308,1,1,0.8998,0.8994,0.902,0.9071,0.9138,0.9213,0.9493,0.9489,0.9502,0.9529,0.9565,0.9605,,M
475,Jefferson Elementary,Cleveland,79,,,0,0.9739,,,0.9681,0.9868,0.9865,0.9367,0.9744,1,0.9506,0.9502,0.9514,0.954,0.9575,0.9614,0.9818,0.9817,0.9822,0.9832,0.9845,0.9859,,H
477,North Elementary,Cleveland,60,,,0,0.9677,,,0.955,0.9375,0.9667,0.9535,1,1,0.9304,0.9299,0.9316,0.9352,0.94,0.9452,0.9749,0.9748,0.9754,0.9768,0.9786,0.9806,,H
479,Pinnacle Classical Academy,Cleveland,116,,,0,0.9679,,,0.9708,0.9417,0.9626,0.9533,0.975,1,0.9578,0.9575,0.9585,0.9608,0.9638,0.9671,0.9814,0.9813,0.9818,0.9828,0.9841,0.9855,,H
480,Springmore Elementary,Cleveland,108,,,0,0.9732,,,0.9716,0.9444,0.9902,0.9688,0.9818,0.9892,0.9569,0.9566,0.9577,0.96,0.9631,0.9664,0.9832,0.9831,0.9835,0.9844,0.9856,0.9869,,H
481,Township Three Elementary,Cleveland,92,,,0,0.9851,,,0.9843,1,0.9891,0.9714,0.989,0.9744,0.9728,0.9726,0.9733,0.9748,0.9768,0.9789,0.9927,0.9926,0.9928,0.9932,0.9937,0.9943,,H
483,Union Elementary,Cleveland,63,,,0,0.986,,,0.9825,1,1,0.9464,0.9841,1,0.9687,0.9684,0.9691,0.9708,0.9731,0.9756,0.9922,0.9921,0.9923,0.9928,0.9933,0.9939,,H
484,Washington Elementary,Cleveland,65,,,0,0.9633,,,0.9572,1,0.9153,0.9811,0.9632,0.9666,0.9336,0.9331,0.9348,0.9382,0.9428,0.9479,0.9765,0.9763,0.9769,0.9782,0.9799,0.9817,,H
485,West Elementary,Cleveland,59,,,0,0.9592,,,0.9703,0.9388,0.9322,1,0.9643,0.95,0.9522,0.9518,0.9531,0.9556,0.9589,0.9626,0.9842,0.9841,0.9845,0.9854,0.9865,0.9877,,H
486,Acme Delco Elementary,Columbus,45,,,0,0.985,,,0.9828,0.9778,1,0.9545,1,1,0.9667,0.9666,0.9675,0.9692,0.9716,0.9742,0.9935,0.9934,0.9936,0.9939,0.9944,0.9949,,H
489,Chadbourn Elementary,Columbus,48,,,0,0.9187,,,0.9382,0.8043,0.8667,0.8857,1,1,0.909,0.9086,0.9113,0.9159,0.9219,0.9287,0.9618,0.9615,0.9626,0.9646,0.9674,0.9703,,M
490,Classical Charter Schools of Whiteville,Columbus,98,,,0,0.9786,,,0.9801,0.967,0.9897,0.9785,0.9592,1,0.9677,0.9675,0.9683,0.9701,0.9724,0.9749,0.9895,0.9894,0.9897,0.9903,0.991,0.9919,,H
494,Hallsboro-Artesia Elementary,Columbus,56,,,0,0.9707,,,0.9764,0.9412,0.95,0.9737,1,0.9821,0.9597,0.9593,0.9604,0.9625,0.9653,0.9684,0.9885,0.9884,0.9887,0.9893,0.9901,0.991,,H
495,Old Dock Elementary,Columbus,53,,,0,0.9883,,,0.9855,1,0.9783,1,0.9876,0.9787,0.9698,0.9696,0.9703,0.9719,0.9741,0.9765,0.9951,0.995,0.9952,0.9954,0.9958,0.9962,,H
496,Tabor City School,Columbus,73,,,0,0.9302,,,0.8942,0.9783,0.9483,0.8028,1,0.9677,0.8655,0.8651,0.8682,0.8746,0.8833,0.8932,0.9196,0.9189,0.9209,0.9251,0.9306,0.9367,,M
497,West Columbus School,Columbus,67,,,0,0.9369,,,0.9362,0.9836,0.9104,0.9206,,,0.899,0.8983,0.901,0.9062,,,0.9654,0.9651,0.9659,0.9677,,,,M
498,Whiteville Primary,Columbus,162,,,0,0.9444,,,0.9479,0.9521,0.8806,0.9062,0.9753,0.9929,0.9336,0.9334,0.9352,0.9386,0.9432,0.9482,0.9607,0.9603,0.9614,0.9636,0.9663,0.9694,,M
499,Williams Township,Columbus,76,,,0,0.9739,,,0.9713,0.9861,0.9538,1,0.9861,0.9474,0.9553,0.955,0.9561,0.9585,0.9616,0.9651,0.984,0.9838,0.9842,0.9851,0.9862,0.9875,,H
500,Albert H Bangert Elementary,Craven,84,,,0,0.9867,,,0.9785,0.971,0.9872,1,1,0.9828,0.9647,0.9644,0.9653,0.9672,0.9697,0.9725,0.9893,0.9892,0.9895,0.9901,0.9909,0.9917,,H
501,Annunciation Catholic School,Craven,21,,,0,0.8644,,,0.8722,0.8,0.6316,0.8947,0.9524,1,0.8095,0.808,0.8125,0.8212,0.8329,0.8461,0.9244,0.9234,0.9255,0.9295,0.9347,0.9405,,L
502,Arthur W Edwards Elementary,Craven,101,,,0,0.976,,,0.97,0.9375,0.9802,0.9882,0.989,0.9875,0.9556,0.9552,0.9563,0.9587,0.9618,0.9653,0.982,0.9818,0.9823,0.9833,0.9846,0.9861,,H
503,Ben D Quinn Elementary,Craven,81,,,0,0.9828,,,0.9807,1,0.9787,0.9692,0.9753,1,0.9666,0.9664,0.9674,0.9691,0.9715,0.9741,0.991,0.9909,0.9911,0.9916,0.9923,0.993,,H
504,Bridgeton Elementary,Craven,64,,,0,0.9218,,,0.9146,0.9677,0.95,0.75,1,0.9444,0.8859,0.8851,0.8879,0.8938,0.9016,0.9101,0.9396,0.939,0.9405,0.9436,0.9478,0.9524,,M
505,Brinson Memorial Elementary,Craven,94,,,0,0.9757,,,0.9775,0.9811,0.971,0.9681,0.9683,0.9885,0.9641,0.9639,0.9647,0.9665,0.9691,0.9718,0.9877,0.9876,0.988,0.9887,0.9896,0.9905,,H
506,Calvary Baptist Church School,Craven,15,,,0,0.9394,,,0.9447,1,1,0.875,0.9333,0.9091,0.8882,0.8874,0.8903,0.8959,0.9032,0.9115,0.9805,0.9804,0.9809,0.982,0.9833,0.9849,,M
507,Creekside Elementary,Craven,92,,,0,0.9488,,,0.9486,0.9531,0.9286,0.9891,0.9324,0.9298,0.9294,0.9289,0.9308,0.9343,0.9392,0.9447,0.9654,0.965,0.9659,0.9677,0.9701,0.9729,,M
508,Epiphany School of Global Studies,Craven,37,,,0,0.9553,,,0.9517,0.9655,0.9394,0.9459,0.9167,1,0.92,0.9198,0.9217,0.9258,0.9311,0.9372,0.9757,0.9753,0.9759,0.9772,0.979,0.9809,,H
509,Graham A Barden Elementary,Craven,50,,,0,0.9722,,,0.9601,1,1,1,0.94,0.9412,0.9347,0.9342,0.936,0.9393,0.9439,0.9489,0.9794,0.9793,0.9799,0.981,0.9824,0.984,,H
510,Havelock Elementary,Craven,64,,,0,0.9637,,,0.9615,0.9608,0.9322,0.9545,0.9697,1,0.9407,0.9403,0.9417,0.9449,0.9489,0.9535,0.9782,0.978,0.9785,0.9797,0.9813,0.983,,H
511,J T Barber Elementary,Craven,46,,,0,0.9833,,,0.9805,1,1,0.9565,0.9778,1,0.963,0.9627,0.9638,0.9658,0.9684,0.9713,0.992,0.9919,0.9922,0.9926,0.9932,0.9939,,H
512,James W Smith Elementary,Craven,61,,,0,0.9802,,,0.9747,0.9608,0.9804,0.9608,1,1,0.9575,0.957,0.9581,0.9604,0.9634,0.9667,0.9875,0.9874,0.9877,0.9884,0.9893,0.9903,,H
513,New Bern Christian Academy,Craven,41,,,0,0.9186,,,0.915,0.8537,0.9444,0.9487,0.9266,0.9333,0.8719,0.8713,0.8746,0.8809,0.8892,0.8986,0.9492,0.949,0.9504,0.9532,0.9567,0.9606,,M
514,Oaks Road Academy,Craven,68,,,0,0.9465,,,0.9533,0.9778,1,0.9118,0.8605,0.9792,0.9321,0.9316,0.9334,0.9369,0.9415,0.9467,0.9708,0.9705,0.9714,0.9729,0.975,0.9772,,M
515,Peletah Academic Center for Excellence,Craven,5,,,0,0.3527,,,0.5501,0,0,0.5679,0.5865,0.6088,0.2969,0.2949,0.3008,0.3131,0.331,0.3534,0.7945,0.7931,0.7975,0.8067,0.8189,0.8331,,L
517,Roger Bell New Tech Academy,Craven,66,,,0,0.9857,,,0.9839,1,0.9808,0.9841,0.9848,0.9808,0.9707,0.9705,0.9713,0.9729,0.975,0.9772,0.993,0.993,0.9932,0.9935,0.994,0.9946,,H
519,St. Paul Catholic Education Ctr,Craven,22,,,0,0.9192,,,0.9139,0.9545,0.9091,0.8636,0.9474,0.9321,0.8569,0.8562,0.8597,0.8666,0.8755,0.8861,0.956,0.9559,0.9571,0.9594,0.9625,0.9659,,M
522,Temple Christian Academy,Craven,20,,,0,0.8377,,,0.8492,0.9,0.8516,0.75,,,0.7315,0.7303,0.7357,0.747,,,0.9353,0.9348,0.9363,0.9396,,,,L
523,Trent Park Elementary,Craven,77,,,0,0.9541,,,0.9482,0.8889,0.8889,0.9831,1,1,0.9267,0.9263,0.9284,0.9322,0.9372,0.9428,0.9664,0.9661,0.967,0.9688,0.9712,0.9739,,H
524,Vanceboro-Farm Life Elementary,Craven,83,,,0,0.9788,,,0.9768,1,0.973,0.9759,0.9701,0.975,0.9625,0.9623,0.9632,0.9652,0.9678,0.9707,0.9876,0.9875,0.9879,0.9885,0.9894,0.9903,,H
525,W Jesse Gurganus Elementary,Craven,77,,,0,0.9764,,,0.9733,0.9804,0.9351,1,0.9828,1,0.9563,0.9559,0.957,0.9593,0.9623,0.9658,0.9862,0.9861,0.9864,0.9872,0.9882,0.9893,,H
527,Alderman Road Elementary,Cumberland,112,,,0,0.9655,,,0.9588,0.973,0.9554,0.954,0.9688,0.9873,0.9429,0.9425,0.9439,0.947,0.9509,0.9554,0.9723,0.9721,0.9728,0.9743,0.9762,0.9784,,H
528,Alma O Easom Elementary,Cumberland,179,,,0,0.8898,,,0.8919,0.9553,0.8217,0.8939,0.9365,0.7849,0.8732,0.8721,0.8751,0.8815,0.8897,0.8992,0.9096,0.9088,0.911,0.9156,0.9218,0.9286,,L
529,Alpha Academy,Cumberland,111,,,0,0.9693,,,0.9695,0.9487,0.9792,0.9459,0.9738,1,0.9504,0.9501,0.9514,0.9539,0.9573,0.9612,0.9836,0.9835,0.9839,0.9848,0.9859,0.9873,,H
530,Armstrong Elementary,Cumberland,80,,,0,0.9729,,,0.9735,1,0.9545,0.95,0.9861,0.9792,0.9575,0.9572,0.9583,0.9605,0.9636,0.9669,0.986,0.9859,0.9863,0.9871,0.9881,0.9892,,H
531,Bal-Perazim Christian Academy,Cumberland,10,,,0,0.9938,,,0.976,1,1,1,1,0.9813,0.9372,0.9366,0.938,0.9412,0.9455,0.9504,0.9951,0.9951,0.9952,0.9955,0.9958,0.9962,,H
532,Beaver Dam Elementary,Cumberland,16,,,0,0.9493,,,0.9559,0.9231,0.8462,1,0.9621,1,0.9118,0.9114,0.9135,0.918,0.9238,0.9305,0.9839,0.9838,0.9843,0.9852,0.9863,0.9876,,M
533,Benjamin J Martin Elementary,Cumberland,93,,,0,0.8981,,,0.9034,0.8602,0.9125,0.954,0.9341,0.8256,0.8783,0.8773,0.8803,0.8863,0.8942,0.9032,0.9259,0.925,0.9269,0.9307,0.9359,0.9416,,L
535,Bill Hefner Elementary,Cumberland,132,,,0,0.906,,,0.8964,0.907,0.8409,0.9619,0.9123,0.9419,0.8741,0.8731,0.8762,0.8825,0.8907,0.8999,0.9165,0.9158,0.9177,0.9219,0.9276,0.934,,M
536,Brentwood Elementary,Cumberland,96,,,0,0.9015,,,0.8674,0.9647,0.9186,0.791,0.8958,0.9577,0.8376,0.8362,0.8399,0.8473,0.8577,0.8694,0.8947,0.8939,0.8962,0.9014,0.9085,0.9164,,M
538,C Wayne Collier Elementary,Cumberland,85,,,0,0.9351,,,0.937,0.9733,0.9381,0.8353,0.9867,0.9518,0.9113,0.9106,0.913,0.9176,0.9236,0.9302,0.959,0.9587,0.9598,0.962,0.9649,0.9681,,M
540,Cliffdale Elementary,Cumberland,119,,,0,0.9452,,,0.9458,1,0.981,0.9802,0.916,0.8511,0.9288,0.9284,0.9303,0.9339,0.9388,0.9443,0.9606,0.9603,0.9614,0.9635,0.9663,0.9694,,M
541,College Lakes Elementary,Cumberland,82,,,0,0.841,,,0.8902,0.9634,0.5854,0.6933,0.9863,0.9538,0.8645,0.8637,0.8669,0.8734,0.8822,0.892,0.9136,0.9131,0.9154,0.9198,0.9257,0.9323,,L
542,Cornerstone Christian Academy,Cumberland,22,,,0,0.9526,,,0.9413,0.8667,1,1,0.9545,0.9286,0.8941,0.8934,0.8959,0.9013,0.9085,0.9163,0.9748,0.9745,0.9751,0.9764,0.9782,0.9802,,H
543,Cumberland Academy K-5 Virtual School,Cumberland,170,,,0,0.8107,,,0.7882,0.8824,0.8667,0.451,0.8357,0.8882,0.7459,0.7442,0.7495,0.7601,0.7747,0.7916,0.8282,0.8265,0.8304,0.8381,0.8489,0.8611,,L
544,Cumberland Co. Christian Sch.,Cumberland,11,,,0,0.9859,,,0.9629,1,1,,,,0.8879,0.8876,0.8905,,,,0.9941,0.994,0.9942,,,,,H
546,Cumberland Mills Elementary,Cumberland,108,,,0,0.9287,,,0.9263,0.949,0.934,0.8846,0.9364,0.9421,0.9028,0.9022,0.9045,0.9097,0.9162,0.9235,0.9469,0.9464,0.9478,0.9507,0.9544,0.9584,,M
547,Cumberland Road Elementary,Cumberland,59,,,0,0.9246,,,0.9236,0.9608,0.9623,0.8983,0.9322,0.8636,0.896,0.8953,0.8982,0.9033,0.9102,0.918,0.9481,0.9477,0.9491,0.9518,0.9554,0.9594,,M
548,District No 7 Elementary,Cumberland,40,,,0,0.9808,,,0.9787,0.9688,0.975,0.963,1,1,0.9593,0.9591,0.9601,0.9623,0.9652,0.9683,0.9917,0.9916,0.9918,0.9923,0.9929,0.9935,,H
549,E E Miller Elementary,Cumberland,123,,,0,0.951,,,0.9519,0.9837,0.9167,0.9074,0.9712,0.9661,0.9349,0.9346,0.9362,0.9396,0.9441,0.9491,0.9663,0.9659,0.9668,0.9686,0.971,0.9737,,H
550,E Melvin Honeycutt Elementary,Cumberland,133,,,0,0.9567,,,0.9572,0.928,0.9714,0.9774,0.9402,0.9664,0.9428,0.9426,0.944,0.947,0.951,0.9554,0.9692,0.9691,0.9699,0.9716,0.9738,0.9762,,H
551,Eastover-Central Elementary,Cumberland,64,,,0,0.9658,,,0.968,0.9655,0.9231,0.9844,1,0.9565,0.9491,0.9486,0.95,0.9527,0.9564,0.9603,0.9828,0.9826,0.9831,0.9841,0.9853,0.9867,,H
552,Ed V Baldwin Elementary,Cumberland,110,,,0,0.9316,,,0.9427,0.9579,0.9583,0.8909,0.9247,0.9205,0.9256,0.9251,0.927,0.9308,0.9359,0.9415,0.9575,0.9571,0.9582,0.9604,0.9634,0.9667,,M
553,Elizabeth M Cashwell Elementary,Cumberland,105,,,0,0.9764,,,0.9757,1,0.9703,0.9619,0.9619,1,0.9628,0.9625,0.9635,0.9656,0.9682,0.9711,0.9855,0.9854,0.9858,0.9866,0.9876,0.9888,,H
554,Falcon Christian Academy,Cumberland,7,,,0,0.9269,,,0.9436,0.8333,1,0.8333,0.9514,1,0.8681,0.867,0.8707,0.8775,0.8859,0.8956,0.9853,0.9851,0.9855,0.9863,0.9873,0.9885,,M
555,Fayetteville Academy,Cumberland,36,,,0,0.9558,,,0.9632,0.9429,0.9429,0.9444,0.9444,1,0.9383,0.9374,0.9389,0.9421,0.9464,0.9512,0.9827,0.9825,0.983,0.9839,0.9851,0.9865,,H
556,Fayetteville Christian School,Cumberland,56,,,0,0.9414,,,0.9524,0.9556,0.875,0.9464,0.9762,0.9628,0.9263,0.9256,0.9275,0.9312,0.9362,0.9419,0.9733,0.9731,0.9738,0.9752,0.9771,0.9792,,M
557,Ferguson-Easley Elementary,Cumberland,69,,,0,0.6898,,,0.7045,0.98,0.2609,0.7097,0.9286,0.9583,0.657,0.6558,0.6623,0.675,0.693,0.7137,0.7495,0.748,0.7533,0.7641,0.7785,0.7951,,L
558,First Impressions Academy,Cumberland,36,,,0,0.9764,,,0.9697,0.9722,0.9703,0.9719,0.974,1,0.9318,0.9312,0.9326,0.9362,0.9409,0.9462,0.9919,0.9919,0.9921,0.9925,0.9931,0.9937,,H
559,Flaming Sword Christian Academy,Cumberland,13,,,0,0.9731,,,0.9529,1,1,1,0.8889,1,0.8877,0.8869,0.8893,0.8955,0.9028,0.911,0.9879,0.9878,0.9881,0.9887,0.9896,0.9906,,H
561,Freedom Christian Academy,Cumberland,52,,,0,0.9527,,,0.952,0.9615,0.8723,0.9556,0.9773,1,0.9237,0.9232,0.9252,0.929,0.9344,0.9402,0.9726,0.9723,0.9731,0.9746,0.9765,0.9787,,H
562,Gallberry Farm Elementary,Cumberland,134,,,0,0.9209,,,0.933,0.9474,0.9552,0.9535,0.748,0.9913,0.916,0.9154,0.9176,0.922,0.9276,0.934,0.9488,0.9483,0.9496,0.9523,0.9559,0.9599,,M
563,Glendale Acres Elementary,Cumberland,88,,,0,0.9533,,,0.9481,0.9268,0.8977,0.9873,1,0.9828,0.9276,0.9268,0.9286,0.9323,0.9371,0.9426,0.9656,0.9652,0.9661,0.9681,0.9705,0.9732,,H
567,Gray's Creek Elementary,Cumberland,78,,,0,0.9489,,,0.9492,1,0.9844,0.8205,1,1,0.9281,0.9277,0.9295,0.933,0.938,0.9435,0.9676,0.9672,0.968,0.9698,0.9721,0.9747,,M
568,Greater Fayetteville Adventist Acad.,Cumberland,9,,,0,0.9828,,,0.9621,1,1,0.9647,0.9674,1,0.8938,0.8935,0.8965,0.902,0.909,0.9169,0.9926,0.9925,0.9927,0.9931,0.9936,0.9942,,H
572,Howard L Hall Elementary,Cumberland,102,,,0,0.9579,,,0.9553,0.987,0.9014,0.9706,0.98,0.939,0.9379,0.9374,0.9391,0.9422,0.9465,0.9513,0.9704,0.9702,0.971,0.9726,0.9747,0.977,,H
573,J W Coon Elementary,Cumberland,32,,,0,0.9286,,,0.9341,0.931,0.7812,1,0.9433,1,0.897,0.8963,0.8989,0.9042,0.9111,0.9188,0.9641,0.9639,0.9649,0.9668,0.9693,0.9721,,M
574,J W Seabrook Elementary,Cumberland,50,,,0,0.9538,,,0.9521,1,0.94,0.8889,1,0.9394,0.9268,0.9264,0.9285,0.9323,0.9373,0.9429,0.9724,0.9721,0.9728,0.9743,0.9763,0.9784,,H
575,Kid Stars Rising Christian Learning Academy,Cumberland,9,,,0,0.8798,,,0.8941,1,0.7778,0.8571,,,0.7763,0.7748,0.78,0.7899,,,0.9682,0.968,0.9688,0.9705,,,,L
576,Lake Rim Elementary,Cumberland,110,,,0,0.9284,,,0.9366,0.8587,0.8889,0.9342,1,0.9545,0.9175,0.9167,0.9187,0.9227,0.9283,0.9345,0.9534,0.953,0.9542,0.9567,0.9599,0.9636,,M
577,Liberty Christian Academy,Cumberland,36,,,0,0.8993,,,0.8988,0.9062,0.875,0.8611,0.875,1,0.8563,0.8556,0.8593,0.8662,0.8754,0.8857,0.9349,0.9345,0.9362,0.9396,0.944,0.949,,L
579,Loyd E Auman Elementary,Cumberland,94,,,0,0.8812,,,0.8754,0.9875,0.8154,0.9149,0.9881,0.6471,0.8464,0.8454,0.8489,0.8562,0.8661,0.8772,0.9023,0.9014,0.904,0.9088,0.9151,0.9225,,L
580,Lucile Souders Elementary,Cumberland,69,,,0,0.9355,,,0.919,0.9275,0.9552,0.9275,0.9677,0.918,0.8921,0.8914,0.894,0.8994,0.9066,0.9147,0.942,0.9417,0.9433,0.9465,0.9503,0.9548,,M
581,Manchester Elementary,Cumberland,51,,,0,0.8497,,,0.8754,0.9091,0.878,0.5581,0.8917,0.9608,0.834,0.833,0.8371,0.845,0.8555,0.8673,0.9117,0.9109,0.9131,0.9176,0.9236,0.9302,,L
582,Margaret Willis Elementary,Cumberland,55,,,0,0.8598,,,0.8773,0.963,0.7273,0.8269,0.95,0.8333,0.8406,0.8392,0.8429,0.8505,0.8606,0.8721,0.9101,0.9091,0.9114,0.916,0.9221,0.929,,L
583,Mary McArthur Elementary,Cumberland,84,,,0,0.9558,,,0.9494,1,0.9531,0.9143,0.9839,0.9184,0.9263,0.9259,0.9279,0.9316,0.9365,0.9421,0.9677,0.9675,0.9684,0.9701,0.9724,0.9749,,H
584,Montclair Elementary,Cumberland,75,,,0,0.9455,,,0.9247,0.9851,0.926,0.9733,1,0.8525,0.895,0.894,0.8966,0.9019,0.9087,0.9166,0.9499,0.9495,0.9507,0.9533,0.9568,0.9607,,M
585,Morganton Road Elementary,Cumberland,88,,,0,0.9233,,,0.9271,0.9659,0.9286,0.8571,0.9524,0.9036,0.9038,0.9031,0.9056,0.9105,0.917,0.9243,0.9477,0.9473,0.9485,0.9513,0.955,0.959,,M
587,New Century International Elementary,Cumberland,107,,,0,0.9412,,,0.9253,0.9626,0.9714,0.9406,0.9356,0.91,0.9047,0.9038,0.9061,0.9109,0.9174,0.9246,0.9436,0.9432,0.9447,0.9476,0.9515,0.9558,,M
590,Northwood Temple Academy,Cumberland,38,,,0,0.8948,,,0.8679,0.8,0.8571,1,0.8947,0.9429,0.8232,0.8219,0.8264,0.8346,0.8458,0.8583,0.9056,0.9049,0.9073,0.9121,0.9185,0.9257,,L
592,Ponderosa Elementary,Cumberland,68,,,0,0.8875,,,0.904,0.9706,0.6418,0.9412,0.9697,0.9138,0.8747,0.8736,0.8768,0.8829,0.8911,0.9004,0.9303,0.9297,0.9317,0.9354,0.9402,0.9456,,L
594,Raleigh Road Elementary,Cumberland,107,,,0,0.9663,,,0.967,0.9626,1,0.901,1,0.9722,0.9528,0.9523,0.9536,0.9561,0.9594,0.9632,0.979,0.9788,0.9794,0.9806,0.9821,0.9837,,H
596,Riverside Christian Academy,Cumberland,21,,,0,0.7462,,,0.7716,0.7143,0.775,0.7848,0.6316,0.8134,0.6567,0.655,0.6608,0.673,0.6912,0.7121,0.8669,0.866,0.8691,0.8754,0.8841,0.8938,,L
597,Rockfish Elementary,Cumberland,123,,,0,0.959,,,0.9646,0.9431,0.9608,0.9519,0.9787,0.9588,0.9501,0.9498,0.951,0.9537,0.9571,0.961,0.9768,0.9766,0.9772,0.9784,0.9801,0.9819,,H
598,St. Ann Catholic School,Cumberland,17,,,0,0.9713,,,0.9708,1,0.9412,0.9412,1,1,0.934,0.9332,0.9349,0.9386,0.9432,0.9483,0.9918,0.9917,0.9919,0.9924,0.993,0.9936,,H
599,Sherwood Park Elementary,Cumberland,57,,,0,0.9504,,,0.9553,0.9615,0.9474,0.9302,0.9616,0.9444,0.93,0.9295,0.9315,0.9353,0.9401,0.9454,0.9746,0.9744,0.9752,0.9766,0.9783,0.9803,,H
600,St. Patrick Catholic School,Cumberland,29,,,0,0.9979,,,0.9891,1,1,1,1,1,0.9726,0.9723,0.9729,0.9743,0.9762,0.9783,0.9974,0.9974,0.9975,0.9976,0.9978,0.998,,H
603,Stedman Primary,Cumberland,83,,,0,0.9734,,,0.9711,0.9857,0.9219,0.988,0.9753,1,0.9553,0.9549,0.9561,0.9585,0.9617,0.9652,0.9838,0.9837,0.9842,0.985,0.9862,0.9875,,H
604,Stoney Point Elementary,Cumberland,135,,,0,0.9738,,,0.9703,1,0.931,0.9823,0.9836,0.9778,0.9576,0.9572,0.9584,0.9607,0.9637,0.967,0.9808,0.9807,0.9812,0.9823,0.9836,0.9851,,H
605,Sunnyside Elementary,Cumberland,84,,,0,0.7851,,,0.8167,0.6786,0.8077,0.7358,0.8393,0.8727,0.778,0.777,0.7814,0.7911,0.804,0.8192,0.853,0.8522,0.8554,0.8624,0.8719,0.8826,,L
607,The Capitol Encore Academy,Cumberland,68,,,0,0.9311,,,0.9087,0.9254,0.9103,0.9118,0.9412,1,0.8773,0.8763,0.8795,0.8853,0.8934,0.9025,0.9355,0.9349,0.9366,0.9399,0.9444,0.9494,,M
608,The School of Hope,Cumberland,9,,,0,0.9837,,,0.9305,1,1,1,1,0.9452,0.8279,0.8264,0.8307,0.8394,0.8496,0.8622,0.9835,0.9835,0.984,0.9849,0.986,0.9873,,H
609,Trinity Christian School (Cumberland),Cumberland,33,,,0,0.991,,,0.9855,1,0.9857,0.9865,0.9876,1,0.9631,0.9627,0.9635,0.9655,0.968,0.9709,0.9968,0.9968,0.9969,0.9971,0.9973,0.9975,,H
610,Village Christian Academy,Cumberland,50,,,0,0.9858,,,0.9805,1,0.9783,0.9787,0.9787,1,0.9634,0.9632,0.9642,0.9661,0.9687,0.9715,0.992,0.9919,0.9921,0.9926,0.9932,0.9938,,H
611,Walker-Spivey Elementary,Cumberland,60,,,0,0.865,,,0.8963,0.7333,0.8182,0.7838,0.9833,0.9459,0.8626,0.8614,0.8646,0.8712,0.8801,0.8902,0.9256,0.9252,0.9272,0.9309,0.936,0.9416,,L
612,Warrenwood Elementary,Cumberland,81,,,0,0.8491,,,0.8757,0.9506,0.7571,0.6071,0.9375,0.9348,0.8456,0.8445,0.8479,0.8553,0.8651,0.8763,0.9025,0.9018,0.9043,0.9092,0.9157,0.923,,L
613,Westarea Elementary,Cumberland,96,,,0,0.9331,,,0.9437,1,0.8916,0.8526,0.9516,0.9559,0.9209,0.9201,0.9222,0.9263,0.9316,0.9377,0.9626,0.9621,0.9632,0.9652,0.9678,0.9707,,M
614,William H Owen Elementary,Cumberland,81,,,0,0.8997,,,0.9154,0.913,0.8571,0.9306,0.9506,0.8095,0.8913,0.8906,0.8934,0.8987,0.9059,0.9141,0.9369,0.9364,0.9381,0.9415,0.9458,0.9507,,L
615,William T Brown Elementary,Cumberland,107,,,0,0.9358,,,0.9248,0.9346,0.978,0.981,0.8679,0.8654,0.9003,0.8995,0.9021,0.9071,0.9136,0.9212,0.9464,0.946,0.9474,0.9502,0.954,0.9582,,M
617,Central Elementary,Currituck,49,,,0,0.9339,,,0.9441,0.8649,0.9677,0.9302,0.8913,1,0.9156,0.9148,0.9171,0.9213,0.9271,0.9335,0.9672,0.9669,0.9677,0.9694,0.9718,0.9744,,M
618,W T Griggs Elementary,Currituck,44,,,0,0.9927,,,0.9818,0.9714,1,1,1,1,0.9634,0.9632,0.9643,0.9664,0.9689,0.9717,0.9936,0.9936,0.9937,0.9941,0.9945,0.995,,H
619,Jarvisburg Christian Academy,Currituck,9,,,0,0.7571,,,0.8082,0.6,0.4286,0.875,1,0.7143,0.6813,0.6801,0.6866,0.6993,0.7165,0.7363,0.9043,0.9036,0.9062,0.911,0.9175,0.9248,,L
620,Jarvisburg Elementary,Currituck,46,,,0,0.9757,,,0.9751,1,0.9667,1,0.9565,0.973,0.9548,0.9546,0.9556,0.9581,0.9613,0.9648,0.9893,0.9892,0.9895,0.9901,0.9908,0.9917,,H
621,Knotts Island Elementary,Currituck,22,,,0,0.8974,,,0.9174,0.9474,0.875,0.8182,0.9524,0.8571,0.866,0.8646,0.8675,0.8739,0.8826,0.8925,0.9565,0.9562,0.9575,0.9598,0.9629,0.9663,,L
622,Moyock Elementary,Currituck,113,,,0,0.97,,,0.9655,0.9558,0.9623,0.9706,0.9821,0.9882,0.9509,0.9505,0.9519,0.9544,0.9578,0.9616,0.9773,0.9771,0.9777,0.9789,0.9805,0.9823,,H
623,Shawboro Elementary School,Currituck,98,,,0,0.9688,,,0.9745,0.9655,0.9694,0.9694,0.9375,1,0.961,0.9608,0.9619,0.964,0.9666,0.9697,0.985,0.9848,0.9852,0.986,0.9871,0.9883,,H
624,Water's Edge Village School,Currituck,6,,,0,0.9476,,,0.9356,1,1,1,1,0.75,0.8449,0.8436,0.8477,0.8554,0.8655,0.8765,0.9848,0.9847,0.9852,0.986,0.9871,0.9883,,M
625,Beacon Christian Academy,Wake,12,,,0,0.7728,,,0.807,0.625,1,0.9167,0.6364,,0.673,0.6715,0.6777,0.6906,0.7082,,0.9103,0.9097,0.9124,0.9169,0.923,,,L
626,Cape Hatteras Elementary School,Dare,49,,,0,0.9629,,,0.9587,1,0.9778,0.9091,0.9388,1,0.9354,0.9347,0.9366,0.94,0.9444,0.9494,0.9772,0.977,0.9776,0.9788,0.9805,0.9823,,H
627,First Flight Elementary School,Dare,54,,,0,0.9858,,,0.9816,1,0.9459,0.9815,1,1,0.9652,0.9648,0.9658,0.9676,0.9701,0.9729,0.9929,0.9928,0.993,0.9934,0.9939,0.9945,,H
629,Kitty Hawk Elementary School,Dare,75,,,0,0.969,,,0.9621,0.9733,0.9818,0.9355,0.9595,1,0.9417,0.9414,0.9429,0.9458,0.9498,0.9543,0.9782,0.9779,0.9785,0.9797,0.9813,0.983,,H
630,Manteo Elementary School,Dare,101,,,0,0.9776,,,0.9754,0.9605,0.9667,0.9691,0.9901,1,0.9621,0.9618,0.9628,0.9648,0.9674,0.9704,0.9859,0.9857,0.9861,0.9869,0.9879,0.989,,H
631,Nags Head Elementary School,Dare,80,,,0,0.9421,,,0.9401,0.9649,0.9865,0.9625,0.9342,0.8718,0.9191,0.9183,0.9202,0.9243,0.9298,0.936,0.9582,0.9579,0.959,0.9612,0.9642,0.9675,,M
632,Wanchese Christian Academy,Dare,11,,,0,0.8888,,,0.8896,0.6,1,0.75,0.904,1,0.7725,0.7711,0.7761,0.786,0.7995,0.8149,0.9652,0.9648,0.9656,0.9676,0.97,0.9728,,L
633,ABC of NC Child Develop. Ctr,Davidson,12,,,0,0.9616,,,0.96,1,0.8,1,1,0.9687,0.8932,0.8923,0.895,0.9003,0.9073,0.9154,0.9911,0.9911,0.9913,0.9918,0.9924,0.9931,,H
635,Brier Creek Elementary,Davidson,41,,,0,0.9746,,,0.972,1,1,0.9118,0.9756,1,0.9499,0.9496,0.9511,0.9535,0.9571,0.9609,0.9879,0.9878,0.9881,0.9887,0.9896,0.9906,,H
636,Carolina Christian Academy,Davidson,21,,,0,0.8024,,,0.8328,0.7143,0.8182,0.8431,0.8535,0.8652,0.716,0.7143,0.7202,0.7323,0.7485,0.7668,0.9246,0.9239,0.9258,0.9295,0.9346,0.9404,,L
637,Churchland Elementary,Davidson,68,,,0,0.9615,,,0.9583,0.9375,1,0.9688,0.9265,0.9846,0.9385,0.9381,0.9398,0.943,0.9473,0.952,0.9743,0.974,0.9748,0.9761,0.9781,0.9801,,H
638,Davidson Charter Academy,Davidson,89,,,0,0.9714,,,0.9596,0.9762,0.977,0.9663,0.9524,1,0.9409,0.9405,0.9421,0.9451,0.9492,0.9537,0.9749,0.9746,0.9754,0.9768,0.9786,0.9805,,H
639,Davis-Townsend Elementary,Davidson,78,,,0,0.9865,,,0.9813,0.9744,0.9661,1,1,1,0.9683,0.9681,0.9689,0.9706,0.9729,0.9754,0.9909,0.9908,0.991,0.9915,0.9921,0.9929,,H
640,Denton Elementary,Davidson,70,,,0,0.9701,,,0.9714,0.96,0.9677,0.9677,0.9571,1,0.9526,0.9522,0.9536,0.9561,0.9595,0.9631,0.9853,0.9851,0.9856,0.9864,0.9874,0.9886,,H
641,Fair Grove Elementary,Davidson,91,,,0,0.9918,,,0.987,0.978,0.9868,1,1,1,0.9762,0.9761,0.9768,0.9781,0.9797,0.9816,0.9945,0.9945,0.9946,0.9949,0.9953,0.9957,,H
642,Friedberg Elementary,Davidson,81,,,0,0.9697,,,0.9363,0.9714,1,0.9841,0.9688,0.9501,0.914,0.9135,0.9157,0.9202,0.926,0.9325,0.9558,0.9555,0.9567,0.9591,0.9621,0.9656,,H
643,Friendship Elementary,Davidson,87,,,0,0.9687,,,0.9698,0.9583,0.9722,0.9508,0.977,0.9825,0.9545,0.9541,0.9553,0.9577,0.9609,0.9645,0.9827,0.9826,0.983,0.984,0.9853,0.9867,,H
645,Hasty Elementary,Davidson,72,,,0,0.9864,,,0.9799,1,0.9839,0.9855,0.9697,1,0.9654,0.9653,0.9662,0.9681,0.9706,0.9732,0.9905,0.9904,0.9907,0.9912,0.9919,0.9927,,H
646,Midway Elementary,Davidson,98,,,0,0.9846,,,0.9822,0.9789,0.9694,0.9875,1,1,0.9712,0.9708,0.9716,0.9731,0.9752,0.9775,0.9905,0.9904,0.9907,0.9912,0.9919,0.9927,,H
648,Northwest Elementary,Davidson,110,,,0,0.9782,,,0.9776,0.9541,0.9604,0.9818,1,1,0.9653,0.9651,0.966,0.9679,0.9704,0.9731,0.9872,0.987,0.9874,0.988,0.989,0.99,,H
650,Pilot Elementary,Davidson,67,,,0,0.9927,,,0.9895,1,0.9796,1,0.9841,1,0.9784,0.9783,0.9788,0.98,0.9816,0.9833,0.9965,0.9965,0.9966,0.9967,0.997,0.9973,,H
651,Reeds Elementary,Davidson,52,,,0,0.9468,,,0.9617,0.9773,1,0.9762,0.7222,1,0.9399,0.9394,0.9412,0.9443,0.9484,0.9531,0.9788,0.9786,0.9792,0.9804,0.9819,0.9836,,M
652,Sheets Memorial Christian School,Davidson,32,,,0,0.9552,,,0.9537,0.9643,0.9375,1,0.9333,0.9444,0.9172,0.9165,0.9187,0.923,0.9286,0.9348,0.9798,0.9797,0.9803,0.9814,0.9828,0.9844,,H
653,Silver Valley Elementary,Davidson,51,,,0,0.9883,,,0.9807,0.9667,1,1,1,0.9677,0.9613,0.9609,0.9619,0.964,0.9668,0.9698,0.9933,0.9932,0.9934,0.9938,0.9943,0.9948,,H
656,South Lexington School,Davidson,200,,,0,0.9114,,,0.8871,1,0.9036,0.8555,0.9021,0.915,0.8675,0.8665,0.8698,0.8764,0.8848,0.8945,0.9058,0.9047,0.9071,0.9116,0.918,0.9252,,M
657,Southmont Elementary,Davidson,48,,,0,0.9862,,,0.9869,0.9792,0.9545,1,1,1,0.974,0.9738,0.9743,0.9757,0.9776,0.9797,0.9952,0.9952,0.9953,0.9956,0.9959,0.9963,,H
658,Southwood Elementary,Davidson,113,,,0,0.9782,,,0.9807,0.9485,0.9592,0.9823,1,1,0.9697,0.9695,0.9704,0.972,0.9741,0.9765,0.9894,0.9893,0.9896,0.9902,0.9909,0.9918,,H
659,Stoner-Thomas School,Davidson,6,,,0,0.9971,,,0.9746,1,1,1,1,1,0.9268,0.9262,0.9281,0.9318,0.9369,0.9425,0.9956,0.9955,0.9956,0.9959,0.9962,0.9965,,H
661,Tyro Elementary,Davidson,81,,,0,0.9808,,,0.9762,0.9808,0.9394,0.9841,1,1,0.9604,0.9601,0.9612,0.9633,0.9661,0.9691,0.988,0.9879,0.9882,0.9889,0.9897,0.9907,,H
662,Union Grove Christian School,Davidson,57,,,0,0.8214,,,0.8274,0.8772,0.825,0.8772,0.9091,0.6154,0.7855,0.7844,0.789,0.7985,0.8112,0.8263,0.865,0.8641,0.8675,0.8739,0.8825,0.8925,,L
663,Wallburg Elementary,Davidson,134,,,0,0.9748,,,0.9787,0.9828,0.9333,0.9681,0.9776,0.9916,0.9677,0.9674,0.9682,0.9699,0.9722,0.9748,0.9873,0.9872,0.9876,0.9882,0.9891,0.9901,,H
665,Welcome Elementary,Davidson,107,,,0,0.9508,,,0.9406,0.9802,0.9439,0.9126,0.967,0.9655,0.9223,0.9216,0.9238,0.928,0.9332,0.9391,0.9564,0.956,0.9571,0.9594,0.9625,0.9659,,H
666,Westchester Country Day School,Davidson,37,,,0,0.986,,,0.9829,1,0.9444,1,1,1,0.9626,0.9623,0.9632,0.9652,0.9678,0.9708,0.9945,0.9945,0.9946,0.9949,0.9953,0.9958,,H
667,Cooleemee Elementary,Davie,76,,,0,0.9636,,,0.9618,1,0.9211,0.9138,0.9853,1,0.9429,0.9424,0.9437,0.9466,0.9506,0.955,0.9775,0.9773,0.9779,0.9791,0.9807,0.9825,,H
668,Cornatzer Elementary,Davie,75,,,0,0.9895,,,0.9873,0.9692,1,1,1,0.9796,0.9762,0.976,0.9766,0.9779,0.9796,0.9815,0.9948,0.9947,0.9949,0.9952,0.9955,0.9959,,H
669,Mocksville Elementary,Davie,89,,,0,0.9607,,,0.9632,1,0.9756,0.8916,0.9684,0.9713,0.9452,0.9446,0.9461,0.9491,0.9529,0.9571,0.9779,0.9777,0.9783,0.9795,0.9811,0.9828,,H
670,Pinebrook Elementary,Davie,77,,,0,0.9698,,,0.9716,0.9737,0.9437,0.9733,0.961,1,0.9564,0.956,0.9573,0.9596,0.9626,0.966,0.984,0.9839,0.9842,0.985,0.9862,0.9875,,H
671,Shady Grove Elementary,Davie,83,,,0,0.9552,,,0.9614,0.9531,0.9733,0.9036,0.9669,0.9841,0.9422,0.9418,0.9433,0.9463,0.9503,0.9548,0.9769,0.9767,0.9774,0.9786,0.9803,0.9821,,H
672,Trinity Baptist Academy,Davie,10,,,0,0.7408,,,0.7951,0.6,0.7982,1,0.5556,0.8333,0.6615,0.66,0.666,0.6789,0.6967,0.7173,0.902,0.9012,0.9035,0.9083,0.915,0.9225,,L
673,William R Davie Elementary,Davie,67,,,0,0.9206,,,0.93,1,0.9821,0.9701,1,0.5962,0.9036,0.903,0.9053,0.9101,0.9166,0.9239,0.9527,0.9521,0.9533,0.9557,0.959,0.9627,,M
674,B F Grady Elementary,Duplin,100,,,0,0.9847,,,0.9875,1,0.9884,0.9667,1,0.9647,0.9786,0.9785,0.9791,0.9802,0.9817,0.9834,0.9939,0.9939,0.9941,0.9944,0.9949,0.9954,,H
675,Beulaville Elementary,Duplin,94,,,0,0.9967,,,0.9919,1,0.9894,1,1,1,0.9839,0.9838,0.9842,0.9851,0.9862,0.9875,0.9971,0.997,0.9971,0.9973,0.9975,0.9977,,H
676,Chinquapin Elementary,Duplin,67,,,0,0.9923,,,0.9888,0.9825,1,1,1,0.9825,0.9781,0.9779,0.9784,0.9796,0.9811,0.9829,0.9957,0.9956,0.9958,0.996,0.9963,0.9967,,H
677,Kenansville Elementary,Duplin,81,,,0,0.9923,,,0.986,0.9877,1,0.9828,1,1,0.9742,0.974,0.9748,0.9762,0.978,0.98,0.9942,0.9941,0.9943,0.9946,0.995,0.9955,,H
678,North Duplin Elementary,Duplin,111,,,0,0.9953,,,0.9936,1,1,0.9762,1,1,0.9869,0.9868,0.9871,0.9878,0.9888,0.9898,0.9977,0.9977,0.9978,0.9979,0.998,0.9982,,H
680,Rose Hill-Magnolia Elementary,Duplin,119,,,0,0.98,,,0.9774,0.9664,1,0.964,0.9807,0.9914,0.9654,0.9651,0.9661,0.968,0.9705,0.9731,0.987,0.9869,0.9872,0.988,0.9889,0.9899,,H
681,Wallace Christian Academy,Duplin,27,,,0,0.9964,,,0.982,1,1,1,,,0.9519,0.9514,0.9527,0.9553,,,0.9965,0.9965,0.9966,0.9967,,,,H
682,Wallace Elementary,Duplin,122,,,0,0.9849,,,0.9819,0.9918,0.9439,1,0.9909,1,0.9717,0.9715,0.9722,0.9737,0.9757,0.9779,0.9899,0.9898,0.9901,0.9907,0.9914,0.9922,,H
683,Warsaw Elementary,Duplin,100,,,0,0.9841,,,0.9841,0.9894,0.95,1,0.99,0.9888,0.9732,0.973,0.9738,0.9752,0.9771,0.9792,0.992,0.9919,0.9922,0.9926,0.9932,0.9938,,H
685,Bethesda Christian Academy,Durham,36,,,0,0.9765,,,0.9737,1,0.9474,0.9444,1,1,0.9483,0.948,0.9493,0.9518,0.9555,0.9596,0.9901,0.99,0.9903,0.9909,0.9916,0.9923,,H
686,Bethesda Elementary,Durham,138,,,0,0.8094,,,0.8499,0.9796,0.8523,0.8172,0.8188,0.6667,0.8202,0.8192,0.8233,0.8317,0.8429,0.8556,0.877,0.8758,0.8789,0.8848,0.8928,0.902,,L
687,Burton Elementary,Durham,48,,,0,0.9114,,,0.9131,0.8667,0.9318,0.9024,0.9375,0.9149,0.8831,0.8826,0.8854,0.8908,0.8983,0.9069,0.9392,0.9384,0.94,0.9431,0.9474,0.9522,,M
688,C C Spaulding Elementary,Durham,49,,,0,0.8667,,,0.8931,0.875,0.8367,0.7895,0.9074,0.9153,0.8507,0.8498,0.8535,0.8605,0.8701,0.881,0.9286,0.9279,0.9296,0.9333,0.9381,0.9437,,L
689,Camelot Academy,Durham,14,,,0,0.9918,,,0.9776,1,1,0.9792,1,1,0.9379,0.9372,0.9388,0.9421,0.9465,0.9514,0.9959,0.9959,0.996,0.9962,0.9965,0.9968,,H
690,Community School of Digital & Visual Art,Durham,26,,,0,0.9116,,,0.9349,0.875,0.7391,1,0.9439,1,0.8899,0.8887,0.8915,0.8969,0.9041,0.9123,0.9688,0.9686,0.9696,0.9713,0.9734,0.9759,,M
691,Central Park School For Children,Durham,66,,,0,0.9471,,,0.9551,0.9355,0.9545,1,0.8333,1,0.93,0.9294,0.9313,0.9349,0.9397,0.9452,0.9743,0.974,0.9748,0.9761,0.978,0.98,,M
692,Club Boulevard Elementary,Durham,61,,,0,0.9441,,,0.945,0.9231,0.9107,1,0.9527,0.9259,0.9207,0.9203,0.9224,0.9264,0.9318,0.9379,0.9651,0.9647,0.9656,0.9675,0.97,0.9728,,M
693,Creekside Elementary,Durham,133,,,0,0.9127,,,0.9208,0.9375,0.914,0.9091,0.8779,0.9248,0.9018,0.9012,0.9038,0.9087,0.9154,0.9228,0.9375,0.937,0.9386,0.9419,0.9463,0.9511,,M
696,Duke School,Durham,52,,,0,0.9942,,,0.9852,1,0.9796,1,1,1,0.9708,0.9706,0.9713,0.9729,0.975,0.9773,0.9944,0.9943,0.9945,0.9947,0.9952,0.9956,,H
697,Durham Academy,Durham,72,,,0,0.9991,,,0.9949,1,1,1,1,1,0.9884,0.9884,0.9887,0.9893,0.9901,0.991,0.9985,0.9985,0.9985,0.9986,0.9987,0.9988,,H
698,Durham Charter School,Durham,105,,,0,0.9925,,,0.9896,1,0.9878,0.9867,0.9911,1,0.9785,0.9783,0.9788,0.9799,0.9814,0.9832,0.9966,0.9966,0.9967,0.9968,0.9971,0.9973,,H
699,E K Powe Elementary,Durham,92,,,0,0.9455,,,0.9502,0.8913,0.9259,1,0.9572,0.9839,0.9291,0.9287,0.9306,0.9343,0.9392,0.9445,0.9687,0.9684,0.9693,0.9709,0.9732,0.9757,,M
700,Easley Elementary,Durham,93,,,0,0.9592,,,0.9634,0.8919,0.9639,0.9737,0.957,1,0.9469,0.9466,0.9479,0.9509,0.9546,0.9586,0.9768,0.9767,0.9773,0.9785,0.9802,0.982,,H
701,Eastway Elementary,Durham,60,,,0,0.875,,,0.8613,0.9143,0.8636,0.7273,0.8792,1,0.8264,0.8253,0.8293,0.8376,0.8485,0.8609,0.8931,0.8924,0.8951,0.9007,0.908,0.916,,L
702,Empowered Minds Academy,Durham,6,,,0,0.9689,,,0.9395,1,1,0.9436,0.9477,0.9523,0.8284,0.8272,0.8314,0.84,0.8508,0.8629,0.9892,0.989,0.9893,0.9899,0.9907,0.9915,,H
703,Eno Valley Elementary,Durham,123,,,0,0.7212,,,0.7572,0.9032,0.9344,0.8689,0.626,0.4079,0.7209,0.7195,0.7252,0.7365,0.752,0.7699,0.7925,0.7913,0.7957,0.8051,0.8176,0.8318,,L
704,Excelsior Classical Academy,Durham,94,,,0,0.9525,,,0.9636,0.9043,0.9149,0.9677,0.9688,1,0.9476,0.9471,0.9486,0.9515,0.9551,0.9592,0.9771,0.9769,0.9776,0.9789,0.9805,0.9823,,H
706,Fayetteville Street Elementary,Durham,35,,,0,0.8815,,,0.8873,0.9143,0.9412,0.875,0.9022,0.7714,0.8432,0.8426,0.8462,0.8536,0.8635,0.8748,0.9245,0.9239,0.926,0.9301,0.9353,0.941,,L
709,Five Oaks SDA School,Durham,3,,,0,0.9941,,,0.9648,1,1,1,1,1,0.8853,0.8843,0.8867,0.8923,0.9,0.9087,0.9947,0.9947,0.9948,0.9951,0.9955,0.9959,,H
710,Forest View Elementary,Durham,116,,,0,0.9299,,,0.9304,0.9469,0.9592,0.93,0.9569,0.8596,0.9099,0.9091,0.9114,0.916,0.922,0.9288,0.9481,0.9478,0.9491,0.9517,0.9554,0.9594,,M
711,George Watts Elementary,Durham,57,,,0,0.9163,,,0.925,0.9464,0.9623,0.9286,0.9574,0.7895,0.8976,0.8968,0.8994,0.9046,0.9114,0.9191,0.9487,0.9483,0.9496,0.9523,0.9559,0.9598,,M
712,Gift of Knowledge Academy,Durham,4,,,0,0.9772,,,0.9608,1,1,0.9635,0.9662,0.9692,0.8691,0.8683,0.8715,0.878,0.8865,0.8959,0.9945,0.9944,0.9945,0.9948,0.9952,0.9957,,H
713,Glenn Elementary,Durham,100,,,0,0.9512,,,0.9488,0.9792,0.9211,0.9589,0.97,0.9324,0.9312,0.9307,0.9324,0.936,0.9408,0.946,0.9646,0.9643,0.9653,0.9672,0.9697,0.9724,,H
714,Global Scholars Academy,Durham,29,,,0,0.9173,,,0.891,0.931,0.875,1,0.9054,0.9091,0.837,0.836,0.8398,0.8474,0.8576,0.8693,0.9342,0.9336,0.9353,0.9387,0.9433,0.9484,,M
715,Gorman Christian Academy,Durham,20,,,0,0.9661,,,0.9687,0.95,0.9444,1,1,0.9375,0.9357,0.9354,0.9372,0.9405,0.9449,0.9498,0.9898,0.9897,0.99,0.9906,0.9913,0.9921,,H
716,Heritage Leadership Academy - Durham,Durham,13,,,0,0.7917,,,0.8367,0.8462,0.6923,,,,0.6953,0.6952,0.7008,,,,0.9397,0.9392,0.9411,,,,,L
718,Hillandale Elementary,Durham,95,,,0,0.9172,,,0.9106,0.9444,0.9053,0.9101,0.9227,0.9103,0.8866,0.8857,0.8886,0.894,0.9014,0.9098,0.9321,0.9315,0.9332,0.9367,0.9415,0.9467,,M
719,Holt Elementary,Durham,148,,,0,0.898,,,0.8968,0.9175,0.8878,0.8571,0.8851,0.9412,0.8751,0.8745,0.8776,0.8837,0.8918,0.901,0.9163,0.9156,0.9177,0.922,0.9276,0.934,,L
721,Hope Valley Elementary,Durham,103,,,0,0.8378,,,0.8113,0.9789,0.9294,0.9479,0.5258,0.8477,0.7782,0.7769,0.7816,0.7912,0.8047,0.8199,0.8422,0.8414,0.8451,0.8525,0.8624,0.8738,,L
722,Ignite Online Academy,Durham,11,,,0,0.9066,,,0.9077,0.8,0.9093,1,,,0.7776,0.7767,0.7827,0.7922,,,0.9785,0.9782,0.9788,0.9799,,,,M
723,Immaculata Catholic School,Durham,57,,,0,0.9898,,,0.977,1,1,0.98,1,0.9821,0.957,0.9566,0.9575,0.9599,0.9629,0.9662,0.9905,0.9904,0.9908,0.9913,0.9919,0.9927,,H
725,International Montessori School Durham County,Durham,32,,,0,0.9887,,,0.9796,1,1,1,0.9444,1,0.953,0.9525,0.9539,0.9563,0.9595,0.9631,0.9943,0.9942,0.9944,0.9947,0.9951,0.9955,,H
726,KIPP Durham College Preparatory,Durham,61,,,0,0.7404,,,0.7439,0.7143,0.9836,0.4909,,,0.678,0.6753,0.6811,0.6938,,,0.8057,0.8047,0.8093,0.8181,,,,L
727,Kestrel Heights School,Durham,56,,,0,0.9119,,,0.9195,0.9231,0.9024,0.8393,0.9512,0.9737,0.8861,0.8856,0.8884,0.894,0.9014,0.9099,0.948,0.9477,0.9489,0.9515,0.9551,0.9592,,M
731,Lerner School,Durham,18,,,0,0.7872,,,0.834,0.7222,0.625,0.8443,0.8545,0.8662,0.7248,0.723,0.7279,0.7394,0.755,0.7727,0.9216,0.9214,0.9234,0.9276,0.9328,0.9387,,L
732,Liberty Christian School,Durham,22,,,0,0.8416,,,0.8571,1,0.8182,0.8663,0.8754,0.6667,0.7753,0.7736,0.7785,0.7885,0.8023,0.8175,0.9241,0.9235,0.9253,0.9292,0.9344,0.9402,,L
733,Little River Elementary,Durham,72,,,0,0.9504,,,0.9565,0.9583,1,1,0.9592,0.7941,0.9341,0.9336,0.9352,0.9387,0.9432,0.9483,0.9747,0.9744,0.9751,0.9765,0.9783,0.9803,,H
735,Mangum Elementary,Durham,58,,,0,0.9632,,,0.9715,0.98,1,0.931,0.9756,0.92,0.9525,0.9521,0.9535,0.956,0.9593,0.963,0.9853,0.9852,0.9856,0.9864,0.9875,0.9886,,H
736,Maureen Joy Charter School,Durham,68,,,0,0.9889,,,0.9887,0.9706,0.9851,1,0.9903,1,0.9773,0.9772,0.9777,0.9789,0.9805,0.9823,0.9958,0.9957,0.9959,0.9961,0.9964,0.9967,,H
737,Merrick-Moore Elementary,Durham,96,,,0,0.9372,,,0.9454,0.9385,0.9464,0.9492,0.8958,0.9551,0.9229,0.9223,0.9243,0.9282,0.9333,0.9392,0.9646,0.9643,0.9652,0.9671,0.9696,0.9724,,M
739,Montessori Community School,Durham,28,,,0,0.9571,,,0.8894,1,0.9615,1,0.9643,0.9286,0.8331,0.8323,0.8359,0.8443,0.8548,0.8667,0.9356,0.9351,0.9368,0.9402,0.9446,0.9495,,H
741,Montessori School of Durham,Durham,20,,,0,0.9735,,,0.9634,0.9333,1,0.966,0.9686,1,0.9164,0.916,0.918,0.9219,0.9276,0.934,0.9908,0.9907,0.9909,0.9914,0.9921,0.9928,,H
742,Morehead Montessori,Durham,50,,,0,0.9118,,,0.9308,0.9318,0.94,0.9362,0.8846,0.8205,0.9017,0.9008,0.9031,0.908,0.9145,0.9219,0.9566,0.9562,0.9575,0.9598,0.9629,0.9663,,M
745,NC Virtual Academy,Durham,270,,,0,0.8797,,,0.867,0.7851,0.8362,0.88,0.8843,1,0.8453,0.8446,0.8483,0.8557,0.8655,0.8766,0.8863,0.8853,0.888,0.8936,0.9012,0.9096,,L
746,North Carolina Cyber Academy,Durham,206,,,0,0.9665,,,0.9491,0.9757,0.95,1,0.9563,1,0.9256,0.925,0.9268,0.9306,0.9357,0.9414,0.9685,0.9683,0.9691,0.9708,0.9731,0.9755,,H
747,Oak Grove Elementary,Durham,88,,,0,0.9021,,,0.9287,0.9231,0.931,0.8889,0.8295,0.9342,0.9066,0.9057,0.908,0.9126,0.919,0.9261,0.9484,0.948,0.9494,0.9522,0.9558,0.9597,,M
748,Our Playhouse Preschool & Kindergarten,Durham,2,,,0,0.9677,,,0.8988,1,1,1,0.912,0.9195,0.7703,0.7683,0.7725,0.7824,0.7962,0.8116,0.9725,0.9724,0.9732,0.9747,0.9766,0.9788,,H
749,Parkwood Elementary,Durham,138,,,0,0.9128,,,0.9023,0.8795,0.8485,0.8525,0.9928,0.9184,0.8782,0.8772,0.8802,0.8863,0.8943,0.9033,0.9242,0.9234,0.9254,0.9293,0.9344,0.9402,,M
750,Pearsontown Elementary,Durham,132,,,0,0.9562,,,0.9669,0.9524,0.9394,0.9224,0.9901,0.9727,0.9555,0.9551,0.9563,0.9587,0.9619,0.9654,0.9769,0.9766,0.9773,0.9785,0.9801,0.982,,H
752,R N Harris Elementary,Durham,49,,,0,0.9547,,,0.9481,1,0.9512,0.9487,0.9302,0.9592,0.9207,0.9202,0.922,0.9261,0.9315,0.9375,0.9705,0.9703,0.9711,0.9726,0.9748,0.9771,,H
754,Research Triangle Charter,Durham,97,,,0,0.9363,,,0.951,0.9655,1,0.9878,0.9794,0.7526,0.9331,0.9326,0.9341,0.9377,0.9423,0.9474,0.9662,0.9658,0.9668,0.9686,0.971,0.9736,,M
755,Sandy Ridge Elementary School,Durham,94,,,0,0.9642,,,0.9202,0.9403,0.9362,0.9872,1,1,0.8987,0.8978,0.9004,0.9054,0.9122,0.9198,0.9399,0.9394,0.941,0.9444,0.9485,0.9531,,H
758,Southwest Elementary,Durham,122,,,0,0.9685,,,0.9565,0.9626,0.9725,0.9909,0.9626,0.966,0.939,0.9387,0.9403,0.9435,0.9476,0.9523,0.971,0.9708,0.9716,0.9731,0.9752,0.9775,,H
760,The Studio School of Durham,Durham,8,,,0,0.9587,,,0.9551,1,0.9559,0.875,1,1,0.8775,0.8764,0.8793,0.8852,0.8934,0.9024,0.9915,0.9914,0.9917,0.9922,0.9928,0.9934,,H
761,The Institute for the Development of Young Leaders,Durham,51,,,0,0.7663,,,0.7832,1,0.7865,0.9804,0.8089,0.1628,0.7201,0.7181,0.7238,0.7355,0.7512,0.7694,0.8396,0.8385,0.8423,0.8498,0.86,0.8715,,L
762,Triangle Day School,Durham,35,,,0,0.9682,,,0.9693,1,1,0.9375,0.9091,1,0.9449,0.9444,0.9459,0.9488,0.9526,0.9569,0.9862,0.9861,0.9866,0.9873,0.9883,0.9894,,H
764,Voyager Academy,Durham,103,,,0,0.99,,,0.9892,0.99,0.9806,1,0.98,1,0.981,0.9808,0.9813,0.9823,0.9837,0.9852,0.9951,0.995,0.9951,0.9954,0.9957,0.9961,,H
765,W G Pearson Elementary,Durham,67,,,0,0.8713,,,0.8741,0.9388,0.94,0.9737,0.8955,0.661,0.8392,0.8378,0.8414,0.849,0.8592,0.871,0.9037,0.9032,0.9058,0.9108,0.9172,0.9244,,L
766,Y E Smith Elementary,Durham,60,,,0,0.9115,,,0.9097,0.9167,0.9113,0.9159,0.8958,0.9184,0.8771,0.8762,0.8789,0.8848,0.8928,0.9021,0.9384,0.9379,0.9395,0.9428,0.9471,0.9518,,M
767,Coker-Wimberly Elementary,Edgecombe,50,,,0,0.974,,,0.9779,1,0.9,0.98,0.975,1,0.9583,0.958,0.9591,0.9612,0.9642,0.9675,0.9911,0.991,0.9912,0.9917,0.9923,0.9931,,H
768,Fairview Elementary School,Edgecombe,104,,,0,0.7902,,,0.8347,0.8627,0.8171,0.3654,0.9604,0.9412,0.8066,0.8056,0.8104,0.8191,0.8307,0.8443,0.8616,0.8602,0.8635,0.8703,0.8792,0.8894,,L
769,G W Bulluck Elementary,Edgecombe,90,,,0,0.9583,,,0.9622,1,0.9231,0.9556,0.9444,0.9651,0.9468,0.9466,0.9481,0.9509,0.9545,0.9586,0.9751,0.9748,0.9754,0.9767,0.9785,0.9805,,H
770,G W Carver Elementary,Edgecombe,103,,,0,0.952,,,0.9559,0.9759,0.9012,0.9029,1,0.9868,0.9385,0.938,0.9398,0.943,0.9472,0.9519,0.9703,0.9701,0.9709,0.9725,0.9746,0.9769,,H
771,Martin Millennium Academy,Edgecombe,72,,,0,0.9618,,,0.9668,1,0.9583,0.8772,1,0.9706,0.9488,0.9483,0.9497,0.9524,0.956,0.9599,0.9812,0.981,0.9815,0.9825,0.9839,0.9853,,H
772,North East Carolina Prep,Edgecombe,100,,,0,0.9613,,,0.9653,0.95,0.9677,0.9455,0.9434,1,0.9471,0.9466,0.9481,0.9509,0.9545,0.9587,0.9801,0.9799,0.9805,0.9815,0.983,0.9846,,H
773,Princeville Elementary,Edgecombe,44,,,0,0.9566,,,0.9539,1,0.9231,0.8837,1,1,0.9273,0.9265,0.9285,0.9322,0.9371,0.9428,0.9751,0.9748,0.9755,0.9769,0.9787,0.9806,,H
774,Stocks Elementary,Edgecombe,70,,,0,0.9406,,,0.9523,0.9643,0.8286,0.9219,1,1,0.9324,0.9319,0.9336,0.9373,0.9421,0.9472,0.9688,0.9685,0.9693,0.971,0.9732,0.9757,,M
775,Appalachian Academy at Middle Fork,Forsyth,55,,,0,0.9788,,,0.9784,0.9636,1,0.9565,0.9815,1,0.9592,0.9587,0.9597,0.9619,0.9648,0.968,0.9915,0.9914,0.9917,0.9921,0.9927,0.9934,,H
776,Ashley Academy,Forsyth,60,,,0,0.9442,,,0.9341,0.95,0.8723,0.9821,0.9661,0.9483,0.9048,0.904,0.9065,0.9112,0.9177,0.9249,0.9601,0.9597,0.9607,0.9629,0.9656,0.9687,,M
777,Berean Christian School,Forsyth,4,,,0,0.8382,,,0.896,0,1,1,0.75,1,0.7407,0.7401,0.7453,0.7557,0.7702,0.7872,0.9784,0.9782,0.9787,0.9799,0.9814,0.9832,,L
778,Bolton Elementary,Forsyth,64,,,0,0.9794,,,0.982,0.9778,0.9672,0.9688,0.9833,1,0.9667,0.9665,0.9674,0.9691,0.9715,0.9741,0.9924,0.9924,0.9926,0.993,0.9936,0.9942,,H
779,Brunson Elementary,Forsyth,61,,,0,0.9652,,,0.9652,0.8919,1,0.9344,1,0.9825,0.9446,0.9443,0.9458,0.9487,0.9526,0.9568,0.9807,0.9806,0.9811,0.9821,0.9835,0.985,,H
780,Caleb's Creek Elementary,Forsyth,107,,,0,0.9526,,,0.9624,0.9101,0.9579,0.9286,0.9533,1,0.9485,0.9482,0.9496,0.9523,0.9558,0.9598,0.9746,0.9743,0.9749,0.9763,0.9781,0.9801,,H
782,Calvary Day School,Forsyth,60,,,0,0.9344,,,0.9422,0.9,0.8947,0.9464,0.9792,0.9547,0.9125,0.9117,0.9138,0.9183,0.9242,0.9308,0.967,0.9666,0.9675,0.9692,0.9716,0.9741,,M
783,Carter G. Woodson School,Forsyth,43,,,0,0.6968,,,0.7799,0.9062,0.2667,0.6279,0.9722,0.56,0.7275,0.7264,0.7315,0.7426,0.7576,0.7754,0.8274,0.8261,0.8303,0.8384,0.8488,0.861,,L
784,Cash Elementary,Forsyth,94,,,0,0.9745,,,0.9731,0.9639,0.9481,0.9718,0.9894,1,0.9589,0.9585,0.9596,0.9619,0.9647,0.9679,0.9846,0.9844,0.9848,0.9857,0.9868,0.988,,H
785,Cathedral Oak Academy,Forsyth,22,,,0,0.6616,,,0.6939,0.7273,0.4667,0.6923,0.7143,,0.5786,0.5767,0.5831,0.5967,0.6163,,0.7982,0.7969,0.8014,0.8105,0.8229,,,L
787,Clemmons Elementary,Forsyth,136,,,0,0.985,,,0.9814,1,0.9752,0.9695,0.9852,1,0.9714,0.9711,0.9719,0.9734,0.9755,0.9778,0.9891,0.989,0.9893,0.9899,0.9907,0.9916,,H
789,Petree Elementary,Forsyth,86,,,0,0.9344,,,0.9425,0.9697,0.9186,0.9538,0.9067,0.9242,0.9216,0.9212,0.9233,0.9273,0.9326,0.9385,0.9605,0.9603,0.9614,0.9634,0.9661,0.9692,,M
790,Diggs-Latham Elementary,Forsyth,62,,,0,0.988,,,0.9789,0.9667,1,1,0.9825,1,0.9642,0.9638,0.9647,0.9665,0.969,0.9719,0.9901,0.99,0.9903,0.9909,0.9916,0.9923,,H
791,Easton Elementary School,Forsyth,81,,,0,0.9689,,,0.971,0.9452,0.962,0.9506,0.9877,1,0.9554,0.9551,0.9563,0.9587,0.9618,0.9652,0.9833,0.9832,0.9837,0.9846,0.9858,0.9871,,H
793,Frank Morgan Elementary,Forsyth,125,,,0,0.9733,,,0.9735,0.96,0.955,0.9675,0.9909,1,0.9611,0.9607,0.9618,0.9639,0.9666,0.9696,0.9834,0.9833,0.9838,0.9847,0.9859,0.9871,,H
794,Forest Park Elementary,Forsyth,84,,,0,0.9322,,,0.934,0.9365,0.9385,0.8961,1,0.8929,0.9118,0.9111,0.9133,0.9178,0.9237,0.9304,0.9534,0.953,0.9542,0.9566,0.9598,0.9634,,M
795,Forsyth Academy,Forsyth,96,,,0,0.987,,,0.9869,0.9891,0.9778,0.9891,1,0.9785,0.9773,0.9771,0.9778,0.979,0.9806,0.9824,0.9939,0.9939,0.994,0.9944,0.9948,0.9953,,H
796,Forsyth Country Day School,Forsyth,58,,,0,0.9699,,,0.972,0.9375,0.9024,1,1,1,0.951,0.9508,0.9523,0.9547,0.9581,0.9619,0.9875,0.9873,0.9876,0.9883,0.9892,0.9902,,H
797,Gibson Elementary,Forsyth,87,,,0,0.9341,,,0.95,0.9167,0.9157,0.9506,1,0.869,0.931,0.9304,0.9322,0.9358,0.9406,0.9459,0.9662,0.966,0.9669,0.9687,0.971,0.9737,,M
798,Gospel Light Christian School,Forsyth,44,,,0,0.85,,,0.8797,0.7647,0.7941,0.875,0.8182,1,0.8371,0.8361,0.84,0.8478,0.858,0.8699,0.9172,0.9165,0.9186,0.9229,0.9285,0.9347,,L
799,Griffith Elementary,Forsyth,102,,,0,0.9146,,,0.9131,0.7294,0.951,0.9186,1,0.9859,0.8874,0.8866,0.8894,0.8948,0.9024,0.9108,0.9347,0.9341,0.9358,0.9392,0.9436,0.9486,,M
800,Hall-Woodward Elementary,Forsyth,108,,,0,0.9348,,,0.945,0.939,0.8778,0.9239,0.9537,0.967,0.9272,0.9268,0.9287,0.9325,0.9374,0.943,0.9604,0.9601,0.9612,0.9632,0.966,0.9692,,M
801,Ibraham Elementary,Forsyth,53,,,0,0.9938,,,0.9838,1,1,0.9808,1,1,0.9685,0.9682,0.9691,0.9708,0.973,0.9755,0.9938,0.9937,0.9939,0.9942,0.9947,0.9952,,H
804,Jefferson Elementary,Forsyth,89,,,0,0.9761,,,0.9797,0.9737,0.9634,0.9551,0.988,1,0.9668,0.9668,0.9677,0.9694,0.9717,0.9743,0.9894,0.9893,0.9896,0.9902,0.9909,0.9918,,H
805,Kernersville Elementary,Forsyth,106,,,0,0.9688,,,0.9762,0.963,0.9318,0.9811,0.9787,0.9783,0.9643,0.9639,0.9648,0.9667,0.9692,0.972,0.9858,0.9858,0.9862,0.987,0.988,0.9891,,H
806,Kimberley Park Elementary,Forsyth,69,,,0,0.9175,,,0.9135,0.9275,0.9444,0.913,1,0.8235,0.8826,0.8819,0.8849,0.8906,0.8983,0.907,0.9404,0.9398,0.9414,0.9444,0.9486,0.9532,,M
807,Kimmel Farm Elementary,Forsyth,130,,,0,0.9424,,,0.9523,0.7951,0.976,0.9769,0.9752,0.9756,0.938,0.9377,0.9395,0.9426,0.947,0.9517,0.9649,0.9645,0.9655,0.9674,0.9699,0.9726,,M
809,Konnoak Elementary,Forsyth,109,,,0,0.9747,,,0.9703,1,0.9737,0.9633,0.9867,0.956,0.9567,0.9563,0.9574,0.9597,0.9628,0.9661,0.9816,0.9814,0.9819,0.9829,0.9842,0.9857,,H
810,Lewisville Elementary,Forsyth,104,,,0,0.9811,,,0.9823,0.9712,0.9898,0.978,0.9651,1,0.9718,0.9716,0.9723,0.9739,0.9758,0.9781,0.9904,0.9904,0.9906,0.9911,0.9918,0.9926,,H
811,Meadowlark Elementary,Forsyth,139,,,0,0.9763,,,0.976,0.9364,1,0.9777,0.9784,0.9853,0.9631,0.9629,0.9639,0.9658,0.9684,0.9712,0.9861,0.986,0.9864,0.9871,0.9881,0.9892,,H
813,Mineral Springs Elementary,Forsyth,94,,,0,0.9199,,,0.9362,0.7528,0.9468,0.913,0.978,1,0.9156,0.9149,0.9174,0.9217,0.9275,0.9338,0.954,0.9535,0.9547,0.9571,0.9604,0.964,,M
815,Montessori School of Winston-Salem,Forsyth,31,,,0,0.9254,,,0.8948,0.95,0.9474,0.9231,0.9677,0.8421,0.8423,0.8415,0.8451,0.8524,0.8626,0.874,0.9384,0.9381,0.9396,0.9428,0.9471,0.9519,,M
816,Moore Magnet Elementary,Forsyth,74,,,0,0.9852,,,0.9733,0.9649,1,1,1,0.973,0.9594,0.959,0.9599,0.9622,0.965,0.9682,0.9848,0.9847,0.9851,0.9859,0.987,0.9882,,H
817,NC Leadership Charter Academy,Forsyth,89,,,0,0.9763,,,0.9788,0.9885,0.9663,0.9432,0.9818,1,0.9647,0.9646,0.9655,0.9673,0.9697,0.9725,0.9891,0.989,0.9893,0.9899,0.9907,0.9916,,H
818,North Hills Elementary,Forsyth,82,,,0,0.9618,,,0.9474,0.9571,0.9833,0.939,0.9878,0.9589,0.9246,0.924,0.9258,0.9297,0.9349,0.9407,0.9665,0.9661,0.9669,0.9687,0.9711,0.9738,,H
819,Old Richmond Elementary,Forsyth,69,,,0,0.9534,,,0.9551,0.942,0.9138,0.9583,0.9615,1,0.929,0.9283,0.9302,0.9339,0.9388,0.9442,0.9752,0.9751,0.9757,0.977,0.9787,0.9807,,H
820,Old Town Elementary,Forsyth,90,,,0,0.9538,,,0.9638,0.8333,0.9647,0.9882,0.9882,0.9889,0.9489,0.9485,0.9498,0.9527,0.9563,0.9602,0.9761,0.976,0.9766,0.9779,0.9796,0.9815,,H
821,Our Lady of Mercy Catholic Sch,Forsyth,25,,,0,0.977,,,0.9716,0.96,1,1,0.95,1,0.9422,0.9415,0.9431,0.9461,0.9502,0.9547,0.9906,0.9906,0.9909,0.9913,0.992,0.9928,,H
822,Piney Grove Elementary,Forsyth,112,,,0,0.9735,,,0.9703,0.9554,0.9815,0.9798,0.9651,0.9898,0.9562,0.9558,0.957,0.9592,0.9624,0.9658,0.9817,0.9815,0.982,0.983,0.9844,0.9858,,H
823,Quality Education Academy,Forsyth,73,,,0,0.7605,,,0.8004,0.9315,0.7719,0.7333,0.831,0.4615,0.765,0.7636,0.7684,0.7783,0.7919,0.808,0.8348,0.8335,0.8372,0.8448,0.8552,0.8669,,L
824,Rise Academy Street School,Forsyth,7,,,0,0.9257,,,0.8648,0.8571,1,0.8734,1,1,0.7384,0.7373,0.7428,0.7539,0.7687,0.7858,0.9513,0.9509,0.9521,0.9547,0.9581,0.962,,M
825,Redeemer School,Forsyth,28,,,0,0.9435,,,0.9345,0.9286,0.92,0.9391,0.9435,1,0.8866,0.8861,0.8888,0.8946,0.902,0.9104,0.9691,0.9688,0.9697,0.9713,0.9735,0.976,,M
826,Rural Hall Elementary,Forsyth,89,,,0,0.989,,,0.9846,0.975,0.9872,0.9851,1,1,0.9738,0.9737,0.9743,0.9757,0.9776,0.9796,0.9924,0.9923,0.9926,0.993,0.9935,0.9941,,H
827,Salem Baptist Christian School,Forsyth,40,,,0,0.9429,,,0.9463,0.9524,0.9655,0.925,0.8846,1,0.9101,0.9095,0.912,0.9163,0.9224,0.9293,0.9736,0.9734,0.9741,0.9755,0.9774,0.9795,,M
828,Salem Montessori School,Forsyth,21,,,0,0.9496,,,0.9512,0.9524,0.9444,,,,0.8859,0.8847,0.8875,,,,0.9882,0.9881,0.9884,,,,,M
829,Sedge Garden Elementary,Forsyth,127,,,0,0.9675,,,0.9715,0.9802,0.9273,0.9606,0.973,0.9919,0.9594,0.9591,0.9602,0.9624,0.9652,0.9685,0.9817,0.9815,0.9819,0.983,0.9843,0.9857,,H
831,Sherwood Forest Elementary,Forsyth,119,,,0,0.9781,,,0.9805,0.9748,0.9709,0.9739,0.9732,1,0.9698,0.9697,0.9704,0.9721,0.9742,0.9765,0.9886,0.9885,0.9888,0.9894,0.9902,0.9912,,H
832,Smith Farm Elementary,Forsyth,73,,,0,0.9726,,,0.9744,0.9726,0.9322,0.9483,1,1,0.9593,0.959,0.96,0.9622,0.9651,0.9683,0.9863,0.9862,0.9866,0.9873,0.9883,0.9893,,H
833,South Fork Elementary,Forsyth,93,,,0,0.8705,,,0.9077,0.987,0.5256,0.7975,1,1,0.8826,0.8819,0.8848,0.8907,0.8986,0.9073,0.9301,0.9296,0.9314,0.935,0.9397,0.945,,L
834,Southwest Elementary,Forsyth,79,,,0,0.9693,,,0.9724,0.9873,0.9459,0.9394,0.9697,1,0.9575,0.9572,0.9583,0.9605,0.9635,0.9668,0.9844,0.9842,0.9846,0.9855,0.9866,0.9879,,H
835,Speas Elementary,Forsyth,149,,,0,0.9599,,,0.9664,0.9701,0.9244,0.9355,0.9799,0.976,0.954,0.9535,0.9546,0.9571,0.9603,0.964,0.9769,0.9767,0.9773,0.9786,0.9803,0.9821,,H
837,St. John's Lutheran Day Sch.,Forsyth,19,,,0,0.9584,,,0.9628,1,0.8571,1,0.9333,1,0.9202,0.9196,0.9215,0.9258,0.9313,0.9373,0.9881,0.9881,0.9884,0.989,0.9899,0.9908,,H
838,St. Leo Catholic School,Forsyth,27,,,0,0.9579,,,0.9593,0.92,0.9601,1,0.9048,1,0.9222,0.9215,0.9233,0.9271,0.9325,0.9385,0.9838,0.9836,0.9841,0.9849,0.9861,0.9873,,H
839,Summit School,Forsyth,45,,,0,0.984,,,0.9763,1,0.9474,1,0.9744,1,0.9565,0.9562,0.9573,0.9596,0.9626,0.966,0.9902,0.99,0.9903,0.9909,0.9916,0.9924,,H
840,The Arts Based School,Forsyth,96,,,0,0.9375,,,0.9178,0.9271,0.9663,0.9362,0.9492,0.9333,0.8917,0.891,0.8938,0.8992,0.9064,0.9146,0.9404,0.9399,0.9416,0.9446,0.9488,0.9535,,M
841,The Downtown School,Forsyth,45,,,0,0.9943,,,0.9879,1,1,0.9773,1,1,0.975,0.9747,0.9755,0.9769,0.9787,0.9807,0.996,0.9959,0.9961,0.9963,0.9966,0.9969,,H
843,The Special Children's School,Forsyth,13,,,0,0.9925,,,0.98,1,1,1,1,0.9845,0.9434,0.9431,0.9446,0.9475,0.9514,0.9557,0.9963,0.9963,0.9964,0.9966,0.9969,0.9971,,H
844,Triad Baptist Christian Academy,Forsyth,45,,,0,0.9549,,,0.9575,0.9333,0.9556,0.9167,0.9524,1,0.9279,0.9274,0.9293,0.933,0.9378,0.9434,0.9791,0.9789,0.9795,0.9806,0.982,0.9837,,H
845,Union Cross Traditional Acad,Forsyth,81,,,0,0.9833,,,0.9783,0.9615,0.9744,1,1,0.9855,0.9652,0.9649,0.9657,0.9676,0.97,0.9728,0.988,0.9879,0.9883,0.9889,0.9898,0.9908,,H
846,Vienna Elementary,Forsyth,116,,,0,0.9852,,,0.9819,0.9818,0.9725,0.9914,0.9846,1,0.9711,0.9709,0.9717,0.9733,0.9754,0.9777,0.9908,0.9907,0.991,0.9915,0.9921,0.9929,,H
848,Walkertown Elementary,Forsyth,120,,,0,0.969,,,0.9678,0.9111,0.9903,0.9583,0.9885,1,0.9539,0.9537,0.9549,0.9573,0.9606,0.9642,0.9793,0.9791,0.9797,0.9808,0.9823,0.984,,H
849,Ward Elementary,Forsyth,86,,,0,0.9647,,,0.9599,0.9333,0.9655,0.9419,1,0.9868,0.9437,0.9434,0.9448,0.9478,0.9517,0.9561,0.9736,0.9733,0.974,0.9755,0.9774,0.9795,,H
850,Whitaker Elementary,Forsyth,92,,,0,0.9866,,,0.9815,0.9891,0.9647,1,0.9844,1,0.9691,0.9689,0.9698,0.9715,0.9736,0.9761,0.9906,0.9905,0.9907,0.9913,0.9919,0.9927,,H
851,Winston Salem Christian School,Forsyth,35,,,0,0.8234,,,0.8519,0.7083,0.8947,0.8,0.7647,1,0.7985,0.7972,0.8019,0.8111,0.8232,0.8372,0.8975,0.8967,0.8991,0.9039,0.9106,0.9182,,L
852,Woodland Baptist Chr. Sch.,Forsyth,22,,,0,0.9441,,,0.9524,0.9375,0.9545,0.8824,1,0.9412,0.9093,0.9086,0.911,0.9156,0.9216,0.9285,0.9809,0.9809,0.9814,0.9824,0.9838,0.9853,,M
854,Bunn Elementary,Franklin,100,,,0,0.9711,,,0.9625,0.9792,0.9634,0.96,0.978,0.9865,0.9464,0.9461,0.9476,0.9504,0.9541,0.9582,0.9759,0.9757,0.9764,0.9777,0.9795,0.9814,,H
856,Commission Leadership Academy,Franklin,32,,,0,0.6977,,,0.7042,0.7188,0.5517,0.6875,0.8125,,0.6219,0.6204,0.6275,0.6412,0.6598,,0.78,0.7777,0.7824,0.7923,0.8055,,,L
858,Edward Best Elementary,Franklin,83,,,0,0.968,,,0.9655,0.9759,0.9744,0.96,0.9704,0.961,0.9468,0.9464,0.9478,0.9506,0.9543,0.9584,0.9803,0.9801,0.9807,0.9817,0.9831,0.9847,,H
859,Franklinton Elementary,Franklin,85,,,0,0.9379,,,0.8959,0.9701,0.9077,0.9429,0.9529,0.9531,0.8685,0.868,0.871,0.8774,0.8858,0.8955,0.9212,0.9205,0.9224,0.9264,0.9318,0.9378,,M
860,Laurel Mill Elementary,Franklin,54,,,0,0.9564,,,0.9631,0.963,0.9375,0.9333,0.9574,0.9767,0.9413,0.9409,0.9425,0.9456,0.9497,0.9542,0.9798,0.9796,0.9802,0.9813,0.9828,0.9844,,H
861,Long Mill Elementary,Franklin,77,,,0,0.9386,,,0.9304,0.974,0.9016,0.9259,0.8955,1,0.9071,0.9065,0.9089,0.9136,0.9198,0.9267,0.9503,0.9498,0.9512,0.9537,0.9573,0.9612,,M
862,Louisburg Elementary,Franklin,78,,,0,0.9765,,,0.9766,0.9661,0.9592,0.9574,0.9872,1,0.9601,0.9598,0.9608,0.963,0.9658,0.9689,0.9881,0.988,0.9884,0.989,0.9899,0.9908,,H
863,Royal Elementary,Franklin,62,,,0,0.9715,,,0.9618,0.9677,0.9434,0.9574,1,1,0.9426,0.9421,0.9436,0.9465,0.9506,0.9551,0.9772,0.9769,0.9776,0.9789,0.9805,0.9823,,H
865,Wake Preparatory Academy,Franklin,170,,,0,0.9552,,,0.9547,0.9529,0.9675,0.9456,,,0.935,0.9344,0.9361,0.9395,,,0.9713,0.971,0.9718,0.9733,,,,H
867,Youngsville Elementary,Franklin,71,,,0,0.9468,,,0.9525,0.9286,0.9155,0.9839,0.9592,0.9455,0.9274,0.927,0.9289,0.9325,0.9376,0.9431,0.9723,0.9722,0.9729,0.9744,0.9764,0.9786,,M
869,Bessemer City Primary,Gaston,141,,,0,0.9232,,,0.9163,0.8676,0.985,0.8682,0.9858,0.9099,0.8968,0.8962,0.8987,0.9039,0.9108,0.9185,0.934,0.9334,0.9352,0.9385,0.943,0.9481,,M
870,Brookside Elementary,Gaston,89,,,0,0.8862,,,0.8966,0.8767,0.9663,0.7179,0.8857,0.9714,0.8702,0.8696,0.8728,0.879,0.8874,0.8969,0.9204,0.9197,0.9218,0.9259,0.9313,0.9373,,L
871,Carr Elementary,Gaston,121,,,0,0.943,,,0.9535,0.9189,0.9111,0.9518,0.9601,0.9587,0.9366,0.9361,0.9378,0.941,0.9453,0.9502,0.9686,0.9683,0.9691,0.9708,0.9731,0.9755,,M
872,Catawba Heights Elementary,Gaston,48,,,0,0.9756,,,0.9724,1,0.9487,0.9545,1,0.9792,0.9536,0.9533,0.9543,0.9567,0.9599,0.9636,0.9866,0.9865,0.9869,0.9876,0.9886,0.9896,,H
873,Chapel Grove Elementary,Gaston,83,,,0,0.9341,,,0.9378,0.9759,0.9796,0.7885,0.9836,0.9074,0.916,0.9152,0.9174,0.9217,0.9274,0.9338,0.9566,0.9561,0.9572,0.9596,0.9627,0.9661,,M
874,Cherryville Elementary,Gaston,95,,,0,0.95,,,0.9477,0.9444,0.9681,0.9895,0.9524,0.8889,0.9286,0.9278,0.9299,0.9336,0.9384,0.9439,0.9634,0.9631,0.9641,0.9661,0.9687,0.9715,,M
876,Community Public Charter,Gaston,115,,,0,0.9724,,,0.9586,0.9899,0.9565,0.9681,0.9645,1,0.9377,0.9372,0.939,0.9421,0.9464,0.9512,0.9748,0.9746,0.9753,0.9767,0.9785,0.9804,,H
877,Costner Elementary,Gaston,82,,,0,0.9571,,,0.9633,0.9032,0.963,0.9512,0.9634,1,0.9459,0.9456,0.9471,0.95,0.9537,0.9579,0.9773,0.9772,0.9779,0.9792,0.9807,0.9825,,H
878,Cramerton Christian Academy,Gaston,51,,,0,0.9037,,,0.8953,0.8627,0.9032,0.9388,0.925,0.9024,0.8541,0.8532,0.8568,0.8636,0.8731,0.8837,0.9301,0.9295,0.931,0.9345,0.9394,0.9448,,M
879,Edward D Sadler Jr  Elementary School,Gaston,80,,,0,0.9044,,,0.898,0.7931,0.9375,0.9216,0.9149,0.975,0.8703,0.8696,0.8731,0.8792,0.8876,0.8972,0.9233,0.9227,0.9248,0.9286,0.9338,0.9397,,M
880,First Wesleyan Christian School,Gaston,32,,,0,0.9409,,,0.942,0.913,0.9688,0.9231,0.9,1,0.9073,0.907,0.9094,0.9139,0.9202,0.927,0.9691,0.9687,0.9696,0.9712,0.9734,0.9759,,M
882,Gardner Park Elementary,Gaston,89,,,0,0.9456,,,0.9365,0.9254,0.9878,0.8764,0.9643,0.9867,0.914,0.9134,0.9155,0.92,0.926,0.9325,0.9556,0.9552,0.9563,0.9586,0.9617,0.9652,,M
883,Gaston Christian School,Gaston,80,,,0,0.8973,,,0.9124,0.85,0.8354,0.8625,0.9241,1,0.8881,0.8872,0.8898,0.8955,0.9029,0.9113,0.9346,0.9342,0.9358,0.9392,0.9437,0.9488,,L
885,Gaston Day School,Gaston,35,,,0,0.9697,,,0.9722,0.9677,0.9655,0.9429,0.9762,1,0.9452,0.9449,0.9464,0.9491,0.9529,0.9571,0.9895,0.9895,0.9897,0.9903,0.9911,0.9919,,H
886,Gaston Virtual Academy,Gaston,14,,,0,0.6194,,,0.6912,0.5714,0.5714,,,,0.4993,0.4973,0.5046,,,,0.8545,0.8531,0.8563,,,,,L
887,H H Beam Elementary,Gaston,97,,,0,0.8666,,,0.8747,0.9444,0.866,0.9459,0.589,0.9589,0.8492,0.8486,0.8522,0.8594,0.8691,0.8799,0.8987,0.8976,0.9,0.9052,0.9119,0.9195,,L
889,Hawks Nest STEAM Academy,Gaston,60,,,0,0.9687,,,0.969,0.9828,0.9655,0.9828,0.9667,0.9434,0.9506,0.9503,0.9518,0.9545,0.9579,0.9617,0.9833,0.9831,0.9835,0.9845,0.9857,0.987,,H
890,Ida Rankin Elementary School,Gaston,89,,,0,0.9813,,,0.9761,0.9873,0.9747,0.9545,1,1,0.9619,0.9615,0.9626,0.9647,0.9674,0.9703,0.9871,0.9871,0.9874,0.9881,0.989,0.99,,H
891,J B Page Primary School,Gaston,198,,,0,0.9654,,,0.9518,0.9448,0.9596,0.9855,0.9784,0.9771,0.9387,0.9382,0.9397,0.943,0.9471,0.9518,0.9639,0.9637,0.9646,0.9665,0.969,0.9718,,H
892,Judah Christian Academy,Gaston,10,,,0,0.9064,,,0.9154,0.75,0.9169,0.75,1,1,0.8117,0.8104,0.8148,0.8231,0.8352,0.8484,0.9758,0.9755,0.9762,0.9776,0.9793,0.9812,,M
893,Lingerfeldt Elementary,Gaston,84,,,0,0.8596,,,0.8701,0.6809,0.9048,0.75,0.9167,1,0.8366,0.8351,0.8391,0.8468,0.8569,0.8685,0.9004,0.8998,0.9022,0.9071,0.9137,0.9211,,L
894,Lowell Elementary,Gaston,75,,,0,0.9635,,,0.9638,0.9375,0.9811,0.9254,0.9867,0.9828,0.944,0.9436,0.9452,0.9482,0.9521,0.9564,0.9793,0.9791,0.9796,0.9807,0.9821,0.9838,,H
895,McAdenville Elementary,Gaston,42,,,0,0.9741,,,0.9615,1,1,0.9259,1,0.9333,0.9326,0.9321,0.9339,0.9376,0.9422,0.9473,0.9822,0.9821,0.9825,0.9835,0.9847,0.9861,,H
896,Mountain Island Charter School,Gaston,127,,,0,0.9623,,,0.9638,0.96,0.9127,0.9683,0.9689,1,0.9494,0.9492,0.9505,0.9531,0.9566,0.9605,0.9758,0.9756,0.9762,0.9775,0.9792,0.9811,,H
897,New Hope Elementary,Gaston,94,,,0,0.976,,,0.964,0.9651,0.9765,0.9787,0.9868,0.9872,0.9476,0.9472,0.9487,0.9514,0.955,0.9591,0.9774,0.9772,0.9777,0.9789,0.9805,0.9824,,H
898,North Belmont Elementary,Gaston,55,,,0,0.9684,,,0.9594,0.9455,0.9091,1,1,1,0.936,0.9356,0.9373,0.9406,0.945,0.9499,0.9771,0.9769,0.9774,0.9786,0.9803,0.9821,,H
899,Piedmont Community Charter School,Gaston,134,,,0,0.9806,,,0.9748,0.9701,0.985,0.9922,0.9773,0.9846,0.9637,0.9635,0.9645,0.9663,0.9689,0.9717,0.9843,0.9842,0.9846,0.9855,0.9866,0.9878,,H
900,Pinewood Elementary,Gaston,85,,,0,0.9712,,,0.958,0.9765,0.9848,0.9848,0.9474,0.9828,0.9392,0.9387,0.9402,0.9433,0.9475,0.9522,0.9738,0.9736,0.9743,0.9757,0.9775,0.9796,,H
901,Pleasant Ridge Elementary,Gaston,145,,,0,0.9082,,,0.9193,0.9586,0.8409,0.806,0.9242,1,0.9004,0.8995,0.9022,0.9072,0.9139,0.9213,0.9362,0.9355,0.9371,0.9405,0.9449,0.9498,,M
903,Robinson Elementary,Gaston,77,,,0,0.9656,,,0.9568,0.9545,0.973,0.9636,0.961,0.9846,0.9373,0.9367,0.9384,0.9417,0.946,0.9508,0.9728,0.9725,0.9734,0.9748,0.9767,0.9789,,H
905,Sherwood Elementary,Gaston,100,,,0,0.8442,,,0.8632,0.87,0.9605,0.8276,0.9175,0.5974,0.8337,0.8328,0.8365,0.844,0.8544,0.8664,0.8896,0.8888,0.8913,0.8969,0.9042,0.9125,,L
906,Springfield Primary,Gaston,113,,,0,0.9429,,,0.9561,0.9115,0.9725,0.8556,0.9789,0.9783,0.9409,0.9405,0.942,0.9451,0.9492,0.9538,0.9688,0.9685,0.9693,0.971,0.9732,0.9757,,M
907,Tryon Elementary,Gaston,60,,,0,0.9316,,,0.9236,0.898,0.9667,0.9123,0.9615,0.9216,0.8961,0.8956,0.8984,0.9036,0.9105,0.9183,0.9478,0.9474,0.9487,0.9514,0.955,0.9591,,M
908,UR Academy,Gaston,15,,,0,0.9142,,,0.9273,1,0.6667,,,,0.8255,0.8248,0.8284,,,,0.9826,0.9825,0.9829,,,,,M
910,W A Bess Elementary School,Gaston,105,,,0,0.936,,,0.9419,0.7864,0.981,0.9423,0.9891,0.9884,0.9229,0.9223,0.9243,0.9283,0.9336,0.9395,0.9584,0.958,0.9591,0.9614,0.9643,0.9676,,M
911,Webb Street School,Gaston,7,,,0,0.9953,,,0.9729,1,1,1,1,1,0.9196,0.9189,0.921,0.925,0.9305,0.9367,0.9953,0.9952,0.9954,0.9956,0.9959,0.9963,,H
912,Woodhill Elementary,Gaston,86,,,0,0.9479,,,0.9306,0.9286,0.939,0.9821,0.9647,0.9535,0.9077,0.9069,0.9092,0.9138,0.9201,0.927,0.951,0.9506,0.9518,0.9544,0.9578,0.9616,,M
913,Buckland Elementary,Gates,38,,,0,0.9669,,,0.9702,0.9688,0.9211,1,0.9745,0.9722,0.9448,0.9445,0.9459,0.9489,0.9527,0.9569,0.9873,0.9872,0.9876,0.9883,0.9891,0.9902,,H
914,Gatesville Elementary,Gates,44,,,0,0.9849,,,0.9818,0.9773,1,0.9714,0.9844,1,0.9628,0.9625,0.9634,0.9654,0.9681,0.971,0.9939,0.9938,0.9939,0.9943,0.9947,0.9952,,H
915,T S Cooper Elementary,Gates,35,,,0,0.9603,,,0.9529,0.96,0.9565,0.9429,0.9595,1,0.9184,0.9178,0.92,0.9242,0.9297,0.9359,0.9778,0.9777,0.9783,0.9795,0.9811,0.9828,,H
916,Robbinsville Elementary,Graham,98,,,0,0.9565,,,0.9506,0.9359,0.931,0.9762,0.9694,0.974,0.9322,0.9317,0.9336,0.9371,0.9417,0.9469,0.9667,0.9663,0.9672,0.969,0.9713,0.974,,H
918,Butner-Stem Elementary,Granville,80,,,0,0.9709,,,0.9715,0.9848,1,0.9865,0.9103,0.9744,0.9556,0.9553,0.9564,0.9587,0.9617,0.9652,0.9842,0.9841,0.9845,0.9853,0.9865,0.9877,,H
919,C. G. Credle Elementary,Granville,73,,,0,0.9686,,,0.9642,0.9863,0.963,1,0.95,0.9492,0.9443,0.944,0.9454,0.9483,0.9522,0.9565,0.9795,0.9793,0.9798,0.9809,0.9824,0.984,,H
920,Christian Faith Center Acad.,Granville,10,,,0,0.9984,,,0.9773,1,1,1,1,1,0.9386,0.9381,0.9396,0.9432,0.9474,0.9521,0.9954,0.9954,0.9955,0.9958,0.9961,0.9965,,H
922,Falls Lake Academy,Granville,84,,,0,0.9701,,,0.9684,0.9756,0.9512,0.9643,0.9747,0.9873,0.9514,0.9512,0.9526,0.955,0.9584,0.9622,0.9816,0.9814,0.9819,0.9829,0.9842,0.9857,,H
923,Granville Academy,Granville,8,,,0,0.8611,,,0.861,1,0.5714,0.875,0.8571,1,0.7604,0.7594,0.7651,0.7758,0.7898,0.806,0.9363,0.936,0.9381,0.9414,0.9457,0.9505,,L
925,Mount Energy Elementary,Granville,85,,,0,0.9796,,,0.9709,0.9683,0.9615,0.9882,0.9868,1,0.9548,0.9544,0.9556,0.958,0.9612,0.9647,0.9837,0.9836,0.9841,0.9849,0.9861,0.9874,,H
926,Oxford Preparatory,Granville,62,,,0,0.9825,,,0.9785,1,0.9839,0.9672,0.9661,1,0.9598,0.9595,0.9605,0.9626,0.9654,0.9686,0.9908,0.9907,0.991,0.9915,0.9922,0.9929,,H
928,Stovall-Shaw Elementary,Granville,67,,,0,0.9881,,,0.9846,0.9767,0.9701,1,1,1,0.9712,0.9709,0.9716,0.9731,0.9752,0.9775,0.9939,0.9938,0.994,0.9943,0.9947,0.9952,,H
929,Tar River Elementary,Granville,74,,,0,0.9705,,,0.9686,1,0.9839,0.9615,0.9324,0.9825,0.9501,0.9498,0.9511,0.9538,0.9573,0.9611,0.9828,0.9825,0.983,0.9839,0.9852,0.9865,,H
930,West Oxford Elementary,Granville,91,,,0,0.9576,,,0.9614,0.9451,0.9481,0.9753,0.9726,0.9437,0.9432,0.9426,0.9441,0.9472,0.9511,0.9555,0.9763,0.9761,0.9767,0.978,0.9797,0.9816,,H
931,Wilton Elementary,Granville,62,,,0,0.9841,,,0.9705,0.9839,1,1,0.9474,1,0.9505,0.9499,0.9514,0.9539,0.9575,0.9613,0.9856,0.9854,0.9859,0.9867,0.9877,0.9888,,H
935,Snow Hill Primary,Greene,201,,,0,0.9917,,,0.9873,0.995,0.9848,0.9944,0.9948,0.9944,0.9811,0.981,0.9815,0.9825,0.9838,0.9853,0.9923,0.9922,0.9924,0.9928,0.9934,0.994,,H
936,Alamance Elementary,Guilford,78,,,0,0.9377,,,0.9437,0.9872,0.9661,0.9477,0.9516,0.831,0.9193,0.9187,0.9207,0.9249,0.9303,0.9364,0.9635,0.9631,0.964,0.966,0.9686,0.9715,,M
937,Edwin A Alderman Elementary,Guilford,63,,,0,0.9677,,,0.9746,1,0.9683,0.9764,0.9782,0.9074,0.9551,0.9548,0.9559,0.9584,0.9616,0.9652,0.9884,0.9882,0.9885,0.9892,0.99,0.991,,H
938,Allen Jay Elementary,Guilford,81,,,0,0.9557,,,0.9567,0.9506,0.9367,0.9598,0.9628,0.9706,0.9322,0.9315,0.9333,0.9369,0.9416,0.9468,0.9763,0.9761,0.9767,0.978,0.9797,0.9815,,H
941,Beacon Academy,Lincoln,8,,,0,0.9384,,,0.942,0.75,1,1,,,0.8439,0.8424,0.8464,0.8541,,,0.9885,0.9884,0.9888,0.9894,,,,M
942,Bessemer Elementary,Guilford,86,,,0,0.7477,,,0.7755,0.2895,0.9683,0.7887,0.802,0.8837,0.7368,0.7351,0.741,0.7523,0.767,0.7842,0.8139,0.8128,0.8169,0.8253,0.8368,0.85,,L
943,Bluford Elementary,Guilford,46,,,0,0.8604,,,0.8799,0.8095,0.8913,0.8878,0.8957,0.7895,0.8412,0.8402,0.8441,0.8516,0.8616,0.8731,0.9145,0.9137,0.916,0.9203,0.9261,0.9326,,L
944,Brightwood Elementary,Guilford,76,,,0,0.9416,,,0.9384,0.9437,0.9605,0.9427,0.947,0.9155,0.9105,0.9096,0.9118,0.9165,0.9227,0.9295,0.9617,0.9613,0.9623,0.9643,0.9669,0.97,,M
945,Brooks Global Elementary,Guilford,57,,,0,0.9861,,,0.983,1,0.9818,0.9842,0.9854,0.9818,0.9663,0.966,0.967,0.9689,0.9713,0.9739,0.9939,0.9939,0.9941,0.9944,0.9948,0.9953,,H
947,Canterbury School,Guilford,33,,,0,0.9846,,,0.9779,1,0.963,1,0.9583,1,0.9573,0.957,0.9581,0.9604,0.9635,0.9668,0.9913,0.9912,0.9915,0.9919,0.9926,0.9933,,H
948,Cornerstone Charter Academy,Guilford,102,,,0,0.9761,,,0.9754,0.95,0.97,0.99,0.99,0.9809,0.961,0.9607,0.9617,0.9637,0.9666,0.9696,0.9862,0.986,0.9864,0.9872,0.9882,0.9893,,H
949,Caldwell Academy,Guilford,39,,,0,0.9935,,,0.9781,1,1,1,0.9813,1,0.9561,0.9559,0.9571,0.9594,0.9624,0.9658,0.9924,0.9923,0.9925,0.993,0.9935,0.9941,,H
951,Ceasar Cone Elementary,Guilford,71,,,0,0.9208,,,0.928,0.8676,0.8592,0.933,0.9379,1,0.9017,0.9012,0.9036,0.9087,0.9151,0.9225,0.9505,0.9501,0.9514,0.9541,0.9575,0.9613,,M
952,Clara J Peck Elementary,Guilford,102,,,0,0.9849,,,0.9741,1,1,0.9759,0.9778,0.9737,0.953,0.9527,0.9541,0.9566,0.9598,0.9635,0.9886,0.9885,0.9888,0.9894,0.9903,0.9912,,H
954,Claxton Elementary,Guilford,98,,,0,0.9562,,,0.9591,0.9694,0.8939,0.962,0.9649,0.975,0.9392,0.9387,0.9402,0.9434,0.9477,0.9524,0.9752,0.9749,0.9756,0.9769,0.9787,0.9807,,H
955,Colfax Elementary,Guilford,97,,,0,0.9863,,,0.9857,0.9896,0.9886,0.9868,0.9878,0.9794,0.9734,0.9733,0.974,0.9754,0.9772,0.9793,0.9941,0.9941,0.9942,0.9945,0.9949,0.9954,,H
956,The College Preparatory and Leadership Academy of High Point,Guilford,94,,,0,0.9427,,,0.9443,0.9836,0.9487,0.8,1,0.9677,0.9209,0.9201,0.9222,0.9262,0.9316,0.9378,0.9639,0.9636,0.9645,0.9664,0.969,0.9719,,M
957,Cyrus P Frazier Elementary,Guilford,53,,,0,0.9042,,,0.9241,0.9167,0.9245,0.9294,0.9345,0.775,0.8912,0.8904,0.8931,0.8986,0.9056,0.9136,0.9511,0.9506,0.9517,0.9542,0.9577,0.9616,,M
958,David D Jones Elementary,Guilford,122,,,0,0.9627,,,0.9627,0.9266,0.9576,0.9654,0.968,0.9918,0.9466,0.9462,0.9478,0.9506,0.9542,0.9584,0.9762,0.9759,0.9766,0.9779,0.9796,0.9815,,H
960,Erwin Montessori,Guilford,39,,,0,0.9557,,,0.9561,1,0.8974,0.9592,0.9623,0.9643,0.9252,0.9242,0.926,0.9301,0.9352,0.9408,0.979,0.9788,0.9794,0.9805,0.982,0.9837,,H
961,Fairview Elementary,Guilford,72,,,0,0.9782,,,0.9798,0.9677,0.9722,0.9812,0.9827,0.9851,0.9635,0.9632,0.9641,0.9661,0.9688,0.9715,0.9916,0.9915,0.9918,0.9922,0.9928,0.9935,,H
962,Faith Christian Academy,Guilford,14,,,0,0.973,,,0.9664,0.9286,1,1,0.9711,0.9737,0.9183,0.9182,0.9203,0.9246,0.9301,0.9362,0.9921,0.9921,0.9923,0.9927,0.9933,0.9939,,H
963,Waldo C Falkener Sr Elementary,Guilford,89,,,0,0.7642,,,0.783,0.9524,0.809,0.7959,0.8088,0.3919,0.7462,0.7447,0.7502,0.7607,0.7752,0.7919,0.8188,0.8178,0.822,0.8305,0.8415,0.8543,,L
964,Florence Elementary,Guilford,99,,,0,0.9849,,,0.9829,0.9899,0.9789,0.9841,0.9854,0.9885,0.9717,0.9714,0.9723,0.9738,0.9758,0.978,0.9912,0.9912,0.9914,0.9919,0.9925,0.9932,,H
965,Julius I. Foust Elementary School,Guilford,115,,,0,0.9725,,,0.9761,0.9478,0.9765,0.9778,0.9795,1,0.9568,0.9565,0.9578,0.9602,0.9632,0.9666,0.9894,0.9893,0.9896,0.9902,0.9909,0.9918,,H
966,Gate City Charter,Guilford,99,,,0,0.9281,,,0.9222,0.9592,0.9485,0.9276,0.9329,0.8788,0.894,0.8936,0.8962,0.9016,0.9084,0.9162,0.9462,0.9457,0.947,0.9499,0.9537,0.9578,,M
967,Gateway Education Center,Guilford,4,,,0,0.9751,,,0.9598,1,1,0.9626,0.9654,0.9685,0.8779,0.8773,0.88,0.8858,0.8938,0.9029,0.9938,0.9937,0.9939,0.9942,0.9947,0.9952,,H
968,General Greene Elementary,Guilford,70,,,0,0.9737,,,0.9768,0.9714,1,0.9785,0.9801,0.9412,0.9614,0.9611,0.962,0.9641,0.9668,0.9698,0.9884,0.9883,0.9886,0.9892,0.9901,0.991,,H
970,Gibsonville Elementary,Guilford,100,,,0,0.9741,,,0.9749,0.9873,0.95,0.9767,0.9785,0.9851,0.9595,0.9591,0.9602,0.9624,0.9652,0.9684,0.9866,0.9865,0.9869,0.9876,0.9886,0.9896,,H
971,Gillespie Park Elementary,Guilford,37,,,0,0.9548,,,0.9491,0.9375,0.9459,0.9527,0.9562,1,0.9127,0.912,0.9141,0.9185,0.9245,0.9312,0.9749,0.9746,0.9753,0.9766,0.9785,0.9805,,H
974,Greensboro Academy,Guilford,89,,,0,0.9925,,,0.9901,0.9885,1,0.9888,0.9882,1,0.9808,0.9807,0.9811,0.9822,0.9836,0.9851,0.9962,0.9961,0.9963,0.9965,0.9967,0.997,,H
975,Greensboro Day School,Guilford,62,,,0,0.9774,,,0.9731,0.9516,0.9808,0.9767,1,1,0.9519,0.9516,0.9529,0.9553,0.9588,0.9625,0.9884,0.9882,0.9885,0.9892,0.99,0.9909,,H
977,Greensboro Islamic Academy,Guilford,21,,,0,0.9593,,,0.9517,0.9524,0.9526,0.9551,1,0.9621,0.8908,0.8897,0.8921,0.8974,0.9048,0.9131,0.9871,0.987,0.9873,0.988,0.989,0.9899,,H
978,Greensboro Montessori School,Guilford,31,,,0,0.9164,,,0.9219,1,0.9286,0.88,0.9032,0.8636,0.8758,0.8751,0.878,0.8842,0.8923,0.9016,0.9576,0.9572,0.9583,0.9606,0.9636,0.9669,,M
979,Guilford Elementary,Guilford,107,,,0,0.9338,,,0.9244,0.8941,0.9252,0.9296,0.9348,1,0.9007,0.8998,0.9026,0.9075,0.9141,0.9216,0.9455,0.945,0.9465,0.9494,0.9532,0.9575,,M
980,Guilford Preparatory Academy,Guilford,73,,,0,0.9778,,,0.9705,1,1,1,0.9747,0.881,0.9496,0.9493,0.9507,0.9534,0.9568,0.9607,0.9857,0.9856,0.9861,0.9869,0.9879,0.989,,H
981,Guilford eLearning University Prep,Guilford,14,,,0,0.8147,,,0.848,0.7273,0.8571,,,,0.7107,0.7088,0.7139,,,,0.9422,0.942,0.9434,,,,,L
983,Haynes Inman Education Center,Guilford,7,,,0,0.9486,,,0.9219,1,0.8333,1,0.9324,1,0.8325,0.831,0.8345,0.8425,0.8531,0.8649,0.9765,0.9763,0.9769,0.9783,0.9799,0.9817,,M
985,Sarah Walden Herbin-Dale J. Metz Education Center,Guilford,9,,,0,0.9035,,,0.9279,0.7778,0.9292,0.9329,0.9377,1,0.8306,0.8295,0.8333,0.8411,0.8518,0.864,0.9831,0.983,0.9835,0.9844,0.9856,0.9869,,M
986,High Point Christian Academy,Guilford,65,,,0,0.8933,,,0.9052,0.8852,0.8308,0.8852,0.9556,0.9394,0.8735,0.8727,0.876,0.8819,0.8903,0.8996,0.9326,0.9323,0.934,0.9375,0.9421,0.9472,,L
988,Hope Academy,Guilford,14,,,0,0.9424,,,0.9404,1,0.9286,0.9231,,,0.8599,0.8585,0.8619,0.8683,,,0.9849,0.9846,0.9849,0.9858,,,,M
989,Hunter Elementary School,Guilford,74,,,0,0.9817,,,0.9818,0.9577,0.9821,0.9831,0.9844,1,0.9649,0.9647,0.9656,0.9674,0.9699,0.9726,0.9927,0.9926,0.9929,0.9933,0.9938,0.9944,,H
991,Immaculate Heart of Mary Cath Sch,Guilford,26,,,0,0.9685,,,0.972,0.913,0.9726,0.9474,1,1,0.9425,0.9419,0.9433,0.9463,0.9503,0.9547,0.9901,0.99,0.9903,0.9909,0.9916,0.9923,,H
993,Irving Park Elementary,Guilford,90,,,0,0.9421,,,0.9526,0.8889,0.9079,0.9559,0.9593,1,0.9315,0.9311,0.9328,0.9363,0.9411,0.9464,0.9707,0.9705,0.9712,0.9728,0.975,0.9772,,M
994,James Y Joyner Elementary,Guilford,43,,,0,0.9445,,,0.938,0.95,0.907,0.9423,0.9466,1,0.8998,0.8985,0.9009,0.9061,0.913,0.9204,0.9673,0.967,0.9678,0.9695,0.9719,0.9744,,M
995,Jamestown Elementary,Guilford,88,,,0,0.9587,,,0.9527,0.9545,0.9571,0.956,0.9593,0.9808,0.9289,0.9282,0.9301,0.9338,0.9387,0.9442,0.9712,0.9712,0.972,0.9736,0.9756,0.9779,,H
996,Jefferson Elementary,Guilford,107,,,0,0.9622,,,0.9615,0.9346,0.9691,0.9643,0.967,0.9796,0.9446,0.9443,0.9457,0.9486,0.9525,0.9567,0.9753,0.9751,0.9758,0.9772,0.9789,0.9809,,H
999,John Van Lindley Elementary School,Guilford,71,,,0,0.9405,,,0.9319,0.9014,0.9332,0.9367,0.9413,1,0.9027,0.9021,0.9047,0.9097,0.9162,0.9235,0.9561,0.9557,0.957,0.9594,0.9624,0.9658,,M
1000,Johnson Street Global Studies,Guilford,42,,,0,0.9693,,,0.9699,0.9444,0.9756,0.9721,0.9742,0.9762,0.9455,0.9449,0.9463,0.9492,0.9529,0.9572,0.9872,0.9871,0.9875,0.9881,0.9891,0.9901,,H
1003,Madison Elementary,Guilford,30,,,0,0.948,,,0.9555,0.9655,0.9,0.9333,0.9618,1,0.9216,0.921,0.923,0.9268,0.9322,0.9382,0.9799,0.9797,0.9803,0.9813,0.9828,0.9844,,M
1004,McLeansville Elementary School,Guilford,57,,,0,0.9407,,,0.9514,0.8824,0.9123,0.9548,0.9582,1,0.9234,0.9229,0.9249,0.9288,0.934,0.9398,0.9737,0.9735,0.9743,0.9758,0.9777,0.9798,,M
1006,Millis Road Elementary,Guilford,77,,,0,0.9613,,,0.9613,0.974,0.9508,0.9641,0.9668,0.9464,0.938,0.9376,0.9394,0.9425,0.9467,0.9515,0.9791,0.9788,0.9794,0.9805,0.982,0.9837,,H
1007,Monticello-Brown Summit Elem,Guilford,50,,,0,0.9832,,,0.9802,1,0.98,0.9816,0.983,0.9767,0.9603,0.96,0.9613,0.9634,0.9662,0.9693,0.9931,0.993,0.9932,0.9936,0.9941,0.9946,,H
1008,Montlieu Academy of Technology,Guilford,108,,,0,0.9263,,,0.9349,0.8056,0.989,0.9394,0.9439,0.9853,0.9102,0.9095,0.9118,0.9166,0.9227,0.9295,0.9557,0.9553,0.9564,0.9588,0.9619,0.9654,,M
1009,Morehead Elementary,Guilford,88,,,0,0.8731,,,0.9011,0.9545,0.9615,0.9078,0.9144,0.5789,0.8755,0.8743,0.8775,0.8834,0.8915,0.9007,0.9255,0.9247,0.9265,0.9304,0.9354,0.9411,,L
1012,New Garden Friends School,Guilford,18,,,0,0.9859,,,0.9769,1,0.9444,1,1,1,0.9451,0.9444,0.9458,0.9486,0.9524,0.9567,0.9941,0.9941,0.9942,0.9946,0.995,0.9955,,H
1013,Next Generation Academy,Guilford,73,,,0,0.8603,,,0.8669,1,0.6939,0.7808,0.8842,1,0.823,0.8219,0.8263,0.8344,0.8453,0.8581,0.9067,0.9061,0.9083,0.9132,0.9194,0.9265,,L
1014,Northern Guilford Elementary,Guilford,89,,,0,0.98,,,0.9658,0.9775,1,0.9682,0.9707,1,0.9469,0.9464,0.9479,0.9507,0.9545,0.9586,0.9809,0.9808,0.9812,0.9822,0.9835,0.985,,H
1015,Northwood Elementary,Guilford,84,,,0,0.9706,,,0.9739,0.961,0.9524,0.9758,0.9776,0.9859,0.9575,0.9572,0.9583,0.9606,0.9635,0.9669,0.986,0.9859,0.9863,0.9871,0.9881,0.9892,,H
1016,Oak Hill Elementary,Guilford,65,,,0,0.9808,,,0.9648,1,0.9811,0.9673,0.9698,1,0.9417,0.9413,0.9429,0.9461,0.9502,0.9547,0.9821,0.9819,0.9824,0.9834,0.9847,0.9861,,H
1017,Oak Ridge Elementary,Guilford,99,,,0,0.9813,,,0.9826,0.9556,0.9787,0.9838,0.9851,1,0.9701,0.9698,0.9706,0.9722,0.9743,0.9767,0.9916,0.9915,0.9918,0.9922,0.9928,0.9935,,H
1018,Oak View Elementary,Guilford,87,,,0,0.9604,,,0.9677,0.908,0.961,0.97,0.9723,1,0.9505,0.9501,0.9515,0.9539,0.9575,0.9614,0.9816,0.9815,0.982,0.983,0.9843,0.9858,,H
1019,Our Lady of Grace Catholic Sch,Guilford,26,,,0,0.9731,,,0.9664,0.96,0.9,1,1,1,0.9366,0.9364,0.9382,0.9416,0.9458,0.9507,0.9867,0.9865,0.9869,0.9876,0.9885,0.9896,,H
1021,Parkview Village Elementary,Guilford,63,,,0,0.9686,,,0.9685,0.8947,1,0.9707,0.9729,0.9754,0.9376,0.9372,0.9389,0.9421,0.9464,0.9513,0.9881,0.9881,0.9884,0.9891,0.99,0.9909,,H
1023,"Phoenix Academy - Primary, Elem, Upper",Guilford,140,,,0,0.992,,,0.9891,0.9778,0.9857,1,1,1,0.9821,0.982,0.9825,0.9834,0.9847,0.9861,0.9943,0.9943,0.9945,0.9948,0.9952,0.9956,,H
1025,Pilot Elementary,Guilford,85,,,0,0.9544,,,0.9587,0.9412,0.9286,0.9616,0.9645,0.9831,0.9404,0.9397,0.9414,0.9444,0.9485,0.9532,0.9749,0.9747,0.9754,0.9768,0.9786,0.9805,,H
1026,Pleasant Garden Elementary,Guilford,68,,,0,0.9443,,,0.9534,0.8793,0.9265,0.9568,0.96,1,0.9285,0.9279,0.9298,0.9335,0.9384,0.9439,0.9727,0.9725,0.9732,0.9747,0.9767,0.9788,,M
1029,Rankin Elementary,Guilford,98,,,0,0.9214,,,0.9306,0.9898,0.8925,0.9355,0.9402,0.8333,0.9087,0.9082,0.9106,0.9153,0.9214,0.9282,0.9498,0.9493,0.9505,0.9533,0.9568,0.9607,,M
1030,Reedy Fork Elementary,Guilford,100,,,0,0.8783,,,0.8916,0.93,0.9277,0.8989,0.9061,0.6379,0.8565,0.8549,0.8586,0.8657,0.875,0.8854,0.9222,0.9214,0.9232,0.9273,0.9328,0.9388,,L
1031,Revolution Academy,Guilford,99,,,0,0.9419,,,0.9393,0.899,0.9259,0.95,0.9478,1,0.9113,0.9108,0.9131,0.9176,0.9236,0.9303,0.962,0.9617,0.9627,0.9648,0.9675,0.9705,,M
1032,Ronald E. McNair Elementary,Guilford,71,,,0,0.9257,,,0.9446,0.9062,0.8169,0.9486,0.9524,1,0.9217,0.9212,0.9233,0.9274,0.9327,0.9387,0.964,0.9638,0.9647,0.9667,0.9692,0.972,,M
1033,Sedalia Elementary,Guilford,89,,,0,0.8502,,,0.883,0.9878,0.5169,0.8908,0.8985,0.9848,0.8511,0.8495,0.8532,0.8603,0.8698,0.8806,0.9124,0.9116,0.9139,0.9184,0.9244,0.9311,,L
1035,Shadybrook Elementary,Guilford,59,,,0,0.9643,,,0.962,0.9492,0.9545,0.9647,0.9674,1,0.937,0.9365,0.9381,0.9415,0.9459,0.9506,0.9812,0.981,0.9816,0.9826,0.9839,0.9854,,H
1036,Shining Light Academy,Guilford,20,,,0,0.9272,,,0.9373,0.95,0.9384,0.8824,0.9459,0.8889,0.8799,0.8789,0.8817,0.8877,0.8957,0.9046,0.9764,0.9762,0.9769,0.9782,0.9799,0.9817,,M
1038,Southern Elementary,Guilford,40,,,0,0.9871,,,0.9829,0.9697,1,0.9842,0.9854,1,0.9644,0.9641,0.965,0.9668,0.9693,0.9721,0.9949,0.9948,0.9949,0.9952,0.9956,0.996,,H
1039,Southwest Elementary,Guilford,126,,,0,0.9649,,,0.9699,0.9048,0.9739,0.9744,0.9742,1,0.9564,0.9559,0.9571,0.9593,0.9624,0.9659,0.9813,0.9812,0.9817,0.9827,0.984,0.9855,,H
1040,St. Pius X Catholic School,Guilford,40,,,0,0.9884,,,0.9858,0.963,0.973,1,1,1,0.9696,0.9695,0.9703,0.972,0.9741,0.9765,0.9955,0.9954,0.9956,0.9958,0.9961,0.9965,,H
1041,Sternberger Elementary,Guilford,83,,,0,0.9706,,,0.973,0.9518,0.9855,0.9749,0.9769,0.9649,0.9548,0.9546,0.9559,0.9584,0.9616,0.9652,0.9865,0.9864,0.9868,0.9875,0.9885,0.9895,,H
1042,Stokesdale Elementary,Guilford,80,,,0,0.9727,,,0.9761,0.9875,0.92,0.9778,0.9795,1,0.9612,0.9609,0.9619,0.9638,0.9666,0.9696,0.9875,0.9873,0.9876,0.9883,0.9893,0.9903,,H
1043,Summerfield Charter Academy,Guilford,90,,,0,0.9525,,,0.9539,0.9659,0.9667,0.9535,0.8864,0.9886,0.9361,0.9356,0.9373,0.9407,0.9451,0.95,0.969,0.9687,0.9696,0.9713,0.9735,0.976,,H
1044,Summerfield Elementary,Guilford,85,,,0,0.9577,,,0.9639,0.9306,0.9529,0.9665,0.9691,0.9661,0.9452,0.9447,0.9461,0.949,0.9528,0.957,0.9788,0.9787,0.9793,0.9804,0.9819,0.9836,,H
1045,Summit Creek Academy,Guilford,104,,,0,0.9099,,,0.9073,1,0.7755,0.9136,0.9519,,0.8717,0.8709,0.8744,0.881,0.8892,,0.9373,0.9367,0.9383,0.9415,0.9458,,,M
1048,The Experiential School of Greensboro,Guilford,36,,,0,0.9175,,,0.9087,0.9231,0.7143,0.963,0.921,1,0.8542,0.8534,0.8571,0.864,0.8734,0.884,0.9505,0.9499,0.9511,0.9537,0.9573,0.9612,,M
1049,Tri-City Christian Academy,Guilford,12,,,0,0.9186,,,0.9261,1,0.8333,0.9311,0.9361,0.9091,0.8415,0.8396,0.8425,0.8504,0.8608,0.8722,0.9778,0.9775,0.9781,0.9793,0.9809,0.9826,,M
1050,Triad Math and Science Academy,Guilford,120,,,0,0.9045,,,0.9104,0.9417,0.8929,0.7419,0.9529,0.9882,0.8882,0.8875,0.8903,0.896,0.9032,0.9116,0.9299,0.9291,0.9312,0.9348,0.9396,0.945,,M
1051,Triangle Lake Montessori Elem,Guilford,78,,,0,0.9612,,,0.9698,0.9872,0.9206,0.972,0.9741,0.9355,0.9521,0.9517,0.953,0.9555,0.9589,0.9626,0.9833,0.9833,0.9838,0.9846,0.9858,0.9871,,H
1052,Union Hill Elementary,Guilford,75,,,0,0.9492,,,0.9613,0.9733,1,0.9641,0.9668,0.8254,0.9416,0.9409,0.9425,0.9455,0.9496,0.9541,0.9772,0.977,0.9776,0.9788,0.9805,0.9823,,M
1053,Vandalia Christian School,Guilford,41,,,0,0.9794,,,0.9755,0.9655,0.9512,1,1,1,0.953,0.953,0.9543,0.9567,0.96,0.9637,0.9905,0.9905,0.9907,0.9912,0.9919,0.9927,,H
1054,Vandalia Elementary,Guilford,45,,,0,0.953,,,0.9444,0.96,0.9556,0.9483,0.9522,0.9583,0.9044,0.9034,0.9059,0.9108,0.9173,0.9245,0.9745,0.9743,0.975,0.9764,0.9782,0.9803,,H
1055,Washington Elementary,Guilford,49,,,0,0.8753,,,0.9124,0.9429,0.8936,0.9184,0.9243,0.6939,0.876,0.8752,0.8781,0.8842,0.8924,0.9015,0.9426,0.9421,0.9436,0.9466,0.9505,0.9549,,L
1056,Wesleyan Christian Academy,Guilford,104,,,0,0.9087,,,0.9078,0.9712,0.8901,0.9333,0.9579,0.7826,0.8848,0.8837,0.8864,0.8923,0.8998,0.9085,0.9286,0.9279,0.9296,0.9334,0.9383,0.9438,,M
1058,Aurelian Springs Institute of Global Lea,Halifax,25,,,0,0.9898,,,0.9839,1,0.9545,1,1,1,0.963,0.9626,0.9636,0.9656,0.9682,0.9711,0.9956,0.9956,0.9957,0.996,0.9963,0.9966,,H
1059,Belmont Elementary School,Halifax,106,,,0,0.9823,,,0.9814,0.9545,0.963,1,0.9906,1,0.9696,0.9693,0.97,0.9717,0.9739,0.9763,0.9902,0.9901,0.9904,0.9909,0.9916,0.9924,,H
1060,Victory Christian Academy,Halifax,22,,,0,0.842,,,0.8691,0.8095,0.9091,0.8,0.7778,1,0.8008,0.7999,0.8039,0.8129,0.8249,0.8386,0.9251,0.9247,0.9266,0.9303,0.9352,0.9408,,L
1062,Everetts Elementary S.T.E.M. Academy,Halifax,41,,,0,0.9815,,,0.9797,1,0.9655,0.9756,0.9677,1,0.958,0.9578,0.9589,0.9611,0.964,0.9673,0.9929,0.9928,0.993,0.9934,0.9939,0.9944,,H
1064,Halifax Academy,Halifax,31,,,0,0.9973,,,0.9851,1,1,1,1,1,0.9673,0.9671,0.9679,0.9697,0.972,0.9745,0.9956,0.9956,0.9957,0.996,0.9963,0.9966,,H
1065,Hobgood Charter School,Halifax,41,,,0,0.9861,,,0.9823,1,0.9756,1,0.9848,0.9737,0.9622,0.9619,0.9629,0.9648,0.9675,0.9705,0.9945,0.9945,0.9947,0.995,0.9953,0.9958,,H
1066,Hollister Elementary Leadership Academy,Halifax,34,,,0,0.9786,,,0.9803,1,0.9688,0.9412,1,1,0.9591,0.9591,0.9602,0.9625,0.9654,0.9686,0.9932,0.9932,0.9933,0.9937,0.9942,0.9948,,H
1068,KIPP Halifax College Preparatory,Halifax,70,,,0,0.9601,,,0.962,1,0.9231,0.9836,0.9674,0.9286,0.9386,0.938,0.9396,0.9429,0.9472,0.9519,0.9798,0.9796,0.9801,0.9812,0.9827,0.9843,,H
1069,Littleton Academy,Halifax,9,,,0,0.9825,,,0.9634,1,0.9641,1,,,0.8928,0.8925,0.8956,0.901,,,0.9942,0.9941,0.9942,0.9945,,,,H
1070,Manning Elementary School,Halifax,102,,,0,0.9396,,,0.9534,0.9674,0.9505,0.902,0.8776,1,0.9371,0.9368,0.9384,0.9417,0.9459,0.9507,0.9675,0.9673,0.9681,0.9698,0.9721,0.9747,,M
1071,Pittman Elementary Leadership Academy,Halifax,29,,,0,0.9813,,,0.9802,0.9524,0.9583,1,1,1,0.9576,0.9572,0.9584,0.9607,0.9637,0.967,0.9939,0.9939,0.994,0.9944,0.9948,0.9953,,H
1072,Scotland Neck Elementary Leadership Acad,Halifax,30,,,0,0.9508,,,0.9611,0.8667,1,0.9333,0.9643,1,0.9312,0.9306,0.9324,0.9361,0.9407,0.9459,0.9819,0.9817,0.9823,0.9832,0.9845,0.986,,H
1073,Weldon Elementary Global Academy,Halifax,47,,,0,0.9476,,,0.963,0.9474,0.9318,1,0.9574,0.8864,0.941,0.9406,0.9422,0.9453,0.9494,0.954,0.98,0.9798,0.9803,0.9813,0.9828,0.9844,,M
1074,Achievement Charter Academy,Harnett,51,,,0,0.8688,,,0.864,0.7241,0.7692,1,0.8621,0.9412,0.8072,0.806,0.8102,0.819,0.8309,0.8444,0.911,0.9099,0.9122,0.9168,0.9228,0.9295,,L
1075,Anderson Creek Academy,Harnett,63,,,0,0.961,,,0.9621,0.9365,0.9,0.9744,0.9808,1,0.9386,0.9383,0.9401,0.9433,0.9475,0.9522,0.9798,0.9796,0.9802,0.9814,0.9828,0.9844,,H
1077,Anderson Creek Primary,Harnett,190,,,0,0.9297,,,0.9417,0.9497,0.8978,0.8421,0.9498,1,0.9278,0.9273,0.9292,0.9329,0.9378,0.9433,0.9543,0.9538,0.9551,0.9574,0.9606,0.9642,,M
1078,Benhaven Elementary,Harnett,179,,,0,0.9508,,,0.9482,0.9351,0.8977,0.9565,0.9721,1,0.9339,0.9334,0.9351,0.9385,0.9431,0.9482,0.9614,0.961,0.962,0.9641,0.9668,0.9699,,H
1079,Boone Trail Elementary,Harnett,94,,,0,0.9464,,,0.9457,0.9574,0.8916,0.9333,0.9701,0.9872,0.9282,0.9275,0.9292,0.933,0.9379,0.9435,0.9613,0.9608,0.9619,0.964,0.9667,0.9698,,M
1080,Brookside Christian Academy,Harnett,36,,,0,0.9904,,,0.9799,1,0.9802,1,,,0.9464,0.9458,0.9471,0.95,,,0.9957,0.9957,0.9958,0.996,,,,H
1081,Buies Creek Elementary,Harnett,51,,,0,0.9771,,,0.9793,0.9574,0.9804,0.9474,1,1,0.9624,0.962,0.9632,0.9651,0.9677,0.9707,0.9911,0.991,0.9912,0.9917,0.9923,0.9931,,H
1082,Cape Fear Christian Academy,Harnett,32,,,0,0.9676,,,0.966,0.9355,1,0.9333,0.9708,1,0.9361,0.9354,0.9373,0.9404,0.9448,0.9498,0.9863,0.9863,0.9866,0.9874,0.9883,0.9894,,H
1083,Coats Elementary,Harnett,132,,,0,0.9628,,,0.9608,0.8947,0.9684,0.9907,0.9773,0.977,0.9466,0.9462,0.9477,0.9504,0.9541,0.9583,0.9733,0.973,0.9738,0.9753,0.9772,0.9793,,H
1085,Harnett Virtual Academy,Harnett,143,,,0,0.8892,,,0.8954,0.8531,0.8992,0.8333,0.9858,0.855,0.8739,0.8728,0.8758,0.8821,0.8904,0.8997,0.9153,0.9148,0.917,0.9215,0.9273,0.9338,,L
1086,Erwin Elementary,Harnett,87,,,0,0.9785,,,0.9709,0.9639,0.977,0.9655,1,1,0.9535,0.9531,0.9543,0.9568,0.9601,0.9637,0.9841,0.984,0.9844,0.9853,0.9864,0.9877,,H
1087,Faith Education Academy,Harnett,13,,,0,0.9881,,,0.9737,1,1,0.9756,1,0.9795,0.9276,0.927,0.9291,0.9329,0.9379,0.9435,0.9948,0.9948,0.9949,0.9952,0.9956,0.996,,H
1091,Highland Elementary,Harnett,144,,,0,0.9604,,,0.9531,0.9464,0.9366,0.964,0.9861,0.9739,0.9388,0.9386,0.9401,0.9433,0.9476,0.9523,0.9656,0.9654,0.9663,0.968,0.9704,0.9732,,H
1093,Johnsonville Elementary,Harnett,81,,,0,0.949,,,0.9349,0.925,0.9753,0.9125,0.9747,0.9818,0.912,0.911,0.9133,0.9177,0.9237,0.9304,0.9546,0.9542,0.9554,0.9579,0.9612,0.9646,,M
1094,LaFayette Elementary,Harnett,104,,,0,0.9513,,,0.958,1,0.8125,0.9479,0.9712,0.9565,0.9401,0.9397,0.9413,0.9445,0.9486,0.9533,0.9729,0.9726,0.9733,0.9748,0.9768,0.9789,,H
1096,Lillington-Shawtown Elementary,Harnett,108,,,0,0.93,,,0.9343,0.8704,0.9647,0.8981,0.9247,1,0.916,0.9155,0.918,0.9222,0.928,0.9343,0.9501,0.9499,0.9511,0.9538,0.9574,0.9613,,M
1097,North Harnett Primary,Harnett,115,,,0,0.9744,,,0.9584,0.978,0.9906,0.9478,1,0.9712,0.9418,0.9416,0.9431,0.946,0.9501,0.9546,0.972,0.9718,0.9726,0.9741,0.9761,0.9783,,H
1098,Northwest Harnett Elementary,Harnett,110,,,0,0.9405,,,0.9409,0.9636,0.9121,,,,0.9056,0.9048,0.907,,,,0.9677,0.9674,0.9685,,,,,M
1099,Overhills Elementary,Harnett,155,,,0,0.9113,,,0.8258,0.8908,0.9275,0.9355,1,0.8678,0.8005,0.7995,0.8041,0.813,0.8248,0.8386,0.8501,0.8485,0.8519,0.8591,0.8689,0.8798,,M
1100,Bethel Christian Academy,Haywood,15,,,0,0.5364,,,0.5792,0.1,0.5838,0.6667,0.6163,0.6388,0.4076,0.4055,0.4123,0.4264,0.4464,0.4709,0.7401,0.7385,0.7439,0.7549,0.7697,0.7868,,L
1101,Bethel Elementary,Haywood,88,,,0,0.9685,,,0.9593,0.9855,1,0.875,1,1,0.9419,0.9416,0.9431,0.9462,0.9503,0.9548,0.9738,0.9735,0.9742,0.9756,0.9774,0.9795,,H
1103,Clyde Elementary,Haywood,103,,,0,0.9583,,,0.9598,0.9888,0.9529,0.9059,0.9612,0.9848,0.9421,0.9417,0.9431,0.9461,0.9502,0.9546,0.9741,0.974,0.9748,0.9761,0.978,0.98,,H
1104,Haywood Christian Academy,Haywood,17,,,0,0.7817,,,0.811,0.6471,0.8,0.9231,0.6875,0.9,0.7209,0.7195,0.7258,0.7371,0.753,0.7709,0.8853,0.8843,0.887,0.8927,0.9004,0.9089,,L
1105,Hazelwood Elementary,Haywood,87,,,0,0.9677,,,0.9616,0.973,0.9467,0.9655,0.974,0.9863,0.945,0.9445,0.946,0.9489,0.9527,0.957,0.976,0.9757,0.9764,0.9777,0.9794,0.9812,,H
1106,Jonathan Valley Elementary,Haywood,74,,,0,0.9553,,,0.9469,0.9592,0.88,0.9455,0.9722,1,0.9244,0.9237,0.9256,0.9295,0.9347,0.9404,0.9659,0.9658,0.9668,0.9686,0.971,0.9736,,H
1107,Junaluska Elementary,Haywood,83,,,0,0.9506,,,0.9517,0.9394,0.9815,0.9036,0.9481,1,0.9307,0.9301,0.9319,0.9353,0.94,0.9453,0.969,0.9687,0.9695,0.9712,0.9734,0.9758,,H
1108,Meadowbrook Elementary,Haywood,43,,,0,0.9741,,,0.9566,1,1,0.95,0.9535,1,0.9291,0.9287,0.9306,0.9343,0.9391,0.9446,0.9773,0.9772,0.9779,0.9791,0.9807,0.9825,,H
1109,North Canton Elementary,Haywood,60,,,0,0.9804,,,0.9786,0.9388,0.9833,1,1,0.9778,0.9621,0.9618,0.9628,0.9648,0.9675,0.9705,0.9907,0.9906,0.9909,0.9914,0.9921,0.9928,,H
1111,Shining Rock Classical Academy,Haywood,71,,,0,0.9417,,,0.9389,0.9608,0.8814,0.9155,0.9672,1,0.9114,0.9107,0.9132,0.9176,0.9236,0.9302,0.9617,0.9612,0.9622,0.9644,0.9672,0.9701,,M
1114,Atkinson Elementary,Henderson,56,,,0,0.8894,,,0.8896,0.9348,0.7045,0.963,0.9434,0.875,0.8549,0.8542,0.8577,0.8647,0.8739,0.8844,0.9197,0.9192,0.9213,0.9254,0.9308,0.9369,,L
1115,Bruce Drysdale Elementary,Henderson,88,,,0,0.9116,,,0.9198,0.9275,0.8642,0.9048,0.8987,0.9545,0.8958,0.8948,0.8975,0.9025,0.9094,0.9172,0.9414,0.941,0.9425,0.9455,0.9496,0.9541,,M
1116,Captain Gilmer Christian School,Henderson,28,,,0,0.6667,,,0.695,0.6667,0.6,0.75,0.5455,0.6429,0.605,0.6042,0.6107,0.6249,0.6438,0.6663,0.7779,0.7766,0.7813,0.7906,0.8041,0.8194,,L
1117,Clear Creek Elementary,Henderson,80,,,0,0.9413,,,0.939,0.8475,0.9833,0.9459,0.9571,0.9625,0.9161,0.9153,0.9173,0.9217,0.9273,0.9337,0.9593,0.959,0.9602,0.9624,0.9652,0.9684,,M
1118,Dana Elementary,Henderson,71,,,0,0.96,,,0.9563,0.9859,0.9206,0.9362,0.9851,0.9661,0.9369,0.9366,0.9384,0.9417,0.9461,0.9509,0.9722,0.9721,0.9728,0.9742,0.9762,0.9784,,H
1119,Edneyville Elementary,Henderson,81,,,0,0.9176,,,0.9285,0.9661,0.9012,0.9677,0.8784,0.8824,0.9044,0.9036,0.906,0.9107,0.9171,0.9244,0.9492,0.9489,0.9503,0.9529,0.9564,0.9604,,M
1120,Etowah Elementary,Henderson,54,,,0,0.9508,,,0.9569,0.9592,0.8704,0.9434,0.9796,1,0.9341,0.9336,0.9354,0.9389,0.9434,0.9484,0.9753,0.9751,0.9758,0.9772,0.979,0.9809,,H
1121,Faith-Covenant Christian Academy,Henderson,5,,,0,0.8985,,,0.93,1,0.8,0.9347,0.9393,0.9446,0.8021,0.8007,0.8048,0.8135,0.8257,0.8395,0.9885,0.9883,0.9887,0.9893,0.9901,0.9911,,L
1122,FernLeaf Community Charter School,Henderson,95,,,0,0.8698,,,0.8558,0.9011,0.8842,0.8615,0.8209,0.8889,0.8196,0.8185,0.8226,0.8311,0.8422,0.8548,0.8882,0.8876,0.8903,0.8958,0.9032,0.9115,,L
1123,Fletcher Elementary,Henderson,83,,,0,0.9578,,,0.9656,0.9474,0.9333,0.9143,0.9867,0.988,0.9477,0.9472,0.9485,0.9512,0.9548,0.9589,0.9797,0.9796,0.9802,0.9813,0.9827,0.9843,,H
1124,Glenn C Marlow Elementary,Henderson,95,,,0,0.9189,,,0.9351,0.931,0.8778,0.8876,0.9441,0.9368,0.9139,0.913,0.915,0.9193,0.9251,0.9317,0.9538,0.9533,0.9545,0.957,0.9602,0.9638,,M
1125,Hendersonville Elementary,Henderson,57,,,0,0.9429,,,0.9511,0.9636,0.8772,0.9434,0.9821,0.9412,0.93,0.9291,0.9308,0.9344,0.9391,0.9445,0.9692,0.9689,0.9698,0.9714,0.9735,0.976,,M
1127,Hillandale Elementary,Henderson,78,,,0,0.957,,,0.9566,0.9014,0.9574,0.9437,0.9872,1,0.9367,0.9361,0.9376,0.9409,0.9453,0.9502,0.9735,0.9732,0.974,0.9754,0.9773,0.9794,,H
1128,Imago Dei Classical Academy,Henderson,10,,,0,0.7575,,,0.788,1,0.5,0.8333,0.8128,0.8571,0.6429,0.6411,0.6477,0.6607,0.6785,0.6999,0.8982,0.8972,0.8996,0.9049,0.912,0.9195,,L
1130,Mills River Elementary,Henderson,102,,,0,0.9337,,,0.9313,0.9091,0.9512,0.9494,0.8617,1,0.9103,0.9095,0.9118,0.9164,0.9225,0.9293,0.9504,0.9498,0.9511,0.9537,0.9572,0.9611,,M
1136,Sugarloaf Elementary,Henderson,69,,,0,0.9546,,,0.9521,0.9194,0.9375,0.9623,0.9531,1,0.93,0.9293,0.9311,0.9348,0.9396,0.945,0.9699,0.9696,0.9704,0.972,0.9741,0.9765,,H
1137,The Mountain Community Sch,Henderson,22,,,0,0.9398,,,0.9389,0.9,0.95,0.95,1,0.8889,0.893,0.8923,0.8953,0.9007,0.9079,0.9159,0.9728,0.9725,0.9733,0.9747,0.9767,0.9788,,M
1138,The Way Christian Academy,Henderson,16,,,0,0.8411,,,0.8407,0.875,0.8462,0.6667,1,0.75,0.751,0.7488,0.7542,0.7648,0.7792,0.7959,0.9143,0.9136,0.9155,0.9199,0.9257,0.9322,,L
1140,Upward Elementary,Henderson,84,,,0,0.9021,,,0.9167,0.9667,0.875,0.8197,0.869,0.9701,0.8904,0.8896,0.8923,0.8979,0.9051,0.9132,0.9399,0.9394,0.9408,0.944,0.9482,0.9529,,M
1143,Ahoskie Christian School,Hertford,20,,,0,0.9702,,,0.9741,1,0.95,0.9412,0.9778,0.9798,0.9409,0.9407,0.9423,0.9454,0.9496,0.9542,0.9928,0.9927,0.9929,0.9933,0.9938,0.9944,,H
1144,Bearfield Primary,Hertford,123,,,0,0.9833,,,0.9763,0.9703,0.9837,0.9919,0.9823,0.9919,0.965,0.9646,0.9656,0.9674,0.9699,0.9727,0.9855,0.9853,0.9857,0.9865,0.9876,0.9887,,H
1147,Riverview Elementary,Hertford,57,,,0,0.9731,,,0.9584,0.9767,0.9298,1,0.9787,1,0.9353,0.9349,0.9367,0.9399,0.9443,0.9494,0.9764,0.9762,0.9767,0.978,0.9797,0.9816,,H
1151,Don D Steed Elementary,Hoke,119,,,0,0.9372,,,0.939,0.9901,0.8992,0.8942,0.9652,0.9405,0.9203,0.9197,0.922,0.9262,0.9315,0.9376,0.9552,0.9548,0.9561,0.9584,0.9615,0.965,,M
1152,Hawk Eye Elementary,Hoke,55,,,0,0.967,,,0.9616,0.9636,0.95,0.96,0.967,1,0.9395,0.939,0.9407,0.9437,0.9479,0.9526,0.9788,0.9787,0.9793,0.9805,0.982,0.9837,,H
1153,J W McLauchlin Elementary,Hoke,56,,,0,0.9487,,,0.9533,1,1,0.8036,0.9598,1,0.928,0.9273,0.9289,0.9327,0.9377,0.9433,0.9741,0.9739,0.9745,0.9759,0.9777,0.9798,,M
1155,Rockfish Hoke Elementary,Hoke,105,,,0,0.9394,,,0.9305,0.99,0.9247,0.8632,0.9401,0.981,0.9102,0.9096,0.9119,0.9165,0.9225,0.9294,0.949,0.9485,0.9498,0.9525,0.9561,0.96,,M
1156,Sandy Grove Elementary,Hoke,95,,,0,0.9293,,,0.925,0.9634,0.9674,0.7927,0.9353,0.9789,0.9018,0.9013,0.9038,0.9085,0.9151,0.9225,0.9453,0.9449,0.9463,0.9492,0.953,0.9573,,M
1157,Scurlock Elementary,Hoke,107,,,0,0.9509,,,0.9559,0.9783,0.9437,0.9038,0.9621,0.9626,0.9385,0.9383,0.9398,0.9428,0.9471,0.9518,0.9708,0.9705,0.9714,0.9729,0.975,0.9773,,H
1158,Upchurch Elementary,Hoke,105,,,0,0.8501,,,0.8625,0.7143,0.9767,0.7524,0.8803,0.9278,0.8329,0.8319,0.8356,0.8435,0.854,0.8659,0.8903,0.8894,0.8921,0.8977,0.905,0.9131,,L
1159,West Hoke Elementary,Hoke,73,,,0,0.8849,,,0.8964,0.7534,0.8103,0.9524,0.9103,1,0.8659,0.8646,0.8683,0.8749,0.8837,0.8933,0.9238,0.9233,0.925,0.929,0.9342,0.9401,,L
1160,Mattamuskeet School,Hyde,26,,,0,0.9889,,,0.9819,0.9286,1,1,1,1,0.9619,0.9616,0.9626,0.9647,0.9674,0.9704,0.9941,0.994,0.9942,0.9945,0.9949,0.9954,,H
1161,Ocracoke School,Hyde,14,,,0,0.9718,,,0.9636,0.9167,1,0.9662,1,1,0.9169,0.9161,0.9183,0.9228,0.9283,0.9346,0.9896,0.9896,0.9899,0.9904,0.9912,0.992,,H
1162,American Renaissance School,Iredell,141,,,0,0.9339,,,0.9248,0.9107,0.9291,0.8929,0.9798,0.9877,0.9036,0.903,0.9053,0.91,0.9165,0.9239,0.9434,0.9429,0.9444,0.9474,0.9514,0.9558,,M
1163,Calvary Chapel Academy,Iredell,11,,,0,0.1839,,,0.3431,0.1429,0.1818,0.1111,0,0.4019,0.203,0.202,0.2066,0.2161,0.2301,0.248,0.5009,0.498,0.5058,0.5193,0.5398,0.5644,,L
1165,Celeste Henkel Elementary,Iredell,97,,,0,0.9817,,,0.9794,1,1,0.9222,1,0.9888,0.967,0.9668,0.9676,0.9694,0.9717,0.9744,0.9891,0.989,0.9893,0.9899,0.9907,0.9915,,H
1166,Central Elementary,Iredell,65,,,0,0.9808,,,0.9799,0.9545,0.9375,1,1,1,0.9641,0.9639,0.965,0.967,0.9695,0.9723,0.9911,0.991,0.9913,0.9918,0.9924,0.9931,,H
1167,Cloverleaf Elementary,Iredell,86,,,0,0.9629,,,0.9654,0.9651,0.925,0.9762,0.9487,1,0.9479,0.9474,0.949,0.9519,0.9556,0.9596,0.9793,0.9792,0.9797,0.9808,0.9823,0.9839,,H
1168,Coddle Creek Elementary,Iredell,130,,,0,0.9452,,,0.9382,0.9538,0.9474,0.9268,0.9468,0.9647,0.9179,0.9173,0.9194,0.9238,0.9294,0.9357,0.9558,0.9554,0.9564,0.9588,0.9619,0.9654,,M
1169,Cool Spring Elementary,Iredell,83,,,0,0.9707,,,0.9684,0.9571,0.988,0.9429,0.9688,1,0.951,0.9507,0.9519,0.9543,0.9578,0.9617,0.9817,0.9815,0.982,0.983,0.9843,0.9858,,H
1170,Cornerstone Christian Academy,Iredell,33,,,0,0.7633,,,0.7849,0.619,0.7881,0.7273,0.84,0.825,0.7068,0.7052,0.7111,0.723,0.7392,0.7578,0.8535,0.852,0.8554,0.8624,0.8718,0.8825,,L
1174,East Iredell Elementary,Iredell,115,,,0,0.9588,,,0.9604,0.9694,0.93,0.9537,0.9391,1,0.947,0.9466,0.9481,0.9509,0.9545,0.9586,0.9722,0.9719,0.9727,0.9742,0.9762,0.9784,,H
1176,Harmony Elementary,Iredell,63,,,0,0.9599,,,0.9606,0.9206,0.9474,0.96,1,0.9811,0.9396,0.9391,0.9406,0.9438,0.948,0.9527,0.9777,0.9774,0.978,0.9793,0.9809,0.9826,,H
1177,Headwaters Christian Academy,Iredell,22,,,0,0.7468,,,0.7687,0.9333,0.7647,0.5909,,,0.6544,0.6521,0.6589,0.6717,,,0.8652,0.864,0.8665,0.8731,,,,L
1178,Hope Christian Academy,Iredell,6,,,0,0.9184,,,0.9269,1,0.8333,0.9318,1,0.9422,0.8002,0.7997,0.8045,0.8134,0.8253,0.8391,0.9863,0.9862,0.9865,0.9873,0.9882,0.9893,,M
1179,ISS Virtual Academy,Iredell,3,,,0,0.6387,,,0.7956,1,0,0.3333,,,0.543,0.542,0.5495,0.5638,,,0.9484,0.9479,0.9493,0.952,,,,L
1180,Iredell Charter Academy of Arts &Science,Iredell,102,,,0,0.9446,,,0.9366,0.9362,0.9608,0.9512,0.8953,1,0.9143,0.9137,0.9157,0.9201,0.9259,0.9325,0.9561,0.9558,0.9569,0.9593,0.9624,0.9658,,M
1181,Lake Norman Elementary,Iredell,147,,,0,0.9618,,,0.951,0.9494,1,0.9663,0.932,0.9796,0.9339,0.9334,0.9352,0.9386,0.9431,0.9482,0.9656,0.9652,0.9661,0.9679,0.9704,0.9731,,H
1182,Lakeshore Elementary,Iredell,107,,,0,0.9664,,,0.966,0.9674,0.9898,0.9515,0.9252,1,0.9501,0.9498,0.9511,0.9537,0.9571,0.961,0.979,0.9788,0.9794,0.9805,0.982,0.9837,,H
1183,Langtree Charter Academy,Iredell,139,,,0,0.8642,,,0.8862,0.8235,0.8489,0.7727,0.9588,0.9432,0.8643,0.8633,0.8667,0.8731,0.8819,0.8919,0.9064,0.9057,0.9082,0.9131,0.9194,0.9265,,L
1184,Liberty Preparatory Christian Acad.,Iredell,32,,,0,0.6978,,,0.6934,0.5938,0.6562,0.6667,0.7742,0.8065,0.622,0.6213,0.628,0.6415,0.66,0.6817,0.759,0.7567,0.7622,0.7729,0.7869,0.8028,,L
1186,N B Mills Elementary,Iredell,77,,,0,0.9288,,,0.9289,0.9016,0.8378,0.9818,0.9481,0.9385,0.902,0.9011,0.9035,0.9084,0.915,0.9224,0.9511,0.9509,0.9524,0.955,0.9584,0.9622,,M
1189,Park View Elementary,Iredell,148,,,0,0.9521,,,0.949,0.9244,0.9496,0.911,0.9797,1,0.9328,0.9325,0.9343,0.9377,0.9423,0.9475,0.9633,0.9631,0.9641,0.9659,0.9685,0.9714,,H
1190,Pine Lake Preparatory,Iredell,115,,,0,0.9275,,,0.9133,0.9565,0.9189,0.9192,0.925,0.9316,0.8793,0.8783,0.8813,0.8873,0.8952,0.9042,0.9426,0.9421,0.9436,0.9467,0.9506,0.9551,,M
1193,Rocky River Elementary,Iredell,151,,,0,0.9621,,,0.959,0.9459,0.9683,0.951,0.9536,1,0.9456,0.9453,0.9468,0.9497,0.9535,0.9577,0.971,0.9707,0.9715,0.973,0.9751,0.9774,,H
1194,Scotts Elementary,Iredell,55,,,0,0.9582,,,0.9529,1,0.8182,1,1,1,0.9284,0.9278,0.9296,0.9332,0.9381,0.9436,0.9724,0.9721,0.9729,0.9744,0.9764,0.9786,,H
1195,Sharon Elementary,Iredell,45,,,0,0.9655,,,0.9699,0.9333,0.9744,0.925,1,1,0.9492,0.9489,0.9503,0.9532,0.9568,0.9607,0.9853,0.9852,0.9855,0.9863,0.9874,0.9886,,H
1196,Shepherd Elementary,Iredell,129,,,0,0.9391,,,0.9386,0.9402,0.9792,0.8879,0.9302,0.9765,0.9183,0.9176,0.9198,0.924,0.9296,0.9359,0.9556,0.9551,0.9562,0.9585,0.9616,0.9651,,M
1197,South Elementary,Iredell,139,,,0,0.9586,,,0.9629,0.9508,0.9496,0.9179,0.9784,0.9921,0.9499,0.9496,0.951,0.9536,0.9571,0.961,0.9738,0.9737,0.9743,0.9757,0.9776,0.9796,,H
1198,Southview Christian School,Iredell,13,,,0,0.9261,,,0.9125,1,0.914,0.9184,0.9242,0.9231,0.813,0.8122,0.8166,0.8259,0.8371,0.8503,0.9737,0.9736,0.9743,0.9757,0.9776,0.9797,,M
1199,Statesville Christian School,Iredell,38,,,0,0.8779,,,0.8851,0.8421,0.8871,0.88,0.8889,0.9088,0.8223,0.8212,0.8251,0.8333,0.8444,0.8571,0.9353,0.9348,0.9364,0.9397,0.9441,0.9492,,L
1200,Statesville Montessori School,Iredell,15,,,0,0.9092,,,0.9158,0.9333,0.8571,0.8333,0.9,1,0.85,0.8493,0.8531,0.8604,0.8699,0.8807,0.9625,0.9624,0.9635,0.9655,0.9682,0.9711,,M
1202,Third Creek Elementary,Iredell,96,,,0,0.9675,,,0.9656,0.963,0.9605,0.9444,0.9677,1,0.9496,0.9491,0.9503,0.953,0.9564,0.9603,0.9782,0.9781,0.9786,0.9798,0.9814,0.9831,,H
1203,Troutman Elementary,Iredell,127,,,0,0.958,,,0.9617,0.8976,0.955,0.9732,0.9841,0.9815,0.9473,0.9469,0.9484,0.9512,0.9548,0.9589,0.9741,0.9739,0.9746,0.976,0.9779,0.9799,,H
1204,Union Grove Elementary,Iredell,44,,,0,0.9194,,,0.9283,0.7805,0.8421,0.9722,1,1,0.8958,0.8952,0.8978,0.9029,0.9097,0.9175,0.9544,0.9541,0.9553,0.9577,0.9608,0.9644,,M
1205,Woodland Heights Elementary,Iredell,101,,,0,0.9467,,,0.9512,0.9359,0.9802,0.9231,0.9884,0.901,0.9336,0.9331,0.9347,0.9382,0.9428,0.948,0.9658,0.9655,0.9664,0.9683,0.9707,0.9734,,M
1206,Woodlawn School,Iredell,21,,,0,0.984,,,0.9661,1,1,0.9375,1,1,0.9305,0.9301,0.9319,0.9355,0.9403,0.9456,0.9887,0.9886,0.989,0.9896,0.9904,0.9913,,H
1207,Blue Ridge School,Jackson,23,,,0,0.9348,,,0.9321,0.9091,0.9444,0.9375,0.9565,0.9286,0.8897,0.8892,0.892,0.8975,0.9048,0.913,0.9644,0.9641,0.965,0.9669,0.9694,0.9722,,M
1208,Cullowhee Valley School,Jackson,71,,,0,0.9673,,,0.9639,0.963,0.9298,0.9665,1,0.9719,0.9414,0.9409,0.9425,0.9456,0.9497,0.9542,0.9817,0.9816,0.9821,0.9831,0.9844,0.9859,,H
1209,Fairview School,Jackson,85,,,0,0.9814,,,0.9802,0.9861,0.9625,0.971,0.9882,1,0.9675,0.9672,0.9681,0.9698,0.9721,0.9747,0.9897,0.9896,0.9899,0.9905,0.9912,0.992,,H
1212,Scotts Creek School,Jackson,48,,,0,0.9617,,,0.9624,0.9697,0.9143,0.9556,0.9787,0.9792,0.9399,0.9395,0.9411,0.9444,0.9485,0.953,0.9802,0.9801,0.9806,0.9816,0.983,0.9846,,H
1213,Smokey Mountain Elementary,Jackson,50,,,0,0.9533,,,0.9508,0.9487,0.9412,0.9062,0.975,0.98,0.9204,0.9195,0.9216,0.9257,0.931,0.9372,0.9744,0.9741,0.9748,0.9763,0.9781,0.9801,,H
1214,Summit Charter,Jackson,29,,,0,0.9016,,,0.9093,0.8966,0.8571,0.9,0.9286,0.9284,0.857,0.856,0.8596,0.8666,0.8758,0.8862,0.9499,0.9496,0.9507,0.9534,0.9569,0.9608,,M
1215,Victory Christian School,Jackson,7,,,0,0.9255,,,0.9082,0.8,0.8571,1,1,1,0.8101,0.8093,0.814,0.8224,0.8341,0.8474,0.9712,0.9711,0.9719,0.9734,0.9755,0.9777,,M
1216,American Leadership Academy - Johnston,Johnston,148,,,0,0.9286,,,0.9281,0.9595,0.9172,0.9085,,,0.9017,0.9009,0.9036,0.9085,,,0.9511,0.9507,0.952,0.9545,,,,M
1217,Benson Elementary,Johnston,129,,,0,0.9471,,,0.948,0.928,0.9528,0.907,0.9746,0.9811,0.9317,0.9313,0.933,0.9365,0.9412,0.9465,0.9614,0.961,0.9619,0.964,0.9668,0.9698,,M
1218,Cleveland Elementary,Johnston,151,,,0,0.9836,,,0.9822,0.9868,0.9664,0.975,0.9921,1,0.9727,0.9725,0.9732,0.9747,0.9766,0.9788,0.9897,0.9896,0.9899,0.9904,0.9912,0.992,,H
1219,Cooper Academy,Johnston,110,,,0,0.9332,,,0.9324,0.8642,0.8955,0.9615,0.913,1,0.9094,0.909,0.9112,0.9158,0.922,0.9288,0.952,0.9517,0.953,0.9555,0.9589,0.9626,,M
1220,Corinth-Holders Elementary,Johnston,99,,,0,0.9747,,,0.9734,0.9596,0.9778,0.963,0.9759,1,0.9604,0.9601,0.9612,0.9632,0.9659,0.969,0.9839,0.9838,0.9842,0.9851,0.9863,0.9875,,H
1221,Dixon Road Elementary,Johnston,113,,,0,0.9819,,,0.9796,0.9823,0.9712,0.9908,0.9787,0.9891,0.9684,0.9682,0.969,0.9707,0.9729,0.9754,0.9883,0.9882,0.9886,0.9892,0.99,0.991,,H
1222,East Clayton Elementary,Johnston,104,,,0,0.9675,,,0.9657,0.931,0.977,0.9726,0.9615,1,0.9505,0.9502,0.9515,0.9541,0.9575,0.9614,0.978,0.9778,0.9783,0.9795,0.981,0.9828,,H
1223,Four Oaks Elementary,Johnston,178,,,0,0.9497,,,0.9556,0.9659,0.9273,0.8876,0.9716,0.9937,0.9434,0.943,0.9444,0.9473,0.9512,0.9557,0.9663,0.966,0.967,0.9688,0.9711,0.9738,,M
1224,Glendale-Kenly Elementary,Johnston,81,,,0,0.9687,,,0.9548,0.9577,1,0.9853,0.9753,0.9452,0.9362,0.9357,0.9373,0.9405,0.9449,0.9499,0.9703,0.9701,0.9708,0.9724,0.9746,0.9769,,H
1225,JCPS Virtual Academy,Johnston,44,,,0,0.9848,,,0.9749,1,0.8,1,1,,0.939,0.9386,0.9402,0.9433,0.9476,,0.9943,0.9943,0.9944,0.9947,0.9951,,,H
1226,Johnston Charter Academy,Johnston,87,,,0,0.985,,,0.9719,0.9762,0.9868,0.9739,1,1,0.9536,0.9533,0.9546,0.9571,0.9604,0.964,0.9853,0.9852,0.9856,0.9864,0.9874,0.9886,,H
1228,LifeSpring Academy,Johnston,29,,,0,0.859,,,0.865,0.8889,0.95,0.8148,0.7931,0.8923,0.7962,0.7952,0.7997,0.8082,0.8208,0.8351,0.921,0.9203,0.9225,0.9264,0.9318,0.9378,,L
1229,McGee's Crossroads Elem,Johnston,157,,,0,0.9764,,,0.9732,0.9679,0.9635,0.9745,0.9837,1,0.9625,0.9621,0.9632,0.9651,0.9678,0.9707,0.9824,0.9822,0.9827,0.9836,0.9849,0.9863,,H
1230,Meadow School,Johnston,79,,,0,0.9482,,,0.9601,0.8143,0.962,0.9873,1,0.9783,0.9428,0.9424,0.9438,0.9467,0.9507,0.9551,0.975,0.9748,0.9755,0.9768,0.9786,0.9806,,M
1231,Micro Elementary,Johnston,68,,,0,0.9636,,,0.9452,1,0.9853,0.9844,0.95,0.9107,0.9204,0.9199,0.9221,0.9263,0.9315,0.9376,0.9661,0.9657,0.9666,0.9685,0.9708,0.9735,,H
1234,Neuse Charter School,Johnston,84,,,0,0.9794,,,0.9796,0.962,0.9737,0.9643,1,1,0.9663,0.9661,0.9669,0.9688,0.9712,0.9739,0.9896,0.9896,0.9898,0.9904,0.9911,0.9919,,H
1235,Pine Level Elementary,Johnston,52,,,0,0.9946,,,0.9869,1,1,1,1,0.9804,0.9742,0.974,0.9747,0.976,0.9778,0.9798,0.9951,0.995,0.9951,0.9954,0.9957,0.9961,,H
1236,Polenta Elementary,Johnston,161,,,0,0.9534,,,0.9524,0.9536,0.9407,0.882,1,0.9934,0.9389,0.9386,0.9403,0.9435,0.9477,0.9524,0.9645,0.9641,0.9651,0.9671,0.9695,0.9723,,H
1237,Powhatan Elementary,Johnston,105,,,0,0.9574,,,0.9592,0.9684,0.9592,0.9121,0.9714,0.9737,0.943,0.9424,0.944,0.9471,0.9511,0.9556,0.9729,0.9724,0.9732,0.9746,0.9766,0.9787,,H
1238,Princeton Elementary,Johnston,128,,,0,0.9822,,,0.9818,0.9903,0.9688,0.9604,0.9915,1,0.9715,0.9712,0.972,0.9735,0.9755,0.9778,0.9899,0.9898,0.9901,0.9907,0.9914,0.9922,,H
1239,River Dell Elementary,Johnston,186,,,0,0.9522,,,0.9561,0.9385,0.9478,0.9455,0.95,0.9677,0.9433,0.9427,0.9442,0.9472,0.9511,0.9555,0.968,0.9676,0.9684,0.9701,0.9724,0.9749,,H
1240,Riverwood Elementary,Johnston,127,,,0,0.9787,,,0.9733,0.9739,0.9714,0.9836,0.9843,0.9839,0.9613,0.961,0.9621,0.9643,0.967,0.97,0.9829,0.9827,0.9831,0.9841,0.9853,0.9867,,H
1241,Selma Elementary,Johnston,133,,,0,0.9679,,,0.9677,0.9839,0.9268,0.9915,0.9685,0.9699,0.9551,0.9546,0.9559,0.9583,0.9614,0.9649,0.9785,0.9783,0.9788,0.98,0.9815,0.9832,,H
1242,South Smithfield Elementary,Johnston,82,,,0,0.9377,,,0.9472,0.7838,0.9867,0.942,0.9756,0.9865,0.9276,0.927,0.9291,0.9327,0.9376,0.9433,0.9637,0.9632,0.9642,0.9661,0.9687,0.9716,,M
1243,Southside Christ. School  Inc.,Johnston,37,,,0,0.9483,,,0.9463,0.9412,0.9394,0.9655,0.9538,0.9459,0.9073,0.9067,0.9087,0.9135,0.9196,0.9267,0.9745,0.9744,0.9751,0.9765,0.9783,0.9804,,M
1245,Star Christian Academy,Johnston,8,,,0,0.9929,,,0.971,1,1,1,1,0.9773,0.909,0.9082,0.9109,0.9155,0.9216,0.9285,0.996,0.996,0.9961,0.9963,0.9966,0.9969,,H
1247,Thanksgiving Elementary School,Johnston,142,,,0,0.9651,,,0.9631,0.9577,0.9688,0.9533,0.9831,,0.945,0.9446,0.9459,0.9487,0.9525,,0.9776,0.9774,0.978,0.9792,0.9808,,,H
1248,West Clayton Elementary,Johnston,135,,,0,0.9694,,,0.9708,0.9583,0.9762,0.9829,0.9658,0.963,0.9582,0.9578,0.9589,0.9612,0.9641,0.9673,0.9809,0.9808,0.9814,0.9824,0.9837,0.9853,,H
1249,West Smithfield Elementary,Johnston,87,,,0,0.8944,,,0.9106,0.7126,0.9167,0.9403,0.9298,1,0.8846,0.8839,0.8867,0.8925,0.9,0.9086,0.9337,0.933,0.9346,0.938,0.9426,0.9478,,L
1250,West View Elementary,Johnston,152,,,0,0.9748,,,0.959,0.9862,0.9653,0.9851,0.98,0.9737,0.9462,0.9458,0.9472,0.9499,0.9537,0.9579,0.9705,0.9704,0.9712,0.9728,0.9749,0.9772,,H
1251,Wilson's Mills Elementary,Johnston,88,,,0,0.979,,,0.9769,1,0.9859,0.9157,1,1,0.9625,0.9623,0.9632,0.9652,0.9679,0.9708,0.9876,0.9875,0.9879,0.9885,0.9894,0.9904,,H
1252,Comfort Elementary,Jones,21,,,0,0.9371,,,0.9348,0.8947,1,0.7647,1,1,0.8908,0.89,0.8926,0.898,0.9052,0.9133,0.9679,0.9675,0.9684,0.9701,0.9724,0.9749,,M
1253,Maysville Elementary,Jones,22,,,0,0.9586,,,0.9653,1,0.9545,0.9048,0.9231,1,0.9308,0.9303,0.9322,0.9359,0.9405,0.9458,0.9882,0.9881,0.9884,0.9891,0.9899,0.9908,,H
1254,Pollocksville Elementary,Jones,18,,,0,0.9854,,,0.9765,1,1,1,1,0.9375,0.9483,0.9479,0.949,0.9517,0.9553,0.9593,0.9929,0.9928,0.993,0.9934,0.9939,0.9945,,H
1255,Trenton Elementary,Jones,29,,,0,0.9558,,,0.9512,1,0.9615,0.9474,0.9581,0.931,0.9159,0.9147,0.9168,0.9209,0.9267,0.9332,0.9769,0.9767,0.9773,0.9785,0.9802,0.982,,H
1256,BT Bullock Elementary,Lee,85,,,0,0.9806,,,0.9777,1,0.987,0.96,0.9882,0.9661,0.9641,0.9638,0.9649,0.9668,0.9693,0.9722,0.9882,0.9881,0.9884,0.9891,0.9899,0.9909,,H
1257,Broadway Elementary,Lee,86,,,0,0.9133,,,0.9339,0.9302,0.7683,0.8987,0.9552,1,0.9128,0.9121,0.9145,0.9189,0.9249,0.9315,0.9515,0.951,0.9523,0.955,0.9584,0.9621,,M
1258,Calvary Education Center,Lee,5,,,0,0.61,,,0.762,0.6,0.3333,0.75,0.5,0.8045,0.604,0.6015,0.6071,0.6204,0.64,0.6626,0.8932,0.8924,0.8951,0.9007,0.9078,0.9159,,L
1259,Carolina Christian Academy,Lee,2,,,0,0.9667,,,0.9071,1,1,0.9131,1,0.9259,0.7277,0.7253,0.7308,0.7421,0.7576,0.7756,0.9854,0.9853,0.9857,0.9865,0.9876,0.9887,,H
1260,Deep River Elementary,Lee,91,,,0,0.9522,,,0.9578,0.9011,0.9647,0.9359,0.9639,1,0.9414,0.941,0.9425,0.9455,0.9495,0.954,0.9714,0.9712,0.972,0.9735,0.9756,0.9778,,H
1261,Floyd L Knight Children Center,Lee,3,,,0,0.9936,,,0.9616,1,1,1,1,1,0.8846,0.8838,0.8866,0.8925,0.9,0.9084,0.9938,0.9938,0.994,0.9943,0.9947,0.9952,,H
1262,Grace Christian School,Lee,96,,,0,0.9344,,,0.9398,0.8352,0.9583,0.9759,0.9277,1,0.9168,0.9163,0.9184,0.9227,0.9282,0.9344,0.9597,0.9592,0.9603,0.9625,0.9654,0.9686,,M
1263,Greenwood Elementary,Lee,99,,,0,0.9776,,,0.9792,0.9798,0.9487,0.9452,1,1,0.9666,0.9664,0.9674,0.9691,0.9714,0.9741,0.9888,0.9887,0.9889,0.9895,0.9903,0.9912,,H
1264,J Glenn Edwards Elementary,Lee,100,,,0,0.9792,,,0.9813,0.99,0.9868,0.9545,1,0.9583,0.9693,0.9689,0.9698,0.9715,0.9737,0.9761,0.9903,0.9902,0.9905,0.991,0.9917,0.9925,,H
1265,J R Ingram Jr Elementary,Lee,74,,,0,0.9476,,,0.9605,0.8784,0.9636,0.9074,1,0.9846,0.9427,0.9423,0.9438,0.9468,0.9506,0.9551,0.9753,0.9751,0.9757,0.9771,0.9788,0.9808,,M
1266,Lee Christian School,Lee,26,,,0,0.8958,,,0.9072,1,0.8261,0.8462,0.9196,0.9266,0.8438,0.8427,0.8465,0.854,0.8638,0.8751,0.9551,0.9547,0.9559,0.9582,0.9614,0.965,,L
1267,MINA Charter School of Lee County,Lee,68,,,0,0.9892,,,0.9834,1,0.9672,1,0.9858,1,0.9645,0.9641,0.965,0.9669,0.9694,0.9722,0.995,0.995,0.9951,0.9954,0.9957,0.9961,,H
1268,Tramway Elementary,Lee,109,,,0,0.9858,,,0.9841,0.9908,0.9725,0.9674,1,1,0.9743,0.9741,0.9748,0.9761,0.9779,0.98,0.9918,0.9917,0.992,0.9924,0.993,0.9937,,H
1269,WB Wicker Elementary,Lee,106,,,0,0.9736,,,0.963,0.9479,0.9811,0.98,0.99,0.9783,0.9464,0.9459,0.9473,0.95,0.9537,0.9578,0.9765,0.9763,0.977,0.9782,0.9799,0.9818,,H
1271,Arendell Parrott Academy,Lenoir,46,,,0,0.9744,,,0.9738,0.9762,0.9565,1,0.9487,1,0.9537,0.9531,0.9544,0.9569,0.9602,0.9638,0.9879,0.9878,0.9882,0.9888,0.9897,0.9906,,H
1272,Banks Elementary,Lenoir,71,,,0,0.9977,,,0.9927,1,1,1,0.9938,1,0.9842,0.984,0.9844,0.9853,0.9865,0.9877,0.9976,0.9976,0.9977,0.9978,0.998,0.9982,,H
1273,Bethel Christian Academy,Lenoir,43,,,0,0.9875,,,0.9847,1,0.9767,1,0.9667,1,0.9675,0.9673,0.9683,0.97,0.9723,0.9748,0.9951,0.9951,0.9952,0.9955,0.9959,0.9962,,H
1275,Contentnea-Savannah School,Lenoir,80,,,0,0.9769,,,0.9776,1,0.925,0.9868,0.9808,1,0.9636,0.9633,0.9641,0.966,0.9686,0.9715,0.9885,0.9883,0.9886,0.9893,0.9901,0.991,,H
1277,Hope Preparatory School,Lenoir,27,,,0,0.7925,,,0.8073,0.8519,0.5417,0.8189,1,0.9091,0.7143,0.7131,0.7198,0.7311,0.7468,0.7651,0.8867,0.8859,0.8887,0.8942,0.9015,0.91,,L
1278,La Grange Elementary,Lenoir,94,,,0,0.9748,,,0.9772,0.9524,0.9878,0.9857,0.9805,0.9681,0.9628,0.9624,0.9633,0.9652,0.9679,0.9708,0.988,0.9878,0.9882,0.9888,0.9897,0.9907,,H
1281,Moss Hill Elementary,Lenoir,62,,,0,0.9436,,,0.9515,0.9649,0.9839,0.871,0.9584,0.9344,0.9298,0.9295,0.9313,0.9349,0.9396,0.945,0.9694,0.9692,0.97,0.9717,0.9739,0.9763,,M
1282,Northeast Elementary,Lenoir,76,,,0,0.9251,,,0.9359,0.9605,0.8857,0.8841,0.9448,0.9375,0.9117,0.911,0.9132,0.9176,0.9236,0.9303,0.9571,0.9567,0.9578,0.96,0.963,0.9663,,M
1283,Northwest Elementary,Lenoir,95,,,0,0.9723,,,0.9699,0.9789,0.9677,0.9481,0.9742,1,0.9513,0.9509,0.9521,0.9547,0.9581,0.9619,0.984,0.9839,0.9843,0.9852,0.9864,0.9876,,H
1284,Pink Hill Elementary,Lenoir,81,,,0,0.9924,,,0.983,1,0.9844,1,0.9855,1,0.9684,0.9682,0.9691,0.9708,0.9731,0.9755,0.9929,0.9928,0.993,0.9934,0.9939,0.9944,,H
1285,Southeast Elementary,Lenoir,48,,,0,0.8965,,,0.9073,0.9167,0.9118,0.9048,0.9198,0.8056,0.8659,0.8655,0.869,0.8755,0.8841,0.8938,0.9418,0.9412,0.9429,0.9459,0.9498,0.9543,,L
1286,Southwood Elementary,Lenoir,39,,,0,0.9473,,,0.9585,1,0.9744,0.9444,0.9643,0.8529,0.9313,0.9308,0.9328,0.9364,0.9411,0.9462,0.9791,0.9788,0.9794,0.9805,0.9821,0.9837,,M
1287,Battleground Elementary,Lincoln,71,,,0,0.946,,,0.9153,0.8852,0.9718,0.9333,1,0.9815,0.887,0.8862,0.8889,0.8946,0.9021,0.9105,0.9402,0.9397,0.9413,0.9443,0.9484,0.953,,M
1288,Catawba Springs Elementary,Lincoln,91,,,0,0.932,,,0.9362,0.9011,0.9012,0.9186,0.9733,0.9726,0.9141,0.9137,0.916,0.9204,0.9262,0.9327,0.9548,0.9544,0.9556,0.9579,0.9612,0.9647,,M
1289,Childers Elementary,Lincoln,83,,,0,0.9467,,,0.9422,1,0.9138,0.86,0.9518,1,0.9187,0.9181,0.9202,0.9242,0.9297,0.9359,0.9622,0.9618,0.9628,0.9648,0.9675,0.9704,,M
1290,Denver Christian Academy,Lincoln,33,,,0,0.6807,,,0.684,0.6061,0.64,0.7727,0.7171,0.7367,0.5895,0.5876,0.5939,0.6077,0.627,0.65,0.7708,0.7695,0.7742,0.7843,0.7983,0.8138,,L
1291,GE Massey Elementary,Lincoln,61,,,0,0.9454,,,0.942,0.8235,0.9388,0.9636,0.9836,0.9756,0.9151,0.9145,0.9166,0.9211,0.9267,0.9331,0.9643,0.964,0.9649,0.9667,0.9692,0.972,,M
1292,Iron Station Elementary,Lincoln,62,,,0,0.9472,,,0.9415,0.8727,0.9667,0.9825,0.9677,0.9464,0.9182,0.9175,0.9196,0.9238,0.9294,0.9357,0.9615,0.9612,0.9623,0.9643,0.967,0.97,,M
1294,Lincoln Charter School,Lincoln,135,,,0,0.9483,,,0.9437,0.9259,0.947,0.9248,0.9504,1,0.9262,0.9256,0.9276,0.9315,0.9365,0.9421,0.9592,0.9588,0.96,0.9622,0.9651,0.9683,,M
1295,Lincoln Christian Academy,Lincoln,24,,,0,0.6137,,,0.6504,0.8261,0.375,,,,0.5153,0.5132,0.5214,,,,0.7716,0.77,0.7746,,,,,L
1296,Love Memorial Elementary,Lincoln,51,,,0,0.969,,,0.955,0.9412,0.9535,0.9792,1,1,0.9299,0.9294,0.9312,0.9348,0.9396,0.945,0.9746,0.9744,0.9751,0.9764,0.9782,0.9802,,H
1297,North Brook Elementary,Lincoln,60,,,0,0.8948,,,0.9116,0.9483,0.5217,0.95,0.9825,0.9818,0.8826,0.8816,0.8845,0.8903,0.898,0.9067,0.9365,0.9362,0.938,0.9413,0.9457,0.9506,,L
1298,Pumpkin Center Primary,Lincoln,102,,,0,0.9378,,,0.9375,0.9462,0.8933,0.8958,0.9882,0.9608,0.9181,0.9176,0.9198,0.9241,0.9297,0.9358,0.9552,0.9549,0.9562,0.9584,0.9615,0.965,,M
1300,Rock Springs Elementary,Lincoln,108,,,0,0.9449,,,0.9524,0.8932,0.96,0.9444,0.9615,0.9655,0.9342,0.9336,0.9353,0.9388,0.9434,0.9485,0.9676,0.9673,0.9683,0.9701,0.9724,0.975,,M
1301,S Ray Lowder Elementary,Lincoln,60,,,0,0.9555,,,0.9587,0.8864,0.9583,0.9455,0.9833,1,0.9357,0.9351,0.9366,0.9398,0.9443,0.9494,0.9773,0.9771,0.9777,0.9789,0.9805,0.9823,,H
1302,St James Elementary,Lincoln,105,,,0,0.9453,,,0.9455,0.8929,0.9619,0.914,0.9651,0.9888,0.9273,0.9267,0.9286,0.9324,0.9373,0.9429,0.9615,0.9612,0.9623,0.9644,0.9671,0.97,,M
1303,Starboard Christian Academy,Lincoln,17,,,0,0.6508,,,0.6735,0.5882,0.6875,0.5455,0.707,0.7268,0.5479,0.5456,0.5527,0.5677,0.5878,0.6117,0.7914,0.7902,0.7948,0.8038,0.8161,0.8304,,L
1304,Union Elementary,Lincoln,58,,,0,0.9584,,,0.9596,0.9216,0.9286,0.9623,1,0.9778,0.9372,0.9369,0.9386,0.9419,0.9462,0.951,0.9769,0.9767,0.9774,0.9786,0.9803,0.9821,,H
1305,West Lake Preparatory Academy,Lincoln,90,,,0,0.8777,,,0.8815,0.8793,0.8596,0.7581,0.9111,1,0.8439,0.8427,0.8465,0.8539,0.8636,0.8749,0.9145,0.9138,0.916,0.9203,0.9261,0.9328,,L
1306,Cartoogechaye Elementary,Macon,77,,,0,0.9351,,,0.9433,0.8406,1,0.8961,0.9851,0.9565,0.9204,0.9199,0.9218,0.926,0.9313,0.9374,0.9625,0.9622,0.9633,0.9653,0.9679,0.9708,,M
1307,East Franklin Elementary,Macon,78,,,0,0.9517,,,0.9566,0.963,0.9259,0.9677,0.9627,0.9359,0.9345,0.9339,0.9357,0.939,0.9436,0.9486,0.9744,0.9742,0.9749,0.9763,0.9781,0.9801,,H
1308,Highlands School,Macon,29,,,0,0.9323,,,0.9366,0.8621,0.8148,1,1,1,0.8969,0.8966,0.8993,0.9042,0.911,0.9188,0.9666,0.9663,0.9671,0.9689,0.9712,0.9739,,M
1309,Iotla Valley Elementary,Macon,93,,,0,0.894,,,0.9111,0.7761,0.8356,0.9785,0.9683,0.875,0.8869,0.8861,0.889,0.8947,0.9022,0.9105,0.9332,0.9326,0.9342,0.9376,0.9422,0.9473,,L
1310,Nantahala School,Macon,10,,,0,0.9182,,,0.9149,1,1,0.9,0.75,1,0.8385,0.8374,0.8416,0.8493,0.8594,0.8708,0.9668,0.9665,0.9674,0.9693,0.9716,0.9743,,M
1311,South Macon Elementary,Macon,124,,,0,0.9662,,,0.9672,0.925,0.9759,0.9647,0.9677,0.9899,0.9529,0.9525,0.9537,0.9562,0.9595,0.9632,0.9791,0.9789,0.9794,0.9806,0.9821,0.9837,,H
1313,Brush Creek Elementary,Madison,64,,,0,0.9477,,,0.9546,0.92,0.9322,0.9688,0.9643,0.9412,0.9324,0.9319,0.9337,0.9372,0.9419,0.9471,0.9731,0.9729,0.9736,0.975,0.977,0.9791,,M
1314,Hot Springs Elementary,Madison,26,,,0,0.8806,,,0.8883,0.8421,0.9167,0.8261,0.8462,0.9583,0.8344,0.8331,0.837,0.8447,0.8549,0.8667,0.9331,0.9327,0.9344,0.9377,0.9422,0.9474,,L
1316,Mars Hill Elementary,Madison,96,,,0,0.9604,,,0.9417,0.963,0.9306,0.942,0.9896,0.9773,0.921,0.9204,0.9225,0.9265,0.9319,0.9379,0.9593,0.959,0.9601,0.9623,0.9651,0.9683,,H
1317,Woodson Branch Nature School,Madison,12,,,0,0.4603,,,0.4782,0.3333,0.5,0.4973,0.5174,0.4444,0.3516,0.3496,0.3559,0.3696,0.3891,0.4134,0.6082,0.6057,0.6135,0.6276,0.6466,0.6689,,L
1318,South Creek Elementary,Martin,62,,,0,0.9584,,,0.9567,0.9302,0.9839,0.8864,0.9783,1,0.934,0.9333,0.9349,0.9383,0.9429,0.948,0.9748,0.9746,0.9753,0.9767,0.9785,0.9805,,H
1320,Jamesville Elementary,Martin,33,,,0,0.9808,,,0.9728,1,1,0.9394,0.9767,1,0.9468,0.9463,0.9477,0.9506,0.9543,0.9584,0.9901,0.9899,0.9903,0.9908,0.9915,0.9923,,H
1321,Rodgers Elementary,Martin,38,,,0,0.9698,,,0.9701,1,1,0.9722,0.9444,0.9474,0.9453,0.9446,0.9459,0.9487,0.9525,0.9568,0.9871,0.987,0.9873,0.988,0.9889,0.9899,,H
1322,Williamston Primary,Martin,108,,,0,0.9515,,,0.9501,0.9905,0.95,0.87,0.9815,0.9623,0.9333,0.9328,0.9346,0.9381,0.9427,0.9479,0.9643,0.9642,0.9652,0.967,0.9695,0.9723,,H
1323,Eastfield Global Magnet School,McDowell,49,,,0,0.9825,,,0.9801,1,1,0.9756,0.983,0.9592,0.9622,0.962,0.963,0.9651,0.9678,0.9707,0.9924,0.9923,0.9925,0.9929,0.9934,0.994,,H
1324,Glenwood Elementary School,McDowell,71,,,0,0.9734,,,0.9674,0.9683,0.9623,0.9577,0.9857,1,0.9495,0.9491,0.9506,0.9532,0.9567,0.9606,0.9814,0.9813,0.9818,0.9828,0.9841,0.9856,,H
1325,Harvest Tme Baptist Academy,McDowell,4,,,0,0.9918,,,0.9505,1,1,,,,0.8398,0.8386,0.8422,,,,0.9935,0.9934,0.9936,,,,,H
1326,Marion Elementary School,McDowell,54,,,0,0.977,,,0.9763,1,0.96,0.9259,1,1,0.9596,0.9592,0.9602,0.9624,0.9653,0.9685,0.9886,0.9885,0.9888,0.9894,0.9903,0.9911,,H
1329,Nebo Elementary School,McDowell,53,,,0,0.9726,,,0.971,0.96,0.9623,0.9608,0.9811,1,0.953,0.9526,0.954,0.9565,0.9597,0.9634,0.9842,0.984,0.9845,0.9854,0.9865,0.9877,,H
1330,New Manna Christian School,McDowell,18,,,0,0.9545,,,0.9591,0.9444,0.9444,1,1,0.875,0.9209,0.9206,0.9229,0.9268,0.9321,0.938,0.9843,0.9842,0.9846,0.9854,0.9866,0.9878,,H
1331,North Cove Elementary School,McDowell,44,,,0,0.981,,,0.9787,1,0.9459,1,1,0.9615,0.9597,0.9592,0.96,0.9622,0.9651,0.9683,0.9916,0.9915,0.9918,0.9922,0.9928,0.9935,,H
1333,Pleasant Gardens Elementary School,McDowell,47,,,0,0.9943,,,0.9878,1,1,1,0.9767,1,0.9749,0.9746,0.9752,0.9766,0.9784,0.9804,0.996,0.9959,0.9961,0.9963,0.9966,0.9969,,H
1334,West Marion Elementary School,McDowell,60,,,0,0.9892,,,0.987,0.9818,0.9831,0.9833,1,1,0.9743,0.9741,0.9749,0.9763,0.9781,0.9801,0.9953,0.9952,0.9953,0.9956,0.9959,0.9963,,H
1335,ALC Mosaic,Mecklenburg,6,,,0,0.4351,,,0.4924,0.5,0.2,0.2,0.75,0.5547,0.3189,0.3177,0.3243,0.3379,0.3565,0.3796,0.6696,0.668,0.6741,0.6869,0.7043,0.7248,,L
1337,Albemarle Road Elementary,Mecklenburg,134,,,0,0.9603,,,0.9601,0.9722,0.9304,0.963,0.9658,0.9689,0.9416,0.9411,0.9427,0.9457,0.9497,0.9542,0.9749,0.9748,0.9755,0.9769,0.9786,0.9806,,H
1338,Allenbrook Elementary,Mecklenburg,51,,,0,0.951,,,0.9577,1,0.9118,0.9667,0.8462,1,0.9346,0.9338,0.9355,0.9389,0.9434,0.9485,0.9762,0.976,0.9767,0.9779,0.9796,0.9815,,H
1339,Aristotle Preparatory Academy: A Challenge Foundation Academ,Mecklenburg,44,,,0,0.9364,,,0.9344,0.8864,1,1,0.9434,0.9485,0.8773,0.876,0.8789,0.8851,0.8932,0.9023,0.973,0.9727,0.9735,0.9749,0.9768,0.979,,M
1340,Anami Montessori School,Mecklenburg,13,,,0,0.8239,,,0.8334,1,0.8462,0.625,0.625,1,0.7395,0.739,0.745,0.7556,0.7703,0.7871,0.909,0.9081,0.9105,0.915,0.921,0.9279,,L
1341,Arlington Christian Academy,Mecklenburg,15,,,0,0.6099,,,0.6784,0.6667,0.375,,,,0.4953,0.4934,0.5011,,,,0.8308,0.8303,0.8342,,,,,L
1342,Ashley Park PreK-8 School,Mecklenburg,27,,,0,0.9643,,,0.9641,0.9231,0.9615,0.9667,0.9692,1,0.9355,0.9349,0.9363,0.9397,0.9442,0.9492,0.9852,0.9851,0.9854,0.9863,0.9873,0.9885,,H
1343,Back Creek Christian Academy,Mecklenburg,13,,,0,0.9369,,,0.9559,0.8333,0.9567,0.959,0.9231,1,0.9077,0.9068,0.9094,0.914,0.9201,0.9271,0.9857,0.9856,0.986,0.9867,0.9878,0.9889,,M
1344,Bain Elementary,Mecklenburg,170,,,0,0.9517,,,0.9413,0.945,0.9048,0.925,0.9645,1,0.9244,0.9238,0.9258,0.9296,0.9348,0.9405,0.9564,0.9561,0.9572,0.9595,0.9625,0.966,,H
1346,Barnette Elementary,Mecklenburg,132,,,0,0.9706,,,0.9627,0.938,0.984,0.9545,0.9917,1,0.9491,0.9489,0.9502,0.9528,0.9565,0.9605,0.9741,0.9739,0.9745,0.9759,0.9777,0.9798,,H
1347,Charles H. Parker Academic Center,Mecklenburg,76,,,0,0.9467,,,0.9568,0.9531,0.9474,0.9048,0.95,0.9663,0.9373,0.9373,0.9389,0.9422,0.9466,0.9513,0.9729,0.9727,0.9733,0.9748,0.9767,0.9789,,M
1351,Beverly Woods Elementary,Mecklenburg,105,,,0,0.9746,,,0.9736,0.95,0.9714,0.9755,0.9774,1,0.9597,0.9594,0.9605,0.9627,0.9655,0.9687,0.985,0.9848,0.9853,0.9861,0.9872,0.9884,,H
1352,Matthews Christian Academy,Mecklenburg,20,,,0,0.7688,,,0.817,0.65,0.7778,0.9231,0.7143,0.7692,0.7401,0.7391,0.7446,0.7558,0.7707,0.7879,0.8812,0.8799,0.8827,0.8882,0.8961,0.9049,,L
1353,Billingsville Elementary,Mecklenburg,133,,,0,0.9787,,,0.9769,0.9908,0.9699,0.9786,0.959,1,0.9635,0.9632,0.9642,0.9662,0.9688,0.9717,0.987,0.9869,0.9872,0.9879,0.9889,0.9899,,H
1355,Bonnie Cone Classical Academy,Mecklenburg,195,,,0,0.9293,,,0.9267,0.8944,0.9114,0.9828,0.9167,0.9385,0.9055,0.9047,0.9068,0.9117,0.9181,0.9252,0.9466,0.9459,0.9473,0.9501,0.9538,0.958,,M
1356,Bonnie Cone Leadership Academy,Mecklenburg,116,,,0,0.9337,,,0.9332,0.9569,0.9099,,,,0.9001,0.8992,0.9016,,,,0.9598,0.9594,0.9603,,,,,M
1357,Bradford Preparatory School,Mecklenburg,104,,,0,0.9606,,,0.9593,0.9596,0.9278,0.9615,0.9663,0.9896,0.9429,0.9424,0.9438,0.9468,0.951,0.9554,0.973,0.9727,0.9735,0.9749,0.9768,0.979,,H
1358,Briarwood Academy,Mecklenburg,125,,,0,0.9136,,,0.9217,0.96,0.78,0.9271,0.9324,0.9384,0.8974,0.8962,0.8991,0.9041,0.9111,0.9188,0.9449,0.9444,0.9459,0.9488,0.9526,0.9569,,M
1360,British International Sch. of Charlotte,Mecklenburg,24,,,0,0.8,,,0.8264,0.75,0.75,0.5833,0.8479,0.95,0.7428,0.7414,0.7468,0.7579,0.7727,0.7898,0.8987,0.8983,0.901,0.9058,0.9126,0.9203,,L
1361,Brookstone Schools,Mecklenburg,24,,,0,0.906,,,0.9123,1,0.9333,0.7273,0.9167,0.9583,0.8562,0.8554,0.8591,0.8657,0.8749,0.8854,0.9554,0.955,0.9562,0.9585,0.9616,0.9651,,M
1364,Carmel Christian School,Mecklenburg,84,,,0,0.7756,,,0.7396,0.8816,0.8452,0.7831,0.6543,0.7463,0.699,0.6975,0.7033,0.7156,0.732,0.751,0.7776,0.7757,0.7804,0.7903,0.8035,0.8188,,L
1366,Chantilly Montessori,Mecklenburg,56,,,0,0.9401,,,0.934,0.8837,0.9821,0.9362,0.9431,0.9482,0.901,0.9002,0.9027,0.9077,0.9143,0.9217,0.9611,0.9609,0.9618,0.9639,0.9667,0.9698,,M
1368,Charlotte Christian School,Mecklenburg,80,,,0,0.9507,,,0.9511,0.8875,1,0.9394,0.9344,1,0.929,0.9287,0.9307,0.9342,0.939,0.9444,0.9694,0.969,0.9699,0.9715,0.9737,0.9762,,H
1369,Charlotte Country Day School,Mecklenburg,136,,,0,0.996,,,0.9921,0.9917,1,0.9917,1,1,0.9855,0.9854,0.9858,0.9865,0.9876,0.9888,0.9967,0.9967,0.9968,0.997,0.9972,0.9975,,H
1371,Charlotte Islamic Academy,Mecklenburg,12,,,0,0.9687,,,0.9587,1,0.9595,0.9616,0.9645,0.9677,0.89,0.8893,0.8921,0.8976,0.905,0.9132,0.9915,0.9914,0.9917,0.9921,0.9927,0.9934,,H
1372,Charlotte Jewish Day School,Mecklenburg,28,,,0,0.996,,,0.979,1,1,1,1,1,0.9536,0.9532,0.9544,0.9568,0.96,0.9636,0.9936,0.9935,0.9937,0.994,0.9945,0.995,,H
1373,Charlotte Lab School,Mecklenburg,109,,,0,0.9492,,,0.9401,0.9474,0.9633,0.9375,0.9484,0.953,0.9132,0.9127,0.9149,0.9193,0.9252,0.9317,0.9623,0.9619,0.9628,0.9648,0.9675,0.9704,,M
1374,Charlotte Latin School,Mecklenburg,97,,,0,0.9873,,,0.9871,0.9794,0.9688,1,0.989,1,0.9775,0.9773,0.9779,0.9791,0.9807,0.9825,0.9939,0.9938,0.9939,0.9943,0.9947,0.9952,,H
1375,Charlotte Preparatory School,Mecklenburg,44,,,0,0.9681,,,0.9568,1,1,0.9512,0.9756,0.9167,0.9301,0.9296,0.9314,0.935,0.9398,0.9452,0.9771,0.977,0.9777,0.9789,0.9806,0.9823,,H
1377,Lincoln Heights Montessori,Mecklenburg,1,,,0,0.9686,,,0.9373,1,0.9384,0.9415,0.9456,0.9503,0.7834,0.7827,0.7868,0.796,0.8087,0.8237,0.9922,0.9922,0.9924,0.9928,0.9934,0.994,,H
1381,Collinswood Language Academy,Mecklenburg,121,,,0,0.9579,,,0.9602,0.9126,0.9256,0.9717,0.975,1,0.9447,0.9443,0.9458,0.9486,0.9524,0.9567,0.973,0.9728,0.9736,0.975,0.9769,0.979,,H
1383,Community School of Davidson,Mecklenburg,113,,,0,0.8692,,,0.871,0.8053,0.88,0.8764,0.9101,0.8901,0.8438,0.8428,0.8464,0.8536,0.8633,0.8746,0.8959,0.8949,0.8973,0.9025,0.9095,0.9174,,L
1384,Cornelius Elementary,Mecklenburg,97,,,0,0.9515,,,0.95,0.9881,0.9157,0.9381,0.957,0.962,0.93,0.9294,0.9311,0.9347,0.9394,0.9448,0.9667,0.9664,0.9672,0.9691,0.9715,0.9741,,H
1385,Corvian Community School,Mecklenburg,91,,,0,0.9419,,,0.9382,0.967,0.9535,0.9367,0.95,0.9036,0.9174,0.9166,0.9187,0.9229,0.9286,0.9349,0.9567,0.9564,0.9576,0.9599,0.963,0.9663,,M
1387,Covenant Day School,Mecklenburg,71,,,0,0.8953,,,0.8933,0.7887,0.9107,0.9057,0.9076,1,0.8589,0.8578,0.8612,0.8679,0.8772,0.8874,0.9234,0.9227,0.9245,0.9286,0.9338,0.9397,,L
1390,Crossway Academy,Mecklenburg,3,,,0,0.9717,,,0.9627,1,0.9634,0.9653,0.9679,0.9707,0.864,0.8628,0.8656,0.8718,0.8805,0.8905,0.9956,0.9956,0.9957,0.996,0.9963,0.9966,,H
1391,Crown Point Elementary,Mecklenburg,100,,,0,0.925,,,0.923,0.95,0.8514,0.9792,0.8519,0.9846,0.8995,0.899,0.9017,0.9066,0.9133,0.9209,0.9436,0.9429,0.9443,0.9473,0.9512,0.9557,,M
1392,Cyzner Institute,Mecklenburg,5,,,0,0.9279,,,0.9467,1,0.9476,1,0.8,0.958,0.8455,0.8443,0.8482,0.8558,0.8659,0.877,0.9908,0.9907,0.9909,0.9914,0.9921,0.9928,,M
1393,David Cox Road Elementary,Mecklenburg,137,,,0,0.8656,,,0.8786,0.9091,0.8381,0.9159,0.8945,0.781,0.8513,0.8506,0.8543,0.8614,0.8709,0.8817,0.9038,0.903,0.9053,0.9102,0.9167,0.9239,,L
1394,Davidson Day School,Mecklenburg,30,,,0,0.9779,,,0.9768,0.9667,0.9333,1,1,1,0.9535,0.9531,0.9544,0.9569,0.9601,0.9637,0.9914,0.9914,0.9917,0.9922,0.9928,0.9934,,H
1396,Davidson Green School,Mecklenburg,8,,,0,0.9152,,,0.9051,1,1,0.7143,1,0.9247,0.8014,0.8005,0.8051,0.8138,0.8262,0.84,0.9705,0.9704,0.9713,0.973,0.9751,0.9774,,M
1397,Devonshire Elementary,Mecklenburg,110,,,0,0.9129,,,0.8876,0.9524,0.8909,0.8951,0.9025,0.9528,0.8569,0.8558,0.8595,0.8663,0.8756,0.8859,0.9143,0.9137,0.9159,0.9202,0.926,0.9325,,M
1398,Dilworth Elem Sedgefield Campus,Mecklenburg,133,,,0,0.9744,,,0.9747,0.96,0.9904,0.9549,0.9783,1,0.9625,0.9622,0.9632,0.9652,0.9678,0.9707,0.9847,0.9846,0.985,0.9859,0.987,0.9882,,H
1399,Vaughan Academy of Technology,Mecklenburg,44,,,0,0.9747,,,0.9733,0.9444,0.9773,0.9752,0.9771,1,0.9438,0.9434,0.945,0.9478,0.9518,0.956,0.9915,0.9914,0.9916,0.9921,0.9927,0.9934,,H
1403,East Voyager Academy of Charlotte,Mecklenburg,37,,,0,0.9084,,,0.9118,0.9189,0.913,0.8636,0.9238,0.9167,0.8615,0.8601,0.8632,0.87,0.8789,0.8892,0.9519,0.9514,0.9528,0.9554,0.9588,0.9625,,M
1404,Eastover Elementary,Mecklenburg,70,,,0,0.9529,,,0.964,0.8667,0.9552,0.9666,1,0.9719,0.9438,0.9433,0.9449,0.9477,0.9516,0.956,0.98,0.9797,0.9803,0.9814,0.9828,0.9845,,H
1407,Elon Park Elementary,Mecklenburg,131,,,0,0.972,,,0.9698,0.9438,0.9688,0.981,0.9672,0.9924,0.9571,0.9568,0.958,0.9603,0.9633,0.9666,0.9801,0.98,0.9806,0.9816,0.983,0.9846,,H
1408,Endhaven Elementary,Mecklenburg,127,,,0,0.9599,,,0.9594,0.934,0.9606,0.9623,0.9652,0.9794,0.9411,0.9408,0.9423,0.9452,0.9493,0.9539,0.9745,0.9744,0.9751,0.9765,0.9783,0.9803,,H
1411,First Ward Creative Arts Academy,Mecklenburg,68,,,0,0.9422,,,0.9563,0.9623,0.8793,0.9231,0.9625,0.9659,0.934,0.9335,0.9352,0.9387,0.9432,0.9483,0.9743,0.9741,0.9749,0.9763,0.9781,0.9802,,M
1412,Fletcher School,Mecklenburg,5,,,0,0.9917,,,0.9657,1,1,1,0.9705,1,0.8976,0.8963,0.8986,0.9036,0.9105,0.9184,0.9946,0.9945,0.9947,0.995,0.9954,0.9958,,H
1416,Good Shepherd Christian School,Mecklenburg,9,,,0,0.7278,,,0.7861,0.375,0.7143,1,,,0.6264,0.6242,0.631,0.6442,,,0.9114,0.9103,0.9124,0.9171,,,,L
1418,Grace Covenant Academy,Mecklenburg,36,,,0,0.8025,,,0.7965,0.75,0.6944,0.8087,0.821,0.9444,0.7352,0.7337,0.7388,0.7497,0.7646,0.7819,0.8528,0.8518,0.8552,0.8621,0.8715,0.8822,,L
1419,Grand Oak Elementary,Mecklenburg,85,,,0,0.975,,,0.9729,0.963,0.9529,0.9749,0.987,1,0.9568,0.9565,0.9575,0.9598,0.9628,0.9662,0.9854,0.9852,0.9856,0.9864,0.9874,0.9886,,H
1425,Hawk Ridge Elementary,Mecklenburg,112,,,0,0.9262,,,0.9335,0.9565,0.8839,0.9382,0.9427,0.92,0.9113,0.9107,0.913,0.9175,0.9234,0.9302,0.9536,0.9532,0.9544,0.9568,0.9601,0.9637,,M
1426,Hickory Grove Christian School,Mecklenburg,51,,,0,0.913,,,0.9274,0.8936,0.8367,0.9412,0.9459,0.9474,0.8998,0.8991,0.9017,0.9066,0.9132,0.9207,0.9518,0.9513,0.9526,0.9551,0.9585,0.9623,,M
1427,Hickory Grove Elementary,Mecklenburg,100,,,0,0.8985,,,0.904,0.9878,0.9355,0.9333,0.6571,0.9242,0.8767,0.8759,0.8789,0.885,0.8932,0.9024,0.9294,0.9289,0.9306,0.9343,0.9393,0.9446,,L
1429,Highland Creek Elementary,Mecklenburg,78,,,0,0.9579,,,0.9551,1,0.9859,0.9103,0.9583,0.9403,0.9364,0.9357,0.9374,0.9406,0.9449,0.9499,0.9714,0.9713,0.9721,0.9736,0.9756,0.9778,,H
1430,Highland Mill Montessori,Mecklenburg,56,,,0,0.9656,,,0.9618,0.9608,0.9623,0.9645,0.9412,1,0.9377,0.9371,0.9387,0.9419,0.9463,0.9511,0.98,0.9798,0.9804,0.9815,0.9829,0.9845,,H
1432,Huntersville Elementary,Mecklenburg,153,,,0,0.95,,,0.955,0.9552,0.915,0.9583,0.9614,0.9633,0.9374,0.9369,0.9384,0.9418,0.9461,0.9509,0.9701,0.9699,0.9706,0.9723,0.9744,0.9767,,H
1433,Huntingtowne Farms Elementary,Mecklenburg,142,,,0,0.9474,,,0.9414,0.9479,0.935,0.9366,0.9495,0.975,0.9227,0.9217,0.9236,0.9274,0.9327,0.9387,0.9581,0.9577,0.9588,0.961,0.964,0.9672,,M
1434,ILIM SCHOOL,Mecklenburg,15,,,0,0.9137,,,0.9289,0.9,0.9333,0.875,,,0.8336,0.8321,0.8358,0.8437,,,0.9812,0.981,0.9816,0.9826,,,,M
1437,Intellicor International Academy,Mecklenburg,46,,,0,0.9605,,,0.9526,0.9773,0.9565,0.9773,0.9697,0.8947,0.9208,0.9199,0.9222,0.9261,0.9315,0.9375,0.9771,0.9768,0.9775,0.9787,0.9803,0.9821,,H
1440,J. H. Gunn Elementary,Mecklenburg,106,,,0,0.9571,,,0.9607,0.95,0.9574,0.9635,0.9434,0.9691,0.9435,0.943,0.9444,0.9473,0.9512,0.9557,0.9745,0.9742,0.9749,0.9762,0.9781,0.9801,,H
1441,J.V. Washam Elementary,Mecklenburg,128,,,0,0.9567,,,0.9516,0.9844,0.9412,0.9551,0.9584,0.9478,0.9331,0.9324,0.934,0.9374,0.942,0.9473,0.9675,0.9672,0.9681,0.9698,0.9721,0.9747,,H
1442,Mt. Island Lake Academy,Mecklenburg,78,,,0,0.9546,,,0.9508,0.9437,0.9615,0.9542,0.9577,0.9615,0.9206,0.9199,0.9217,0.9259,0.9312,0.9374,0.9742,0.974,0.9747,0.9761,0.978,0.98,,H
1446,Kent Academy,Mecklenburg,1,,,0,0.9807,,,0.9422,1,0.9432,1,0.9499,0.9543,0.7986,0.7969,0.8007,0.8101,0.8228,0.8369,0.9928,0.9928,0.993,0.9934,0.9939,0.9945,,H
1449,Kids R Kids School,Mecklenburg,24,,,0,0.9601,,,0.9637,1,0.8333,0.9167,1,1,0.9253,0.9249,0.9269,0.9306,0.9358,0.9416,0.9874,0.9873,0.9876,0.9883,0.9893,0.9903,,H
1450,Lake Norman Charter,Mecklenburg,120,,,0,0.9696,,,0.9674,0.9667,0.9417,0.9583,0.9833,1,0.9533,0.9529,0.9542,0.9565,0.9598,0.9635,0.9793,0.9791,0.9796,0.9809,0.9823,0.984,,H
1451,Lake Norman Christian School,Mecklenburg,20,,,0,0.9338,,,0.9136,0.9,0.9151,1,0.9167,1,0.8425,0.8415,0.8459,0.8532,0.8632,0.8745,0.9639,0.9637,0.9645,0.9664,0.9689,0.9718,,M
1452,Lake Wylie Elementary,Mecklenburg,92,,,0,0.942,,,0.9418,0.9239,0.9756,0.9268,0.9499,0.9359,0.9207,0.9203,0.9223,0.9263,0.9317,0.9377,0.9594,0.9589,0.96,0.9622,0.9651,0.9683,,M
1453,Lakeside Charter Academy,Mecklenburg,52,,,0,0.9279,,,0.9274,0.8684,0.8846,0.9512,0.9374,1,0.8875,0.8863,0.8895,0.8952,0.9026,0.911,0.9589,0.9586,0.9595,0.9618,0.9647,0.968,,M
1455,Lawrence Orr Elementary,Mecklenburg,118,,,0,0.9332,,,0.9326,0.9153,0.93,0.9184,0.9886,0.9231,0.9135,0.9128,0.915,0.9194,0.9252,0.9318,0.9495,0.9489,0.9502,0.9528,0.9564,0.9603,,M
1458,Trillium Springs Montessori,Mecklenburg,50,,,0,0.9372,,,0.9323,0.98,0.85,0.9286,0.9677,0.9667,0.8975,0.8966,0.899,0.9041,0.911,0.9187,0.9602,0.9599,0.961,0.963,0.9657,0.9689,,M
1460,Mallard Creek Elementary,Mecklenburg,98,,,0,0.9343,,,0.9391,0.9762,0.8764,0.9184,0.9556,0.9459,0.918,0.9173,0.9196,0.9238,0.9294,0.9357,0.9571,0.9567,0.9579,0.9602,0.9632,0.9665,,M
1461,Mallard Creek STEM Academy,Mecklenburg,104,,,0,0.9135,,,0.9308,0.9796,0.9712,0.9356,0.7531,0.8778,0.9089,0.9086,0.9108,0.9153,0.9215,0.9283,0.9502,0.9496,0.9508,0.9535,0.957,0.961,,M
1462,Marie G Davis School,Mecklenburg,37,,,0,0.9434,,,0.94,0.8889,0.9459,0.9442,0.9483,0.9677,0.9015,0.901,0.9036,0.9086,0.9151,0.9225,0.9691,0.9689,0.9699,0.9715,0.9737,0.9761,,M
1463,Matthews Charter Academy,Mecklenburg,99,,,0,0.8546,,,0.872,0.9111,0.8586,0.7619,0.7826,0.9348,0.8438,0.8427,0.8464,0.8538,0.8637,0.875,0.8984,0.8973,0.8998,0.9049,0.9118,0.9194,,L
1464,Matthews Elementary,Mecklenburg,135,,,0,0.9632,,,0.957,0.9672,0.9434,0.9138,0.9926,1,0.9421,0.9416,0.9431,0.9461,0.9501,0.9546,0.9695,0.9694,0.9701,0.9718,0.9739,0.9763,,H
1465,McAlpine Elementary,Mecklenburg,93,,,0,0.9694,,,0.9686,0.9462,0.987,0.9709,0.9731,0.9756,0.949,0.9485,0.9497,0.9524,0.956,0.96,0.9842,0.984,0.9844,0.9853,0.9865,0.9877,,H
1466,McKee Road Elementary,Mecklenburg,90,,,0,0.957,,,0.9566,0.9111,0.9692,0.9597,1,0.9662,0.9348,0.9342,0.936,0.9393,0.9438,0.9488,0.9742,0.9739,0.9746,0.9759,0.9778,0.9799,,H
1470,Metro School,Mecklenburg,11,,,0,0.9141,,,0.9279,0.8182,0.9,0.9329,0.9377,1,0.8459,0.8454,0.8494,0.8565,0.8658,0.877,0.979,0.9788,0.9794,0.9806,0.9821,0.9838,,M
1471,Metrolina Reg Scholars Academy,Mecklenburg,36,,,0,0.9714,,,0.9672,0.9722,0.9167,1,0.9722,1,0.9424,0.9418,0.9433,0.9463,0.9503,0.9549,0.9855,0.9854,0.9859,0.9867,0.9877,0.9889,,H
1472,Mint Hill Elementary School,Mecklenburg,130,,,0,0.9122,,,0.9138,0.9154,0.9068,,,,0.8765,0.8756,0.8787,,,,0.9446,0.9442,0.9457,,,,,M
1473,Montclaire Elementary,Mecklenburg,89,,,0,0.8623,,,0.8849,0.809,0.7424,0.8926,0.9002,0.9359,0.8541,0.8529,0.8563,0.8632,0.8726,0.8833,0.9133,0.9127,0.9151,0.9195,0.9251,0.9317,,L
1475,Movement Charter School,Mecklenburg,120,,,0,0.9132,,,0.9076,1,0.7607,0.9355,0.925,0.9817,0.8841,0.8831,0.8859,0.8916,0.8993,0.9079,0.9286,0.928,0.9297,0.9334,0.9382,0.9437,,M
1476,Movement School Eastland,Mecklenburg,115,,,0,0.9466,,,0.9427,1,0.9438,0.8981,0.9099,0.9826,0.9185,0.9178,0.9199,0.9241,0.9297,0.9359,0.9627,0.9623,0.9632,0.9653,0.9679,0.9709,,M
1478,Movement School Southwest,Mecklenburg,90,,,0,0.9486,,,0.9488,0.9647,0.9333,,,,0.914,0.9135,0.9156,,,,0.9742,0.974,0.9747,,,,,M
1481,Myers Park Traditional Elem,Mecklenburg,116,,,0,0.9871,,,0.9858,0.9741,0.9652,1,1,1,0.9761,0.9759,0.9765,0.9778,0.9795,0.9814,0.9928,0.9928,0.993,0.9934,0.9939,0.9944,,H
1485,Nations Ford,Caldwell,134,,,0,0.6705,,,0.6459,0.4944,0.8235,0.6635,0.6815,0.7026,0.604,0.6025,0.6094,0.6235,0.6427,0.665,0.6864,0.6841,0.6901,0.7022,0.7188,0.7385,,L
1486,Newell Elementary,Mecklenburg,120,,,0,0.9601,,,0.9603,0.9294,0.9381,0.9632,0.9583,1,0.9433,0.9428,0.9445,0.9475,0.9513,0.9557,0.974,0.9738,0.9745,0.9758,0.9777,0.9798,,H
1487,Niner University Elementary,Mecklenburg,40,,,0,0.9639,,,0.9587,1,1,0.9167,0.9645,0.95,0.9169,0.9163,0.9185,0.9227,0.9282,0.9345,0.9855,0.9854,0.9858,0.9866,0.9876,0.9887,,H
1488,North Academy of World Languages,Mecklenburg,106,,,0,0.9332,,,0.9326,0.9487,0.9307,0.9245,,,0.9015,0.901,0.9035,0.9085,,,0.9581,0.9577,0.9587,0.961,,,,M
1490,Oakdale Elementary,Mecklenburg,88,,,0,0.9256,,,0.9101,0.9306,0.9683,0.9012,0.9205,0.9324,0.8842,0.8834,0.8865,0.8921,0.8996,0.9081,0.9336,0.933,0.9348,0.9382,0.9428,0.948,,M
1491,Oakhurst STEAM Academy,Mecklenburg,87,,,0,0.9306,,,0.9391,0.9286,0.8621,0.9434,0.9157,1,0.9175,0.9169,0.919,0.9232,0.9288,0.9351,0.9579,0.9575,0.9586,0.9608,0.9638,0.9671,,M
1492,Oaklawn Language Academy,Mecklenburg,77,,,0,0.988,,,0.9872,0.9859,0.9722,1,1,0.987,0.9755,0.9752,0.9759,0.9772,0.9789,0.9808,0.9947,0.9947,0.9948,0.9951,0.9955,0.9959,,H
1494,Omni Montessori School,Mecklenburg,24,,,0,0.8593,,,0.8512,0.8333,0.8571,0.875,0.9,0.8421,0.7881,0.7866,0.7914,0.8008,0.8138,0.8286,0.9058,0.9051,0.9075,0.9123,0.9185,0.9256,,L
1496,Our Lady of Assumption Cath Sch,Mecklenburg,21,,,0,0.9978,,,0.9864,1,1,1,1,1,0.9653,0.965,0.966,0.9679,0.9703,0.9731,0.9969,0.9969,0.997,0.9972,0.9974,0.9976,,H
1497,Palisades Episcopal School,Mecklenburg,43,,,0,0.9319,,,0.9356,1,0.907,0.9401,0.9445,0.8621,0.8934,0.8928,0.8954,0.9006,0.9076,0.9155,0.9675,0.9675,0.9683,0.9701,0.9723,0.9749,,M
1498,Palisades Park Elementary,Mecklenburg,153,,,0,0.9463,,,0.9518,0.9608,0.8699,0.9552,0.9658,0.9769,0.9367,0.9364,0.938,0.9413,0.9457,0.9506,0.9651,0.9648,0.9656,0.9675,0.97,0.9727,,M
1499,Park Road Montessori,Mecklenburg,79,,,0,0.9593,,,0.9644,0.9452,0.9014,0.9538,0.9859,1,0.9467,0.9462,0.9477,0.9504,0.9542,0.9583,0.9788,0.9786,0.9792,0.9804,0.9819,0.9836,,H
1500,Parkside Elementary,Mecklenburg,65,,,0,0.9545,,,0.9534,0.9538,0.98,0.9567,0.96,0.9259,0.924,0.9232,0.9251,0.929,0.9342,0.9401,0.9754,0.9752,0.9758,0.9771,0.9789,0.9809,,H
1502,Paw Creek Elementary,Mecklenburg,123,,,0,0.9143,,,0.91,0.9821,0.9588,0.6786,1,0.9508,0.8885,0.8879,0.8904,0.8958,0.9032,0.9116,0.9303,0.9296,0.9313,0.935,0.9397,0.9451,,M
1504,Pineville Elementary,Mecklenburg,133,,,0,0.9531,,,0.9485,0.9817,0.8722,1,0.9558,0.9725,0.9313,0.9308,0.9325,0.936,0.9408,0.9461,0.9639,0.9636,0.9644,0.9663,0.9688,0.9716,,H
1507,Pioneer Springs Community School,Mecklenburg,52,,,0,0.713,,,0.7106,0.7234,0.7308,0.5789,0.7422,0.7606,0.6544,0.6527,0.6591,0.672,0.6897,0.7105,0.7644,0.7625,0.7677,0.7777,0.7916,0.8074,,L
1508,Polo Ridge Elementary,Mecklenburg,89,,,0,0.9768,,,0.9722,0.9655,0.9844,0.963,0.9775,1,0.9578,0.9574,0.9586,0.961,0.9639,0.9672,0.9836,0.9834,0.9838,0.9846,0.9858,0.9872,,H
1510,Providence Day School,Mecklenburg,109,,,0,0.989,,,0.9857,0.9817,1,0.9905,0.9878,0.9889,0.975,0.9747,0.9754,0.9768,0.9786,0.9805,0.9936,0.9935,0.9937,0.994,0.9945,0.995,,H
1511,Providence Spring Elementary,Mecklenburg,94,,,0,0.9823,,,0.9814,0.9787,0.9783,0.9828,0.9841,0.989,0.97,0.9697,0.9704,0.972,0.9742,0.9766,0.9903,0.9902,0.9905,0.9911,0.9918,0.9925,,H
1512,TMSA Charlotte,Mecklenburg,113,,,0,0.9604,,,0.9517,0.9444,0.9,0.9732,0.9787,1,0.9339,0.9335,0.9352,0.9387,0.9432,0.9483,0.9674,0.9671,0.968,0.9698,0.9721,0.9746,,H
1513,Queen's Grant Community School,Mecklenburg,90,,,0,0.938,,,0.9417,0.9556,0.8953,1,0.9405,0.8916,0.9199,0.9191,0.9213,0.9255,0.931,0.937,0.9605,0.9601,0.9612,0.9633,0.966,0.9692,,M
1516,Rea Farms STEAM Academy,Mecklenburg,106,,,0,0.9663,,,0.964,0.9592,0.9906,0.9666,0.949,,0.941,0.9403,0.9417,0.9449,0.9491,,0.9816,0.9814,0.9818,0.9828,0.9841,,,H
1517,Reedy Creek Elementary,Mecklenburg,167,,,0,0.9289,,,0.9284,0.9016,0.9179,0.8922,0.9688,0.9669,0.9102,0.9095,0.9118,0.9165,0.9225,0.9293,0.9451,0.9446,0.9459,0.9488,0.9527,0.957,,M
1518,Reid Park Academy,Mecklenburg,62,,,0,0.9332,,,0.9257,0.8936,0.8889,1,0.9194,0.9655,0.8994,0.8988,0.9012,0.9063,0.913,0.9207,0.9483,0.9478,0.9491,0.9517,0.9553,0.9592,,M
1519,Renaissance West STEAM Academy,Mecklenburg,89,,,0,0.8446,,,0.8485,0.8525,0.7907,0.8305,0.8678,0.8788,0.8065,0.8056,0.81,0.8187,0.8305,0.844,0.8873,0.8862,0.8888,0.8944,0.9018,0.9103,,L
1520,River Gate Elementary,Mecklenburg,109,,,0,0.9438,,,0.9512,0.9266,0.9223,0.9546,0.958,0.951,0.9317,0.9312,0.9329,0.9364,0.9411,0.9464,0.9674,0.9671,0.968,0.9697,0.972,0.9746,,M
1524,Sedgefield School Inc,Mecklenburg,21,,,0,0.9825,,,0.9743,1,1,0.9524,1,1,0.9375,0.937,0.9387,0.942,0.9462,0.951,0.9938,0.9937,0.9939,0.9943,0.9947,0.9952,,H
1525,Selwyn Elementary,Mecklenburg,109,,,0,0.9785,,,0.9788,0.9817,0.9533,0.9804,0.9819,1,0.9664,0.9662,0.9671,0.9688,0.9712,0.9739,0.9883,0.9882,0.9885,0.9891,0.99,0.9909,,H
1527,Sharon Elementary,Mecklenburg,135,,,0,0.9535,,,0.9579,0.963,0.9717,0.9744,0.9904,0.8815,0.9437,0.9431,0.9447,0.9476,0.9515,0.9559,0.9703,0.97,0.9708,0.9725,0.9746,0.9769,,H
1529,Smithfield Elementary,Mecklenburg,127,,,0,0.9619,,,0.9587,0.9655,0.9412,0.9685,0.9646,0.973,0.9433,0.943,0.9444,0.9474,0.9513,0.9557,0.9719,0.9716,0.9724,0.9739,0.9759,0.9782,,H
1530,Socrates Academy,Mecklenburg,106,,,0,0.9679,,,0.9641,0.9596,0.9717,0.9901,0.949,0.9721,0.9484,0.948,0.9494,0.9522,0.9559,0.9598,0.9772,0.977,0.9776,0.9789,0.9805,0.9823,,H
1532,South Charlotte Baptist Academy,Mecklenburg,9,,,0,0.687,,,0.7651,0.6,0.6667,0.5556,0.75,0.8077,0.6483,0.646,0.6518,0.6643,0.6825,0.7036,0.8667,0.8658,0.8689,0.8753,0.8839,0.8938,,L
1534,Southlake Christian Academy,Mecklenburg,48,,,0,0.9191,,,0.9238,0.8542,0.9286,0.8889,0.9429,1,0.8882,0.8877,0.8904,0.8961,0.9034,0.9117,0.9531,0.9526,0.9538,0.9564,0.9599,0.9634,,M
1535,Southwest Charlotte STEM Academy,Mecklenburg,90,,,0,0.9098,,,0.9066,0.9359,0.9556,0.9775,0.939,0.7162,0.8778,0.8772,0.8801,0.8861,0.8941,0.9031,0.9314,0.931,0.9327,0.9363,0.941,0.9463,,M
1536,St. Ann Catholic School,Mecklenburg,49,,,0,0.9387,,,0.9457,0.913,0.898,0.9286,0.9474,1,0.9185,0.9181,0.9202,0.9242,0.9297,0.936,0.9679,0.9677,0.9685,0.9702,0.9724,0.9749,,M
1537,St. Gabriel Catholic School,Mecklenburg,122,,,0,0.9919,,,0.9901,0.9783,1,0.99,0.9918,1,0.9815,0.9814,0.9819,0.9829,0.9843,0.9857,0.9959,0.9959,0.996,0.9963,0.9965,0.9969,,H
1538,St. Patrick Catholic School,Mecklenburg,50,,,0,0.9588,,,0.9656,0.9231,0.8864,1,0.9722,1,0.9413,0.9412,0.9427,0.9456,0.9496,0.9541,0.9832,0.9832,0.9836,0.9845,0.9857,0.987,,H
1539,St. Mark Catholic School,Mecklenburg,73,,,0,0.9694,,,0.974,0.9153,0.9452,0.9853,1,1,0.9581,0.958,0.959,0.9613,0.9642,0.9674,0.9861,0.9859,0.9864,0.9871,0.9881,0.9892,,H
1540,St. Matthew Catholic School,Mecklenburg,100,,,0,0.985,,,0.985,0.9684,0.97,0.9861,1,1,0.9742,0.9741,0.9749,0.9763,0.9781,0.9801,0.9927,0.9926,0.9928,0.9932,0.9937,0.9943,,H
1542,Starmount Academy of Excellence,Mecklenburg,76,,,0,0.6937,,,0.7225,0.9841,0.971,0.7377,0.7532,0.0789,0.6788,0.6777,0.6837,0.6958,0.7127,0.7327,0.7638,0.7623,0.7675,0.7779,0.7918,0.8076,,L
1543,Statesville Road Elementary,Mecklenburg,82,,,0,0.9494,,,0.9531,0.9412,0.8852,0.9872,0.9677,0.9512,0.9332,0.9326,0.9344,0.9379,0.9425,0.9476,0.9705,0.9703,0.9711,0.9726,0.9747,0.977,,M
1546,Steele Creek Preparatory Academy,Mecklenburg,69,,,0,0.9856,,,0.9791,1,1,0.971,,,0.9558,0.9553,0.9567,0.9591,,,0.9933,0.9932,0.9934,0.9938,,,,H
1549,Sugar Creek Charter,Mecklenburg,109,,,0,0.7354,,,0.746,0.9167,0.7579,0.7604,0.775,0.4862,0.7104,0.7093,0.7151,0.7271,0.743,0.7614,0.7798,0.7782,0.783,0.7927,0.8059,0.8208,,L
1551,The John Crosland School,Mecklenburg,4,,,0,0.9806,,,0.9574,1,1,1,0.9633,0.9665,0.8636,0.8621,0.865,0.872,0.8807,0.8907,0.994,0.994,0.9941,0.9944,0.9949,0.9953,,H
1555,Thomasboro Academy,Mecklenburg,61,,,0,0.9274,,,0.9304,0.9038,0.8974,0.9352,0.9344,0.9508,0.9009,0.9004,0.9029,0.9077,0.9145,0.9219,0.9555,0.9551,0.9562,0.9586,0.9618,0.9653,,M
1557,Torrence Creek Elementary,Mecklenburg,116,,,0,0.9316,,,0.9341,0.9326,0.9271,0.9537,0.8879,0.9561,0.9149,0.9142,0.9162,0.9206,0.9263,0.9327,0.9514,0.9509,0.9522,0.9548,0.9583,0.9621,,M
1559,Trinity Episcopal School,Mecklenburg,45,,,0,0.963,,,0.9658,0.8718,0.9762,0.9778,0.9762,1,0.9434,0.9431,0.9447,0.9477,0.9517,0.956,0.9823,0.9821,0.9826,0.9835,0.9848,0.9862,,H
1560,Tuckaseegee Elementary,Mecklenburg,99,,,0,0.8356,,,0.875,0.9733,0.5185,0.8182,0.8914,0.95,0.8451,0.8439,0.8475,0.855,0.8648,0.8759,0.9023,0.9015,0.9036,0.9084,0.9152,0.9226,,L
1562,United Faith Christian Academy,Mecklenburg,18,,,0,0.9029,,,0.9099,0.6667,0.8571,1,0.875,0.9444,0.8278,0.8264,0.8304,0.8385,0.8492,0.8614,0.9648,0.9646,0.9656,0.9674,0.9699,0.9727,,M
1563,Unity Classical Charter School,Mecklenburg,155,,,0,0.8355,,,0.8429,0.8,0.8793,0.8426,0.8113,0.8545,0.8142,0.8127,0.8171,0.8258,0.8372,0.8503,0.8698,0.8687,0.8719,0.8783,0.8868,0.8963,,L
1564,University Meadows Elementary,Mecklenburg,114,,,0,0.9113,,,0.9173,0.9286,0.8242,0.923,0.9286,0.9349,0.8839,0.8829,0.886,0.8915,0.8991,0.9078,0.9456,0.9453,0.9467,0.9495,0.9533,0.9576,,M
1565,University Park Creative Arts,Mecklenburg,52,,,0,0.9257,,,0.9368,0.7368,0.9286,0.9412,0.9456,0.9615,0.8964,0.8957,0.8984,0.9038,0.9108,0.9184,0.9674,0.9671,0.9679,0.9697,0.972,0.9746,,M
1568,Villa Heights Elementary,Mecklenburg,36,,,0,0.9661,,,0.9654,1,0.9118,0.9722,0.9703,1,0.9331,0.9325,0.9342,0.9378,0.9425,0.9477,0.9872,0.987,0.9874,0.9881,0.989,0.99,,H
1569,Walter G. Byers School,Mecklenburg,42,,,0,0.9407,,,0.9328,0.8182,1,0.9375,0.9421,0.9762,0.891,0.8897,0.8926,0.8981,0.9051,0.9131,0.9647,0.9644,0.9653,0.9673,0.9698,0.9726,,M
1570,Westerly Hills Academy,Mecklenburg,90,,,0,0.904,,,0.915,0.9111,0.8696,0.8313,0.9552,0.9545,0.8886,0.8878,0.8907,0.8963,0.9037,0.912,0.9377,0.9372,0.9387,0.942,0.9463,0.9512,,M
1571,Whitewater Academy,Mecklenburg,127,,,0,0.9709,,,0.9717,0.9449,0.9667,0.9738,0.9758,1,0.9571,0.9568,0.958,0.9603,0.9632,0.9666,0.9833,0.9831,0.9836,0.9844,0.9856,0.9869,,H
1572,Winding Springs Elementary,Mecklenburg,131,,,0,0.9249,,,0.8992,0.9314,0.8692,0.906,0.9847,0.9459,0.8756,0.8747,0.8776,0.8838,0.892,0.9012,0.9198,0.9193,0.9214,0.9255,0.931,0.9371,,M
1573,Windsor Park Elementary,Mecklenburg,80,,,0,0.9805,,,0.9773,0.9865,1,0.9789,0.9805,0.9625,0.961,0.9608,0.9617,0.9639,0.9666,0.9697,0.989,0.9889,0.9892,0.9898,0.9906,0.9915,,H
1574,Winget Park Elementary,Mecklenburg,111,,,0,0.9751,,,0.9723,1,0.973,0.9743,0.9763,0.9551,0.9566,0.9564,0.9575,0.9598,0.9628,0.9662,0.9851,0.985,0.9853,0.9862,0.9872,0.9883,,H
1576,Gouge Elementary,Mitchell,54,,,0,0.9604,,,0.9589,0.9412,0.9773,0.9796,0.963,0.9355,0.9371,0.9366,0.9383,0.9415,0.9458,0.9507,0.977,0.9768,0.9775,0.9787,0.9803,0.9822,,H
1577,Greenlee Primary,Mitchell,82,,,0,0.95,,,0.9559,0.9231,0.8902,0.9853,0.975,0.974,0.9356,0.9352,0.9369,0.9403,0.9447,0.9496,0.9727,0.9725,0.9732,0.9747,0.9766,0.9788,,M
1578,Spruce Pine Montessori School,Mitchell,10,,,0,0.7319,,,0.776,0.8,0.7793,0.5714,0.7,0.817,0.6458,0.6443,0.651,0.664,0.6819,0.7032,0.8882,0.8871,0.8899,0.8954,0.9028,0.9112,,L
1583,Infinite Minds Academy,Montgomery,2,,,0,0.9862,,,0.9449,1,1,,,,0.8088,0.8064,0.8101,,,,0.9928,0.9928,0.993,,,,,H
1584,Long Hill Christian School,Montgomery,3,,,0,0.8584,,,0.9115,0.6667,0.6667,1,1,1,0.7859,0.7847,0.7903,0.8006,0.8133,0.8278,0.9799,0.9796,0.9803,0.9813,0.9827,0.9843,,L
1585,Mount Gilead Elementary,Montgomery,30,,,0,0.936,,,0.9486,1,0.9615,0.7778,0.9667,0.9667,0.9184,0.9179,0.9201,0.9244,0.9299,0.936,0.9718,0.9715,0.9723,0.9738,0.9758,0.978,,M
1586,Star Elementary,Montgomery,46,,,0,0.9689,,,0.9741,1,0.9545,0.9762,1,0.8974,0.9537,0.9534,0.9545,0.957,0.9603,0.9639,0.9881,0.988,0.9883,0.989,0.9898,0.9907,,H
1588,Troy Elementary,Montgomery,86,,,0,0.9667,,,0.9748,0.9884,0.9737,0.9302,0.9753,0.9577,0.9614,0.9612,0.9622,0.9642,0.9669,0.9699,0.9853,0.9851,0.9854,0.9862,0.9873,0.9884,,H
1590,Aberdeen Elementary,Moore,110,,,0,0.9828,,,0.9796,0.9909,0.9406,1,0.9825,1,0.9643,0.9639,0.9649,0.9668,0.9693,0.9722,0.9904,0.9903,0.9906,0.9911,0.9918,0.9926,,H
1592,Calvary Christian School,Moore,17,,,0,0.9158,,,0.9157,0.8824,0.9172,0.9214,0.927,0.9333,0.8117,0.8111,0.8153,0.8243,0.8357,0.8487,0.9763,0.976,0.9767,0.978,0.9798,0.9816,,M
1593,Cameron Elementary,Moore,49,,,0,0.989,,,0.9857,0.9697,0.9762,1,1,1,0.9706,0.9704,0.9712,0.9728,0.975,0.9772,0.9952,0.9952,0.9953,0.9956,0.9959,0.9963,,H
1594,Carthage Elementary,Moore,58,,,0,0.9851,,,0.9851,0.9811,0.9821,1,1,0.9655,0.9717,0.9715,0.9722,0.9738,0.9758,0.978,0.9941,0.994,0.9942,0.9945,0.995,0.9954,,H
1595,Connect Academy,Moore,25,,,0,0.8125,,,0.8385,0.75,0.8,1,,,0.7213,0.7204,0.7264,0.7379,,,0.9235,0.923,0.925,0.9289,,,,L
1596,Covenant Preparatory School,Moore,15,,,0,0.7532,,,0.7446,0.6667,0.6,0.7333,0.7735,1,0.6535,0.652,0.6586,0.6715,0.6893,0.71,0.8256,0.8249,0.8293,0.8376,0.8485,0.8608,,L
1597,Episcopal Day School,Moore,40,,,0,0.9706,,,0.9707,0.875,1,1,0.9677,1,0.9463,0.9459,0.9472,0.95,0.9538,0.958,0.9882,0.9881,0.9884,0.9891,0.9899,0.9908,,H
1598,Fellowship Christian Academy,Moore,32,,,0,0.8772,,,0.8727,0.7333,0.9062,0.9655,0.9286,0.8986,0.8086,0.8067,0.8115,0.8204,0.8323,0.8454,0.9243,0.9237,0.9257,0.9296,0.9347,0.9404,,L
1599,Highfalls Elementary,Chatham,33,,,0,0.9729,,,0.9755,0.95,0.9355,0.9697,1,1,0.9531,0.9528,0.9541,0.9567,0.9599,0.9635,0.9906,0.9905,0.9907,0.9912,0.9919,0.9926,,H
1601,McDeeds Creek Elementary,Moore,116,,,0,0.9692,,,0.9667,0.9741,0.9821,0.9286,0.9715,1,0.9487,0.9483,0.9496,0.9524,0.9559,0.9599,0.98,0.9798,0.9804,0.9815,0.9829,0.9845,,H
1602,Moore Montessori Community School,Moore,51,,,0,0.9012,,,0.8732,0.86,0.8753,0.9216,0.8898,1,0.8195,0.8183,0.8224,0.831,0.8421,0.8548,0.9163,0.9159,0.9184,0.9227,0.9282,0.9346,,M
1603,O'Neal School,Moore,42,,,0,0.9587,,,0.9606,1,0.8929,0.9487,1,0.9286,0.9315,0.9309,0.9329,0.9365,0.9413,0.9464,0.9815,0.9813,0.9819,0.9829,0.9842,0.9856,,H
1604,Pinehurst Elementary,Moore,106,,,0,0.986,,,0.9831,1,0.9811,0.963,0.9855,1,0.9714,0.9712,0.972,0.9736,0.9756,0.9779,0.9914,0.9913,0.9916,0.992,0.9927,0.9933,,H
1605,Robbins Elementary,Moore,65,,,0,0.993,,,0.9907,0.9839,1,1,1,0.9821,0.9811,0.981,0.9815,0.9825,0.9838,0.9853,0.9968,0.9968,0.9968,0.997,0.9972,0.9975,,H
1606,STARS Charter,Moore,92,,,0,0.9758,,,0.973,0.9891,0.9643,,,,0.9469,0.9468,0.9483,,,,0.9897,0.9896,0.9899,,,,,H
1607,Sandhills Classical Christian Sch.,Moore,54,,,0,0.8559,,,0.8633,0.8085,0.9444,0.76,0.881,0.891,0.8124,0.811,0.8156,0.8245,0.836,0.8491,0.9068,0.9062,0.9086,0.9134,0.9197,0.9267,,L
1608,Sandhills Farm Life Elementary,Moore,71,,,0,0.9739,,,0.979,0.9538,1,0.9437,0.982,1,0.9644,0.9641,0.965,0.9669,0.9694,0.9722,0.99,0.99,0.9903,0.9908,0.9915,0.9923,,H
1611,Southern Pines Elementary,Moore,106,,,0,0.9763,,,0.9736,0.9891,0.9677,0.9495,1,,0.9549,0.9545,0.9558,0.9583,0.9614,,0.9871,0.987,0.9873,0.988,0.989,,,H
1613,St. John Paul II Catholic School,Moore,26,,,0,0.8353,,,0.8616,1,0.8333,0.5769,0.8333,1,0.7941,0.7926,0.7976,0.8067,0.819,0.8332,0.9178,0.9169,0.9188,0.9232,0.9287,0.935,,L
1614,The Academy of Moore County,Moore,113,,,0,0.9722,,,0.9703,0.956,0.9775,0.961,0.9615,1,0.955,0.9548,0.9559,0.9583,0.9614,0.9649,0.9825,0.9823,0.9828,0.9838,0.985,0.9864,,H
1615,Vass-Lakeview Elementary,Moore,77,,,0,0.9697,,,0.9744,0.942,0.9565,0.9429,1,1,0.9606,0.9603,0.9614,0.9635,0.9662,0.9693,0.9854,0.9852,0.9856,0.9864,0.9875,0.9886,,H
1616,West End Elementary,Moore,68,,,0,0.9683,,,0.9731,0.9792,0.9048,0.98,0.9769,1,0.9565,0.9561,0.9574,0.9597,0.9628,0.9662,0.9856,0.9855,0.9858,0.9866,0.9876,0.9888,,H
1617,West Pine Elementary,Moore,79,,,0,0.9668,,,0.9645,0.9524,0.9048,1,0.9692,1,0.9476,0.9472,0.9486,0.9514,0.955,0.9591,0.9783,0.978,0.9786,0.9798,0.9814,0.9831,,H
1618,Westmoore Elementary,Moore,35,,,0,0.9908,,,0.9854,0.96,1,1,1,1,0.9679,0.9678,0.9687,0.9705,0.9727,0.9753,0.9956,0.9955,0.9956,0.9959,0.9962,0.9966,,H
1619,Bailey Elementary,Nash,98,,,0,0.9679,,,0.9662,0.9884,0.9796,0.9684,0.9884,0.9079,0.9503,0.9499,0.9514,0.954,0.9574,0.9613,0.9796,0.9794,0.9799,0.981,0.9824,0.984,,H
1621,Benvenue Elementary,Nash,105,,,0,0.9426,,,0.9415,0.9213,0.8632,0.981,1,0.9479,0.9223,0.9216,0.9236,0.9275,0.9329,0.9388,0.9583,0.958,0.9591,0.9613,0.9642,0.9675,,M
1623,Coopers Elementary,Nash,98,,,0,0.9985,,,0.9899,1,1,1,1,1,0.9812,0.981,0.9816,0.9826,0.984,0.9855,0.9959,0.9959,0.996,0.9962,0.9965,0.9968,,H
1624,Englewood Bapt. Weekday Sch.,Nash,8,,,0,0.9739,,,0.9647,1,0.9653,0.9672,0.9696,0.9724,0.8919,0.8908,0.8936,0.8991,0.9062,0.9143,0.9946,0.9945,0.9947,0.995,0.9953,0.9958,,H
1628,Faith Christian School,Nash,35,,,0,0.964,,,0.9699,0.9429,0.9688,0.96,1,0.9444,0.9437,0.9431,0.9445,0.9475,0.9515,0.9559,0.9882,0.9881,0.9884,0.9891,0.9899,0.9909,,H
1631,M B Hubbard Elementary,Nash,73,,,0,0.9105,,,0.9217,0.9859,0.9831,1,0.6575,0.9583,0.8952,0.8944,0.8968,0.9021,0.909,0.917,0.9451,0.9445,0.9459,0.9488,0.9527,0.9569,,M
1632,Middlesex Elementary,Nash,56,,,0,0.9763,,,0.9675,1,1,0.9,1,0.9524,0.9463,0.9459,0.9473,0.95,0.9539,0.958,0.9834,0.9832,0.9836,0.9845,0.9857,0.9871,,H
1633,Nashville Elementary,Nash,119,,,0,0.9513,,,0.9572,0.9798,0.958,0.9304,0.9556,0.9293,0.9424,0.9419,0.9433,0.9463,0.9503,0.9549,0.9703,0.9702,0.9709,0.9725,0.9746,0.977,,H
1634,New Life Christian Academy,Nash,30,,,0,0.9964,,,0.9865,1,1,1,1,0.9895,0.966,0.9657,0.9667,0.9686,0.971,0.9737,0.9967,0.9967,0.9968,0.997,0.9972,0.9975,,H
1635,Our Lady Perpetual Help Cath Sch,Nash,15,,,0,0.9592,,,0.9595,0.9333,0.9333,1,0.9652,0.9684,0.909,0.9077,0.9098,0.9145,0.9207,0.9275,0.9893,0.9892,0.9895,0.99,0.9908,0.9917,,H
1637,Red Oak Elementary,Nash,113,,,0,0.9663,,,0.9683,0.9636,0.9646,0.92,0.9853,1,0.9531,0.9527,0.954,0.9564,0.9597,0.9633,0.9803,0.9802,0.9808,0.9819,0.9833,0.9848,,H
1638,Rocky Mount Academy,Nash,33,,,0,0.9772,,,0.9731,0.9655,0.9167,1,1,1,0.9463,0.946,0.9474,0.9501,0.9538,0.9579,0.9902,0.9901,0.9904,0.9909,0.9916,0.9924,,H
1639,Rocky Mount Preparatory,Nash,74,,,0,0.9736,,,0.9777,0.9273,0.9722,0.9706,1,0.9841,0.9633,0.963,0.964,0.966,0.9686,0.9715,0.9882,0.9881,0.9884,0.9891,0.9899,0.9908,,H
1640,Southside Academy,Nash,14,,,0,0.9263,,,0.9334,1,0.8571,,,,0.8432,0.8422,0.8459,,,,0.9834,0.9832,0.9838,,,,,M
1641,Spring Hope Elementary,Nash,61,,,0,0.9379,,,0.9414,1,0.9322,0.7959,0.9815,0.9672,0.9174,0.9168,0.9191,0.9232,0.9288,0.9351,0.9615,0.9613,0.9623,0.9644,0.9672,0.9701,,M
1642,St. Andrew's Episcopal School,Nash,8,,,0,0.9926,,,0.9752,1,1,1,1,0.9807,0.9319,0.9311,0.9325,0.9358,0.9405,0.9457,0.9951,0.9951,0.9952,0.9955,0.9958,0.9962,,H
1644,Winstead Avenue Elementary,Nash,177,,,0,0.964,,,0.9603,0.9902,0.9815,0.9435,0.9748,0.9438,0.948,0.9477,0.949,0.9519,0.9555,0.9596,0.9713,0.971,0.9718,0.9734,0.9754,0.9777,,H
1645,A H Snipes Academy of Arts/Des,New Hanover,64,,,0,0.9717,,,0.9637,0.963,0.9644,0.9663,0.9689,1,0.9342,0.9338,0.9357,0.9391,0.9437,0.9487,0.9841,0.9839,0.9844,0.9852,0.9864,0.9876,,H
1647,Bradley Creek Elementary,New Hanover,63,,,0,0.9769,,,0.9746,0.973,1,0.9149,0.9839,1,0.9577,0.9574,0.9583,0.9606,0.9635,0.9669,0.9875,0.9873,0.9877,0.9884,0.9892,0.9903,,H
1649,Cape Fear Academy,New Hanover,48,,,0,0.9655,,,0.968,0.9167,0.9778,0.9703,0.9726,1,0.9404,0.9399,0.9414,0.9447,0.9487,0.9533,0.9865,0.9864,0.9868,0.9875,0.9885,0.9895,,H
1650,Cape Fear Center for Inquiry,New Hanover,40,,,0,0.9573,,,0.948,0.9744,0.95,0.95,0.975,0.9459,0.9166,0.9159,0.9181,0.9223,0.9279,0.9342,0.9714,0.9711,0.9719,0.9733,0.9754,0.9777,,H
1653,Classical Charter Schools of Wilmington,New Hanover,30,,,0,0.9639,,,0.9663,0.9667,0.9231,0.9545,0.9711,1,0.9379,0.9375,0.9392,0.9423,0.9467,0.9514,0.9859,0.9857,0.9861,0.9868,0.9878,0.989,,H
1656,D.C. Virgo Preparatory Academy,New Hanover,26,,,0,0.972,,,0.9678,0.9167,0.9412,1,0.9724,1,0.9294,0.9288,0.931,0.9346,0.9394,0.9447,0.9903,0.9902,0.9905,0.991,0.9917,0.9924,,H
1657,Dr Hubert Eaton Sr Elem,New Hanover,91,,,0,0.9764,,,0.9701,0.978,0.9878,0.9881,0.9359,1,0.9553,0.9549,0.9562,0.9585,0.9617,0.9652,0.9817,0.9816,0.9821,0.9831,0.9844,0.9858,,H
1658,Dr John Codington Elem,New Hanover,81,,,0,0.9728,,,0.9712,0.9506,0.9718,0.9589,0.9867,1,0.9545,0.9542,0.9554,0.9579,0.9611,0.9647,0.9845,0.9844,0.9848,0.9857,0.9868,0.988,,H
1660,Edwin A Alderman Elementary,New Hanover,50,,,0,0.9421,,,0.9445,0.9474,0.9455,0.88,0.9523,1,0.9121,0.9116,0.9139,0.9183,0.9242,0.9309,0.9697,0.9694,0.9703,0.9719,0.9741,0.9764,,M
1661,Edwin A Anderson Elementary,New Hanover,99,,,0,0.9775,,,0.9679,0.9821,0.9875,0.9697,0.9725,0.9865,0.9506,0.9503,0.9516,0.9542,0.9577,0.9615,0.9815,0.9814,0.9819,0.983,0.9842,0.9857,,H
1663,Friends School of Wilmington,New Hanover,18,,,0,0.9151,,,0.9198,0.9167,1,1,0.7778,0.9375,0.8584,0.8572,0.8606,0.8671,0.8763,0.8865,0.9638,0.9634,0.9644,0.9664,0.9689,0.9718,,M
1666,Heyward C Bellamy Elem,New Hanover,84,,,0,0.9747,,,0.9714,0.9583,0.9881,0.9756,0.9755,0.9778,0.9483,0.9478,0.949,0.9518,0.9554,0.9595,0.9874,0.9873,0.9876,0.9883,0.9892,0.9902,,H
1667,Holly Tree Elementary,New Hanover,67,,,0,0.9818,,,0.9765,1,0.9403,0.9844,1,1,0.9608,0.9607,0.9617,0.9638,0.9665,0.9696,0.9888,0.9886,0.9889,0.9895,0.9904,0.9912,,H
1670,Island Montessori Charter School,New Hanover,27,,,0,0.8649,,,0.8667,0.8889,0.8148,0.8519,0.884,0.8846,0.8082,0.8068,0.8113,0.8202,0.8318,0.8452,0.9167,0.9162,0.9184,0.9227,0.9284,0.9347,,L
1671,John J Blair Elementary,New Hanover,81,,,0,0.9694,,,0.9592,0.9423,0.9833,0.971,0.9853,0.9682,0.938,0.9375,0.9392,0.9424,0.9466,0.9513,0.9765,0.9762,0.9769,0.9782,0.9799,0.9817,,H
1672,Lake Forest Academy,New Hanover,1,,,0,0.9832,,,0.9496,1,0.9504,0.953,0.9564,1,0.8347,0.8346,0.8382,0.8453,0.8557,0.8675,0.993,0.9929,0.9931,0.9935,0.9939,0.9944,,H
1673,Mary C Williams Elementary,New Hanover,69,,,0,0.9742,,,0.9635,1,0.9524,0.9464,1,0.98,0.9446,0.9443,0.9457,0.9485,0.9522,0.9565,0.9781,0.978,0.9786,0.9798,0.9814,0.9831,,H
1674,Masonboro Elementary,New Hanover,101,,,0,0.9706,,,0.9704,0.9265,0.9474,0.9901,0.973,1,0.9558,0.9555,0.9567,0.959,0.9621,0.9655,0.9827,0.9826,0.9831,0.984,0.9852,0.9866,,H
1675,Murrayville Elementary,New Hanover,94,,,0,0.9828,,,0.9763,1,0.9681,0.9681,0.9882,1,0.9628,0.9625,0.9635,0.9656,0.9682,0.9711,0.9865,0.9864,0.9867,0.9875,0.9885,0.9895,,H
1676,Myrtle Grove Christian School,New Hanover,47,,,0,0.9534,,,0.9364,0.9787,0.9143,0.9412,0.9452,1,0.9008,0.8998,0.9022,0.9071,0.9137,0.9213,0.965,0.9646,0.9655,0.9674,0.9699,0.9726,,H
1677,New Horizons Elem. School,New Hanover,18,,,0,0.962,,,0.9396,0.9444,1,0.9438,0.9444,1,0.888,0.8871,0.8897,0.8953,0.9026,0.911,0.9754,0.9751,0.9758,0.9771,0.9789,0.9809,,H
1678,Northside School of Christian Leadersip,New Hanover,11,,,0,0.7642,,,0.7901,0.7273,0.7778,,,,0.6176,0.6166,0.6228,,,,0.9178,0.9168,0.9187,,,,,L
1680,Ogden Elementary,New Hanover,109,,,0,0.9776,,,0.9784,0.9479,0.9884,0.9725,0.981,1,0.9664,0.966,0.9668,0.9686,0.971,0.9736,0.988,0.9879,0.9882,0.9888,0.9897,0.9906,,H
1681,Pine Valley Wee Care Kindergarten,New Hanover,12,,,0,0.9114,,,0.9241,0.6667,1,0.9167,0.9344,0.9401,0.8451,0.844,0.8474,0.8551,0.8652,0.8763,0.975,0.9749,0.9755,0.9769,0.9786,0.9806,,M
1682,Peace Rose Montessori School,New Hanover,15,,,0,0.8248,,,0.8342,0.8,0.8571,0.75,0.8548,0.8665,0.7363,0.7343,0.74,0.7512,0.7661,0.7831,0.9128,0.9121,0.9141,0.9185,0.9244,0.931,,L
1683,Pine Valley Elementary,New Hanover,80,,,0,0.9739,,,0.968,0.9863,0.9855,0.9625,0.9333,1,0.9519,0.9514,0.9527,0.9553,0.9587,0.9624,0.981,0.9808,0.9812,0.9822,0.9836,0.9851,,H
1684,Porters Neck Elementary School,New Hanover,126,,,0,0.9576,,,0.9548,0.9492,0.9273,0.9626,0.9762,0.9848,0.9344,0.934,0.9358,0.9393,0.9438,0.9487,0.971,0.9708,0.9716,0.9732,0.9752,0.9775,,H
1686,R Freeman Sch of Engineering,New Hanover,65,,,0,0.9362,,,0.9476,1,0.9189,0.9077,0.9549,0.8958,0.9192,0.9187,0.9209,0.925,0.9305,0.9367,0.9698,0.9695,0.9703,0.972,0.9742,0.9765,,M
1688,St. Mark Catholic School,New Hanover,46,,,0,0.9614,,,0.968,0.9348,0.975,0.9703,0.9762,0.9444,0.943,0.9425,0.9442,0.9473,0.9511,0.9555,0.9856,0.9855,0.9859,0.9867,0.9877,0.9888,,H
1689,St. Mary Catholic School (New Hanover),New Hanover,17,,,0,0.9365,,,0.9475,0.8235,0.9485,0.9512,0.9548,1,0.889,0.8883,0.8913,0.8969,0.9042,0.9124,0.984,0.9838,0.9842,0.9851,0.9863,0.9876,,M
1690,Sunset Park Elementary,New Hanover,88,,,0,0.9828,,,0.9681,1,0.9839,0.9767,0.9727,1,0.9499,0.9495,0.9509,0.9535,0.9571,0.961,0.982,0.9819,0.9823,0.9833,0.9846,0.986,,H
1691,The School of Wonder,New Hanover,24,,,0,0.5523,,,0.6033,0.5,0.5556,,,,0.4492,0.447,0.4544,,,,0.7488,0.7468,0.7519,,,,,L
1693,Wilmington Christian Academy,New Hanover,79,,,0,0.9305,,,0.9403,0.8533,0.9054,0.9467,0.9333,1,0.9201,0.9194,0.9215,0.9256,0.9311,0.9372,0.9581,0.9575,0.9586,0.9607,0.9638,0.9671,,M
1694,Wilmington Preparatory Academy,New Hanover,12,,,0,0.9143,,,0.9378,1,1,0.9421,0.625,0.9167,0.8795,0.8785,0.8815,0.8873,0.8953,0.9043,0.9769,0.9768,0.9773,0.9785,0.9801,0.9819,,M
1695,Wilmington School of the Arts,New Hanover,69,,,0,0.8531,,,0.8452,0.8103,0.8667,0.8431,0.8648,0.8841,0.7937,0.7922,0.7965,0.8059,0.8183,0.8328,0.8911,0.8901,0.8927,0.8982,0.9054,0.9137,,L
1696,Winter Park Model Elementary,New Hanover,59,,,0,0.9513,,,0.9438,0.9259,0.95,0.92,0.9831,0.9808,0.915,0.9147,0.9169,0.9209,0.9267,0.9331,0.9677,0.9675,0.9684,0.9701,0.9724,0.9749,,H
1697,Wrightsboro Elementary,New Hanover,81,,,0,0.9783,,,0.9748,1,0.9286,1,0.9831,0.9804,0.9581,0.9575,0.9587,0.9609,0.9639,0.9672,0.9874,0.9873,0.9877,0.9884,0.9893,0.9903,,H
1698,Wrightsville Beach Elem,New Hanover,43,,,0,0.973,,,0.9636,0.9744,0.9302,1,0.9756,1,0.9397,0.9393,0.941,0.9442,0.9483,0.9529,0.9811,0.9809,0.9814,0.9825,0.9838,0.9853,,H
1699,KIPP Gaston College Preparatory,Northampton,89,,,0,0.9448,,,0.9576,0.9873,0.9394,0.8876,1,0.8961,0.9401,0.9395,0.941,0.9441,0.9483,0.953,0.9719,0.9717,0.9724,0.9739,0.9759,0.9781,,M
1700,Central Elementary School,Northampton,71,,,0,0.9852,,,0.9818,1,0.9822,1,0.9844,0.9333,0.9638,0.9634,0.9643,0.9663,0.9688,0.9717,0.9934,0.9933,0.9935,0.9938,0.9943,0.9948,,H
1701,Gaston Elementary School,Northampton,40,,,0,0.9875,,,0.9855,0.96,0.9858,1,0.9876,1,0.9681,0.968,0.9688,0.9704,0.9727,0.9752,0.9959,0.9959,0.996,0.9962,0.9965,0.9968,,H
1702,Northeast Academy,Northampton,17,,,0,0.9971,,,0.9815,1,1,1,1,1,0.9529,0.9525,0.9536,0.956,0.9593,0.963,0.9959,0.9958,0.996,0.9962,0.9965,0.9968,,H
1705,Bell Fork Elementary,Onslow,97,,,0,0.9353,,,0.9243,0.9588,0.8977,0.9255,0.9347,0.9744,0.9017,0.901,0.9035,0.9084,0.915,0.9224,0.9446,0.944,0.9454,0.9485,0.9524,0.9566,,M
1706,Blue Creek Elementary,Onslow,94,,,0,0.9645,,,0.9596,1,0.974,0.9255,0.9653,0.9655,0.9395,0.9391,0.9406,0.9438,0.9479,0.9526,0.9756,0.9753,0.9759,0.9773,0.979,0.981,,H
1708,Carolina Forest Elementary,Onslow,107,,,0,0.8195,,,0.8349,0.5607,0.9346,0.932,0.8557,0.8052,0.807,0.806,0.8105,0.8192,0.831,0.8444,0.8604,0.8595,0.8629,0.8695,0.8786,0.8888,,L
1710,Clyde Erwin Elementary,Onslow,66,,,0,0.9264,,,0.9157,1,0.8958,0.9242,0.8364,1,0.889,0.8881,0.8909,0.8965,0.9038,0.9121,0.9385,0.938,0.9397,0.9428,0.947,0.9518,,M
1711,Coastal Elementary,Onslow,153,,,0,0.8592,,,0.8586,0.9007,0.9214,0.7647,,,0.8237,0.822,0.8263,0.8344,,,0.8901,0.8893,0.892,0.8974,,,,L
1712,Dixon Elementary,Onslow,193,,,0,0.9377,,,0.9482,0.916,0.9074,0.843,0.9771,0.9948,0.9341,0.9336,0.9353,0.9387,0.9431,0.9482,0.9609,0.9605,0.9615,0.9636,0.9664,0.9694,,M
1715,Grace Classical School,Onslow,21,,,0,0.6576,,,0.6793,0.5714,0.5333,0.6667,0.7126,1,0.5765,0.5746,0.5816,0.5956,0.6153,0.6386,0.7783,0.7768,0.782,0.7917,0.8046,0.8196,,L
1716,Heritage Elementary School,Onslow,105,,,0,0.9574,,,0.9623,0.9691,0.9221,0.9186,0.9676,0.9905,0.949,0.9487,0.9501,0.9528,0.9564,0.9603,0.9739,0.9737,0.9744,0.9757,0.9776,0.9797,,H
1717,Hunters Creek Elementary,Onslow,124,,,0,0.9656,,,0.9562,0.9451,0.9829,0.9919,0.9649,0.9315,0.9397,0.9394,0.941,0.9441,0.9482,0.9529,0.9706,0.9702,0.971,0.9726,0.9747,0.977,,H
1718,Infant of Prague Catholic School,Onslow,43,,,0,0.961,,,0.9539,0.8974,1,0.9677,1,0.9583,0.9209,0.9203,0.9223,0.9263,0.9318,0.9379,0.9775,0.9773,0.9779,0.9791,0.9807,0.9825,,H
1719,Jacksonville Christian Academy,Onslow,30,,,0,0.7542,,,0.7526,0.7,0.7562,0.7666,0.7808,0.7826,0.6608,0.6589,0.6654,0.6783,0.6962,0.7167,0.8329,0.832,0.8358,0.8437,0.8542,0.866,,L
1720,Jacksonville Commons Elem,Onslow,81,,,0,0.9341,,,0.9442,0.9383,0.8272,0.9459,0.9872,0.9706,0.925,0.9247,0.9267,0.9306,0.9357,0.9414,0.9608,0.9605,0.9616,0.9637,0.9665,0.9695,,M
1721,Liberty Christian Academy,Onslow,50,,,0,0.9098,,,0.9116,0.878,0.88,0.94,0.9348,0.9118,0.8724,0.8716,0.8746,0.8807,0.8889,0.8984,0.9446,0.944,0.9454,0.9483,0.9523,0.9566,,M
1722,Living Water Christian School,Onslow,51,,,0,0.8656,,,0.8897,0.8182,0.8919,0.8537,0.8235,0.9394,0.8496,0.8485,0.852,0.8592,0.8687,0.8796,0.9239,0.9231,0.9251,0.929,0.9343,0.9401,,L
1723,Meadow View Elementary,Onslow,122,,,0,0.9754,,,0.9476,0.9886,1,0.9529,0.9918,0.9697,0.9297,0.929,0.931,0.9345,0.9394,0.9448,0.9629,0.9626,0.9636,0.9656,0.9683,0.9712,,H
1725,Montessori Children's School,Onslow,28,,,0,0.8242,,,0.8351,0.8929,0.8333,0.7727,0.8421,0.7368,0.7725,0.7713,0.7765,0.7866,0.8,0.8154,0.8908,0.8897,0.8924,0.8975,0.905,0.9133,,L
1726,Morton Elementary,Onslow,124,,,0,0.9586,,,0.9492,0.9917,0.9182,0.94,0.9677,0.9873,0.9333,0.9327,0.9344,0.9377,0.9423,0.9474,0.9644,0.964,0.9649,0.9668,0.9693,0.9721,,H
1728,Northwoods Elementary,Onslow,72,,,0,0.8043,,,0.8456,0.5211,0.9697,0.8197,0.8056,0.9286,0.8119,0.8108,0.8149,0.8236,0.8352,0.8486,0.8766,0.8752,0.8782,0.8841,0.892,0.9013,,L
1729,One World Montessori  LLC,Onslow,18,,,0,0.8785,,,0.8848,0.8333,0.8889,0.9286,0.7143,1,0.8025,0.8014,0.8056,0.8142,0.8263,0.8401,0.9481,0.9478,0.9493,0.9521,0.9557,0.9598,,L
1731,Parkwood Elementary,Onslow,84,,,0,0.9562,,,0.9224,0.9559,0.9459,0.9467,0.9762,0.9859,0.8979,0.8972,0.8997,0.9047,0.9115,0.9193,0.9436,0.9433,0.9448,0.9479,0.9517,0.9561,,H
1732,Queens Creek Elementary,Onslow,128,,,0,0.8953,,,0.8985,0.9623,0.9515,0.9722,0.6953,0.9375,0.8768,0.8761,0.879,0.8849,0.893,0.9022,0.9178,0.9172,0.9191,0.9233,0.929,0.9352,,L
1733,Richlands Elementary,Onslow,163,,,0,0.9055,,,0.9033,0.6304,0.9032,0.9649,0.9632,0.9836,0.879,0.8783,0.881,0.887,0.895,0.904,0.9251,0.9243,0.9261,0.93,0.9351,0.9409,,M
1736,Silverdale Elementary,Onslow,106,,,0,0.9428,,,0.9272,0.9623,0.8952,0.8947,0.9903,1,0.906,0.9056,0.908,0.9127,0.919,0.926,0.946,0.9454,0.9468,0.9497,0.9535,0.9577,,M
1737,Southwest Elementary,Onslow,129,,,0,0.9588,,,0.9591,0.9603,0.9519,0.9147,1,0.9712,0.9449,0.9445,0.9459,0.9488,0.9526,0.9569,0.9713,0.9711,0.9719,0.9734,0.9755,0.9777,,H
1738,St. Anne's Parish Day School,Onslow,16,,,0,0.9846,,,0.9704,0.9375,1,1,1,1,0.9354,0.9351,0.9369,0.9402,0.9447,0.9495,0.991,0.9909,0.9912,0.9917,0.9923,0.993,,H
1739,Stateside Elementary,Onslow,101,,,0,0.9504,,,0.9459,0.9307,0.9286,0.9149,0.989,1,0.9281,0.9276,0.9296,0.9333,0.9382,0.9437,0.9612,0.9608,0.9618,0.9639,0.9667,0.9697,,H
1740,Summersill Elementary,Onslow,89,,,0,0.8918,,,0.9066,0.629,0.9296,0.9213,0.9452,0.9848,0.8808,0.8794,0.8822,0.8882,0.896,0.905,0.9301,0.9295,0.9313,0.9349,0.9397,0.9451,,L
1741,Swansboro Elementary,Onslow,105,,,0,0.9606,,,0.9553,0.9462,0.9468,0.96,0.9905,0.9615,0.9373,0.937,0.9388,0.942,0.9463,0.9511,0.9701,0.9699,0.9706,0.9722,0.9743,0.9766,,H
1742,Z.E.C.A. School of Arts and Technology,Onslow,21,,,0,0.9473,,,0.956,0.9167,0.9444,0.9091,0.9167,1,0.9141,0.9133,0.9153,0.9196,0.9254,0.9319,0.983,0.9828,0.9833,0.9843,0.9855,0.9868,,M
1744,Carolina Friends School,Orange,31,,,0,0.9475,,,0.9332,0.9524,0.9655,0.9667,0.9355,0.8889,0.8873,0.8868,0.8898,0.8951,0.9027,0.9111,0.967,0.9667,0.9675,0.9692,0.9715,0.9741,,M
1745,Carrboro Elementary,Orange,78,,,0,0.981,,,0.9612,1,1,0.9615,0.9667,1,0.9404,0.9399,0.9416,0.9447,0.9488,0.9534,0.978,0.9778,0.9783,0.9795,0.9811,0.9828,,H
1746,Central Elementary,Orange,52,,,0,0.9638,,,0.9539,1,0.9388,1,0.9808,0.9111,0.9287,0.9281,0.93,0.9336,0.9384,0.944,0.9743,0.9741,0.9748,0.9761,0.978,0.98,,H
1747,Efland Cheeks Elementary,Orange,84,,,0,0.9492,,,0.9512,0.9737,0.96,0.9405,0.9079,0.9619,0.9307,0.9302,0.9321,0.9357,0.9404,0.9458,0.9685,0.9682,0.9691,0.9708,0.9731,0.9756,,M
1748,Seawell Elementary,Orange,58,,,0,0.9761,,,0.9696,1,1,0.9111,0.9739,1,0.9498,0.9494,0.9508,0.9534,0.957,0.9609,0.9845,0.9844,0.9848,0.9856,0.9868,0.988,,H
1749,Emerson Waldorf School,Orange,53,,,0,0.7574,,,0.7362,0.625,0.76,0.717,0.8333,0.8182,0.678,0.6768,0.683,0.6957,0.7128,0.7328,0.7917,0.7897,0.7941,0.8041,0.8167,0.8309,,L
1750,Eno River Academy,Orange,41,,,0,0.976,,,0.9774,0.9487,0.9512,1,0.9807,1,0.9571,0.9568,0.9581,0.9605,0.9636,0.9669,0.991,0.9909,0.9912,0.9916,0.9923,0.993,,H
1751,Ephesus Elementary,Orange,63,,,0,0.9786,,,0.9749,0.9811,0.9792,0.9767,0.9785,0.9805,0.9512,0.951,0.9522,0.9548,0.9582,0.962,0.9904,0.9903,0.9905,0.9911,0.9918,0.9925,,H
1753,FPG Elementary,Orange,96,,,0,0.994,,,0.9868,1,1,0.9878,0.9885,1,0.9764,0.9762,0.9768,0.978,0.9797,0.9816,0.9942,0.9942,0.9943,0.9946,0.995,0.9955,,H
1754,Glenwood Elementary,Orange,79,,,0,0.9839,,,0.9771,1,1,0.9333,1,1,0.9615,0.9611,0.9621,0.9642,0.9669,0.9699,0.9884,0.9883,0.9886,0.9893,0.9901,0.9911,,H
1755,Grady Brown Elementary,Orange,65,,,0,0.9761,,,0.976,1,0.9764,0.9538,1,0.9538,0.9586,0.9584,0.9595,0.9616,0.9646,0.9678,0.9891,0.989,0.9894,0.99,0.9907,0.9915,,H
1757,Hillsborough Elementary,Orange,74,,,0,0.9804,,,0.9806,0.9861,0.9861,0.9722,0.9722,0.9849,0.9646,0.9643,0.9651,0.967,0.9695,0.9724,0.9913,0.9912,0.9914,0.9919,0.9926,0.9933,,H
1762,Montessori Day School,Orange,11,,,0,0.9806,,,0.9409,1,1,0.945,1,1,0.8713,0.8709,0.874,0.8802,0.8886,0.898,0.983,0.9829,0.9835,0.9844,0.9856,0.9869,,H
1764,Morris Grove Elementary,Orange,59,,,0,0.9849,,,0.9837,1,0.9524,0.9661,1,1,0.9706,0.9705,0.9713,0.9728,0.9749,0.9772,0.9929,0.9929,0.9931,0.9934,0.9939,0.9944,,H
1765,New Hope Elementary,Orange,92,,,0,0.9703,,,0.9696,0.9437,0.9333,0.978,0.9891,1,0.9541,0.9537,0.9549,0.9574,0.9605,0.9641,0.9821,0.982,0.9825,0.9834,0.9847,0.9861,,H
1770,Pathways Elementary,Orange,56,,,0,0.9604,,,0.9523,0.9821,1,0.9535,0.9524,0.9216,0.9262,0.9258,0.9278,0.9315,0.9365,0.9421,0.973,0.9728,0.9736,0.9751,0.977,0.9791,,H
1771,Pinewoods Montessori School,Orange,21,,,0,0.9449,,,0.9246,0.9333,1,0.9474,0.9349,0.9406,0.8583,0.8569,0.86,0.8672,0.8765,0.8869,0.9692,0.969,0.9698,0.9714,0.9736,0.976,,M
1772,River Park Elementary,Orange,75,,,0,0.9842,,,0.9804,1,0.9714,,,,0.9562,0.9561,0.9573,,,,0.9941,0.994,0.9942,,,,,H
1773,Scroggs Elementary,Orange,51,,,0,0.9919,,,0.9864,1,1,0.9874,0.9883,0.9894,0.9645,0.9643,0.9652,0.9672,0.9696,0.9724,0.9972,0.9972,0.9973,0.9974,0.9976,0.9979,,H
1774,St. Thomas More Catholic School,Orange,36,,,0,0.9926,,,0.9873,1,0.9876,1,0.9892,0.9902,0.9658,0.9654,0.9662,0.9681,0.9705,0.9733,0.9973,0.9973,0.9974,0.9975,0.9977,0.9979,,H
1775,The Expedition School,Orange,40,,,0,0.9766,,,0.9616,0.975,0.9487,1,1,0.9737,0.9351,0.9346,0.9364,0.9398,0.9444,0.9493,0.981,0.9809,0.9814,0.9825,0.9838,0.9853,,H
1777,Arapahoe Charter School,Pamlico,47,,,0,0.9765,,,0.9685,1,0.9643,0.95,0.9787,1,0.9435,0.943,0.9445,0.9475,0.9514,0.9558,0.9864,0.9863,0.9867,0.9874,0.9884,0.9895,,H
1779,Pamlico Christian Academy,Pamlico,23,,,0,0.8287,,,0.8351,0.913,0.7273,0.7826,0.8557,0.8675,0.7546,0.7537,0.7591,0.7694,0.7837,0.8002,0.9028,0.9018,0.9042,0.909,0.9155,0.9228,,L
1780,Pamlico County Primary,Pamlico,83,,,0,0.9663,,,0.9741,0.9688,1,0.8916,0.9778,1,0.9592,0.9589,0.96,0.9622,0.965,0.9682,0.9856,0.9854,0.9858,0.9866,0.9876,0.9887,,H
1781,Albemarle School,Pasquotank,35,,,0,0.9651,,,0.9626,0.9032,1,1,0.9679,0.9708,0.9263,0.9257,0.9278,0.9317,0.9366,0.9422,0.9868,0.9867,0.987,0.9877,0.9887,0.9897,,H
1782,Central Elementary,Pasquotank,103,,,0,0.9656,,,0.9644,0.9612,0.9483,0.9615,0.9694,1,0.9441,0.9436,0.9451,0.948,0.9518,0.9561,0.9808,0.9806,0.9812,0.9822,0.9836,0.9851,,H
1783,Covenant Classical Academy,Pasquotank,9,,,0,0.2443,,,0.3995,0,0.3333,,,,0.2207,0.2194,0.2242,,,,0.6024,0.5993,0.6059,,,,,L
1784,Grace Montessori Academy  Incorporated,Pasquotank,10,,,0,0.7965,,,0.8455,0.4286,0.848,0.8551,0.8646,0.8754,0.6881,0.6864,0.6924,0.7044,0.721,0.7403,0.9505,0.9502,0.9513,0.954,0.9576,0.9614,,L
1785,J C Sawyer Elementary,Pasquotank,79,,,0,0.9581,,,0.962,0.9367,0.9836,0.9672,0.9674,0.9302,0.942,0.9416,0.9431,0.9463,0.9502,0.9546,0.978,0.9779,0.9784,0.9796,0.9811,0.9829,,H
1786,New Life Academy,Pasquotank,36,,,0,0.951,,,0.9534,0.9259,0.9167,1,0.9599,0.9636,0.9137,0.913,0.9152,0.9196,0.9254,0.9319,0.9799,0.9797,0.9803,0.9815,0.9829,0.9845,,H
1787,Northside Elementary,Pasquotank,77,,,0,0.9868,,,0.9868,1,0.9481,1,0.9887,1,0.9746,0.9743,0.9751,0.9765,0.9783,0.9803,0.9947,0.9947,0.9949,0.9952,0.9955,0.9959,,H
1788,P W Moore Elementary,Pasquotank,76,,,0,0.9672,,,0.9717,0.9298,0.9623,0.9677,0.9758,0.9868,0.9541,0.9538,0.955,0.9573,0.9606,0.9641,0.9852,0.9851,0.9855,0.9863,0.9874,0.9886,,H
1790,Sheep-Harney Elementary,Pasquotank,66,,,0,0.9473,,,0.9543,0.9778,0.9107,0.9394,0.9607,0.9483,0.9314,0.931,0.9327,0.9363,0.9411,0.9463,0.9731,0.9729,0.9737,0.9752,0.9771,0.9793,,M
1791,Victory Christian School,Pasquotank,21,,,0,0.867,,,0.8564,0.9,0.6875,0.8656,0.8571,1,0.7832,0.7814,0.7868,0.7968,0.8096,0.8244,0.9145,0.9141,0.9161,0.9203,0.9261,0.9327,,L
1792,Weeksville Elementary,Pasquotank,49,,,0,0.988,,,0.9876,0.9796,1,0.9778,0.9894,1,0.974,0.9738,0.9745,0.9759,0.9778,0.9798,0.996,0.9959,0.996,0.9963,0.9966,0.9969,,H
1793,C.F. Pope Elementary,Pender,100,,,0,0.9605,,,0.9473,0.9059,0.9762,0.99,0.9589,0.9848,0.9283,0.9281,0.93,0.9337,0.9386,0.944,0.9632,0.9629,0.9638,0.9658,0.9683,0.9711,,H
1794,Cape Fear Elementary,Pender,104,,,0,0.9826,,,0.9798,0.9747,0.9286,1,1,1,0.9669,0.9664,0.9674,0.9692,0.9716,0.9742,0.9897,0.9896,0.9899,0.9905,0.9912,0.992,,H
1795,Malpass Corner Elementary,Pender,78,,,0,0.9472,,,0.9462,1,0.8966,0.9091,0.9615,0.9677,0.9233,0.9226,0.9246,0.9286,0.9339,0.9398,0.9643,0.964,0.965,0.9669,0.9694,0.9723,,M
1796,North Topsail Elementary,Pender,96,,,0,0.9336,,,0.9297,0.8649,0.9365,0.9512,0.9479,0.9697,0.9077,0.9069,0.9095,0.9143,0.9204,0.9273,0.9491,0.9486,0.9499,0.9527,0.9563,0.9602,,M
1798,Penderlea Elementary,Pender,57,,,0,0.9781,,,0.9789,0.9756,0.9302,0.9756,1,1,0.9628,0.9625,0.9635,0.9655,0.9681,0.971,0.9907,0.9906,0.9909,0.9914,0.9921,0.9928,,H
1799,Penderlea Christian Academy,Pender,12,,,0,0.8917,,,0.9126,1,0.9141,0.6667,0.9243,1,0.816,0.8145,0.8189,0.8276,0.8386,0.8515,0.9726,0.9724,0.9731,0.9746,0.9765,0.9787,,L
1800,Rocky Point Elementary,Pender,71,,,0,0.9696,,,0.9758,0.9231,0.9828,1,1,0.9437,0.9593,0.959,0.9601,0.9624,0.9653,0.9685,0.9877,0.9876,0.9879,0.9886,0.9895,0.9904,,H
1801,South Topsail Elementary,Pender,91,,,0,0.9531,,,0.9497,0.9367,0.9451,0.9375,0.9625,1,0.9309,0.9303,0.932,0.9355,0.9402,0.9456,0.966,0.9658,0.9666,0.9685,0.971,0.9737,,H
1802,Surf City Elementary,Pender,132,,,0,0.913,,,0.9007,0.9381,0.8917,0.871,0.9091,0.9804,0.8768,0.8761,0.8794,0.8853,0.8933,0.9024,0.9219,0.9213,0.9233,0.9274,0.9328,0.9387,,M
1803,Topsail Annandale Elementary School,Pender,112,,,0,0.959,,,0.9585,0.9326,0.963,0.9184,0.9732,1,0.942,0.9415,0.9431,0.9461,0.9501,0.9546,0.9724,0.9722,0.973,0.9744,0.9764,0.9786,,H
1805,Perquimans Central,Perquimans,138,,,0,0.96,,,0.965,0.9275,0.9545,0.9626,0.9832,0.9725,0.9508,0.9504,0.9518,0.9545,0.9579,0.9617,0.9768,0.9766,0.9773,0.9786,0.9801,0.982,,H
1806,Bethel Hill Charter,Person,62,,,0,0.9919,,,0.9826,0.9833,1,1,0.9851,1,0.9687,0.9685,0.9694,0.9712,0.9734,0.9758,0.9926,0.9925,0.9928,0.9931,0.9937,0.9943,,H
1807,Carolina Community Academy,Person,35,,,0,0.9481,,,0.9504,1,0.8571,1,,,0.9046,0.904,0.9065,0.9112,,,0.9813,0.9812,0.9818,0.9828,,,,M
1808,Helena Elementary,Person,95,,,0,0.9844,,,0.9772,0.9733,1,0.9789,0.9875,0.9889,0.9638,0.9633,0.9643,0.9663,0.9688,0.9717,0.9877,0.9875,0.9878,0.9885,0.9894,0.9904,,H
1810,North End Elementary,Person,31,,,0,0.968,,,0.962,0.8889,1,1,0.9677,1,0.933,0.9324,0.9343,0.9377,0.9422,0.9474,0.9825,0.9823,0.9828,0.9838,0.9851,0.9865,,H
1811,Oak Lane Elementary,Person,41,,,0,0.9753,,,0.9795,0.9756,1,1,0.9825,0.9118,0.9603,0.9601,0.9611,0.9632,0.966,0.9691,0.9921,0.992,0.9921,0.9925,0.9931,0.9937,,H
1813,Roxboro Christian Academy,Person,12,,,0,0.9297,,,0.946,0.6667,0.9167,0.875,1,1,0.8854,0.885,0.8879,0.8932,0.9006,0.9091,0.9831,0.9828,0.9833,0.9842,0.9854,0.9867,,M
1814,South Elementary,Person,75,,,0,0.9827,,,0.979,0.9867,0.9683,0.9855,1,0.9792,0.9636,0.9633,0.9642,0.9662,0.9687,0.9716,0.9899,0.9898,0.9901,0.9907,0.9914,0.9922,,H
1815,Stories Creek Elementary,Person,70,,,0,0.9666,,,0.9603,0.9286,0.9492,1,0.9667,1,0.9411,0.9406,0.9421,0.9451,0.9492,0.9538,0.9763,0.9761,0.9767,0.978,0.9796,0.9815,,H
1816,Woodland Elementary,Person,43,,,0,0.9705,,,0.9712,0.9722,0.9302,0.9767,0.9754,1,0.9487,0.9483,0.9496,0.9523,0.9559,0.96,0.9872,0.9871,0.9875,0.9881,0.9891,0.9901,,H
1817,Ayden Elementary,Pitt,112,,,0,0.9508,,,0.957,0.8482,0.9634,1,0.9631,0.99,0.9391,0.9388,0.9403,0.9436,0.9478,0.9526,0.9719,0.9716,0.9724,0.9739,0.9759,0.9781,,H
1818,Belvoir Elementary,Pitt,71,,,0,0.9579,,,0.9642,0.9697,0.9559,0.9464,0.9577,0.9516,0.9456,0.9451,0.9465,0.9493,0.9532,0.9574,0.9788,0.9787,0.9793,0.9804,0.9819,0.9836,,H
1819,Bethel Elementary,Pitt,27,,,0,0.9605,,,0.9619,0.913,0.9524,1,0.9673,0.96,0.9292,0.9289,0.9308,0.9345,0.9394,0.9449,0.9848,0.9846,0.9851,0.9859,0.987,0.9882,,H
1822,Chicod School,Pitt,90,,,0,0.98,,,0.9758,0.963,0.9763,0.9776,0.9889,1,0.9607,0.9604,0.9615,0.9637,0.9664,0.9695,0.9872,0.9871,0.9874,0.9881,0.9891,0.9901,,H
1824,Christ Covenant School,Pitt,64,,,0,0.9103,,,0.9187,0.8983,0.8594,0.9242,0.9298,1,0.8757,0.8747,0.8777,0.8836,0.8917,0.9009,0.9537,0.9534,0.9547,0.9572,0.9604,0.9641,,M
1825,Creekside Elementary,Pitt,107,,,0,0.9669,,,0.9718,0.972,0.9231,0.978,0.9579,1,0.9577,0.9573,0.9586,0.9608,0.9637,0.967,0.9835,0.9834,0.9838,0.9847,0.9859,0.9872,,H
1826,ECU Community School,Pitt,19,,,0,0.9009,,,0.9113,0.8667,0.7857,0.8947,0.9233,1,0.8412,0.8404,0.8445,0.852,0.862,0.8734,0.9608,0.9606,0.9618,0.9637,0.9664,0.9695,,M
1827,Eastern Elementary,Pitt,151,,,0,0.9334,,,0.9246,0.9664,1,0.9073,0.9247,0.8632,0.907,0.9064,0.9087,0.9134,0.9197,0.9267,0.9402,0.9397,0.9412,0.9443,0.9485,0.9532,,M
1828,Elmhurst Elementary,Pitt,93,,,0,0.9919,,,0.9875,1,1,0.9889,0.974,1,0.9769,0.9767,0.9772,0.9784,0.9801,0.982,0.9946,0.9946,0.9947,0.995,0.9954,0.9958,,H
1829,Embassy Innovation Academy,Pitt,4,,,0,0.9895,,,0.9598,1,1,1,0.9653,1,0.8691,0.8684,0.8718,0.8783,0.8869,0.8965,0.9947,0.9947,0.9948,0.9951,0.9955,0.9959,,H
1831,Falkland Elementary,Pitt,53,,,0,0.9693,,,0.9696,1,0.8788,1,0.9773,0.9583,0.9483,0.9478,0.9491,0.9519,0.9555,0.9596,0.9855,0.9854,0.9857,0.9865,0.9875,0.9887,,H
1832,G R Whitfield,Pitt,67,,,0,0.9817,,,0.9769,0.9661,0.9851,1,0.9844,0.9773,0.9599,0.9596,0.9607,0.9628,0.9657,0.9688,0.9891,0.989,0.9893,0.9899,0.9907,0.9915,,H
1833,Greenville Christian Academy,Pitt,40,,,0,0.8924,,,0.9011,0.931,0.8,0.8095,0.9615,1,0.8566,0.8555,0.859,0.8657,0.8751,0.8854,0.9397,0.9396,0.9412,0.9444,0.9484,0.953,,L
1834,Greenville Montessori School,Pitt,16,,,0,0.9101,,,0.9028,0.9375,0.875,1,0.9286,0.8333,0.8335,0.8328,0.8367,0.8447,0.8551,0.8668,0.9534,0.953,0.9544,0.9568,0.9601,0.9637,,M
1835,Grifton,Pitt,47,,,0,0.9738,,,0.9762,0.9574,0.9744,0.9444,1,1,0.9565,0.9563,0.9573,0.9597,0.9626,0.9661,0.9901,0.99,0.9903,0.9909,0.9916,0.9923,,H
1836,H B Sugg Elementary,Pitt,133,,,0,0.9406,,,0.9458,0.9512,0.8571,0.9496,0.9534,1,0.926,0.9257,0.9277,0.9315,0.9364,0.9421,0.9628,0.9624,0.9634,0.9654,0.968,0.9709,,M
1837,Lakeforest Elementary,Pitt,146,,,0,0.9734,,,0.9623,0.9932,0.9928,0.9549,0.9676,0.9675,0.9481,0.9476,0.9491,0.9517,0.9553,0.9594,0.9746,0.9744,0.9751,0.9765,0.9782,0.9802,,H
1838,Northwest Elementary,Pitt,78,,,0,0.9482,,,0.9463,0.9828,0.8974,0.9501,0.9538,0.98,0.9116,0.9106,0.913,0.9175,0.9235,0.9303,0.9729,0.9726,0.9733,0.9747,0.9767,0.9788,,M
1839,Oakwood School,Pitt,32,,,0,0.9429,,,0.9514,1,0.8,0.9545,1,0.962,0.9141,0.913,0.9153,0.92,0.9259,0.9325,0.9776,0.9775,0.978,0.9792,0.9808,0.9825,,M
1840,Open Door School,Pitt,39,,,0,0.9552,,,0.9541,0.9744,0.9062,1,0.9048,1,0.9177,0.9172,0.9195,0.9237,0.9292,0.9353,0.9791,0.979,0.9796,0.9807,0.9822,0.9839,,H
1841,Pactolus,Pitt,69,,,0,0.9437,,,0.9432,0.971,0.918,0.8852,0.9511,1,0.9166,0.9161,0.9179,0.9221,0.9277,0.934,0.9654,0.9651,0.9661,0.9679,0.9703,0.973,,M
1843,Ridgewood Elementary,Pitt,118,,,0,0.9869,,,0.9829,0.9818,0.9831,0.9912,0.9829,1,0.9727,0.9724,0.9731,0.9746,0.9765,0.9787,0.9905,0.9904,0.9907,0.9912,0.9919,0.9926,,H
1845,South Greenville Elementary,Pitt,57,,,0,0.8965,,,0.9047,0.98,0.9825,0.7347,0.8571,0.9038,0.8718,0.8711,0.8745,0.8808,0.889,0.8985,0.9326,0.9319,0.9338,0.9372,0.9419,0.9471,,L
1847,St. Peter's Catholic School,Pitt,50,,,0,0.9798,,,0.9751,0.96,0.9756,0.9769,1,1,0.9456,0.945,0.9465,0.9494,0.9532,0.9575,0.9925,0.9924,0.9926,0.993,0.9936,0.9942,,H
1848,Stokes,Pitt,26,,,0,0.9422,,,0.9554,0.9524,1,0.8077,1,1,0.921,0.9204,0.9224,0.9261,0.9314,0.9376,0.9796,0.9795,0.98,0.9811,0.9825,0.9842,,M
1849,Third Street Academy,Pitt,15,,,0,0.9157,,,0.9162,0.9333,0.9,0.875,0.9275,0.9338,0.828,0.8266,0.8307,0.8387,0.8494,0.8616,0.9718,0.9715,0.9724,0.9739,0.9759,0.9781,,M
1850,Trinity Christian School (Pitt),Pitt,28,,,0,0.9516,,,0.9536,0.875,0.9545,0.9569,0.9601,1,0.9013,0.9009,0.9032,0.9078,0.9145,0.922,0.9856,0.9855,0.986,0.9867,0.9877,0.9888,,H
1851,W H Robinson Elementary,Pitt,114,,,0,0.9658,,,0.9656,0.9912,0.9043,0.9459,1,1,0.95,0.9496,0.9509,0.9535,0.957,0.961,0.9784,0.9782,0.9787,0.9799,0.9814,0.9832,,H
1852,Wahl Coates Elementary School,Pitt,87,,,0,0.9765,,,0.9764,0.9859,0.9768,0.9481,0.9885,0.9841,0.9595,0.9593,0.9604,0.9626,0.9654,0.9686,0.9886,0.9885,0.9888,0.9895,0.9903,0.9912,,H
1853,Walton Academy,Pitt,24,,,0,0.9875,,,0.9796,1,0.9583,1,1,1,0.951,0.9506,0.9518,0.9544,0.9579,0.9617,0.995,0.9949,0.995,0.9953,0.9956,0.9961,,H
1854,Wintergreen Primary,Pitt,283,,,0,0.9764,,,0.9695,0.96,0.9682,0.9735,0.9957,0.9951,0.9606,0.9603,0.9614,0.9636,0.9663,0.9693,0.9775,0.9773,0.9779,0.9791,0.9808,0.9825,,H
1855,Winterville Charter Academy,Pitt,86,,,0,0.9369,,,0.9509,1,0.9718,0.8837,0.9579,0.8795,0.9297,0.9294,0.9312,0.935,0.9397,0.9451,0.9683,0.9681,0.9688,0.9704,0.9726,0.9752,,M
1856,Foothills Academy,Polk,13,,,0,0.4378,,,0.5391,0.3077,0.5,,,,0.3377,0.3366,0.3422,,,,0.7294,0.7269,0.7326,,,,,L
1857,Polk Central Elementary School,Polk,56,,,0,0.9613,,,0.9622,0.9583,0.9286,0.9412,0.9815,1,0.9395,0.9388,0.9405,0.9437,0.948,0.9527,0.9801,0.9798,0.9804,0.9815,0.9829,0.9845,,H
1860,Tryon Elementary School,Polk,60,,,0,0.902,,,0.8994,0.8824,0.9123,0.9,0.8644,0.95,0.8663,0.8653,0.8686,0.8755,0.884,0.8937,0.9273,0.9266,0.9284,0.9323,0.9374,0.9429,,M
1862,Archdale Elementary School,Randolph,67,,,0,0.9727,,,0.9725,0.9667,0.9783,1,1,0.9254,0.9543,0.9541,0.9554,0.9578,0.961,0.9645,0.9855,0.9854,0.9858,0.9865,0.9876,0.9887,,H
1863,Asheboro Hybrid Academy,Randolph,30,,,0,0.5369,,,0.5596,0.5357,0.4667,0.5926,,,0.4593,0.4571,0.4638,0.4783,,,0.6589,0.6574,0.6634,0.6767,,,,L
1864,Bailey's Grove Baptist School,Montgomery,15,,,0,0.792,,,0.8246,0.6667,0.7143,0.8,0.8462,0.8889,0.7192,0.7168,0.7226,0.7339,0.7496,0.7675,0.9077,0.9073,0.9095,0.9139,0.9201,0.9271,,L
1866,Balfour Elementary,Randolph,102,,,0,0.9795,,,0.9793,0.9902,0.96,0.9634,0.9823,1,0.9661,0.9658,0.9667,0.9686,0.9709,0.9735,0.9893,0.9892,0.9895,0.9901,0.9908,0.9917,,H
1867,Charles W McCrary Elementary,Randolph,64,,,0,0.9804,,,0.9809,0.9531,0.9836,0.9836,1,0.9836,0.9656,0.9652,0.9662,0.968,0.9705,0.9732,0.9916,0.9915,0.9917,0.9922,0.9928,0.9935,,H
1868,Coleridge Elementary School,Randolph,50,,,0,0.9636,,,0.968,0.9756,0.96,0.9062,0.9762,0.98,0.9474,0.9471,0.9484,0.9512,0.9549,0.959,0.9838,0.9837,0.9842,0.985,0.9862,0.9875,,H
1869,Donna L Loflin Elementary,Randolph,57,,,0,0.9846,,,0.983,0.9778,0.9623,1,0.9855,1,0.9665,0.9663,0.9671,0.9689,0.9713,0.9739,0.9939,0.9938,0.994,0.9943,0.9948,0.9952,,H
1870,Faith Christian School,Randolph,36,,,0,0.9505,,,0.9573,0.8889,0.9667,1,0.9565,0.9666,0.9235,0.9229,0.925,0.929,0.9343,0.9402,0.9807,0.9806,0.9811,0.9822,0.9836,0.9851,,H
1871,Farmer Elementary School,Randolph,46,,,0,0.9669,,,0.9644,0.9459,0.9524,0.9615,1,0.9697,0.9403,0.9398,0.9414,0.9447,0.9488,0.9534,0.983,0.9828,0.9832,0.9841,0.9854,0.9867,,H
1872,Fayetteville Street Christian School,Randolph,22,,,0,0.9259,,,0.9322,0.8,1,0.9091,0.9415,0.9231,0.8775,0.8765,0.8796,0.8856,0.8937,0.9027,0.9722,0.9718,0.9725,0.974,0.9759,0.9782,,M
1873,Franklinville Elementary School,Randolph,60,,,0,0.9601,,,0.9612,1,0.9412,0.9592,0.9762,0.9333,0.9406,0.9405,0.9421,0.9451,0.9492,0.9538,0.9779,0.9777,0.9782,0.9794,0.981,0.9827,,H
1874,Grace Point Christian Academy,Randolph,4,,,0,0.5736,,,0.7945,0,0.75,,,,0.5403,0.5374,0.5448,,,,0.9507,0.9501,0.9513,,,,,L
1875,Grays Chapel Elementary School,Randolph,84,,,0,0.9847,,,0.9708,0.987,0.9481,1,1,1,0.9557,0.9554,0.9566,0.9589,0.962,0.9656,0.9832,0.9831,0.9835,0.9845,0.9857,0.987,,H
1876,Guy B Teachey Elementary,Randolph,84,,,0,0.9856,,,0.9841,1,0.961,0.9881,0.9818,1,0.9725,0.9723,0.9731,0.9746,0.9765,0.9787,0.9928,0.9927,0.9929,0.9933,0.9938,0.9944,,H
1878,Hopewell Elementary School,Randolph,123,,,0,0.9629,,,0.9652,0.95,0.959,0.9187,0.9914,1,0.9519,0.9514,0.9527,0.9551,0.9585,0.9623,0.9764,0.9762,0.9769,0.9782,0.9798,0.9817,,H
1879,John R Lawrence Elementary School,Randolph,67,,,0,0.9642,,,0.9663,0.9545,0.9701,0.9403,0.9655,1,0.9481,0.9477,0.949,0.9517,0.9553,0.9593,0.9805,0.9803,0.9809,0.9819,0.9833,0.9848,,H
1881,Level Cross Elementary School,Randolph,83,,,0,0.959,,,0.9645,0.9859,0.9365,0.9398,0.9487,0.9836,0.9474,0.9469,0.9484,0.9512,0.9548,0.9588,0.9788,0.9786,0.9792,0.9803,0.9818,0.9835,,H
1882,Liberty Elementary School,Randolph,71,,,0,0.9843,,,0.984,0.9848,0.9783,0.9552,1,1,0.9708,0.9705,0.9714,0.973,0.9751,0.9774,0.9932,0.9932,0.9934,0.9937,0.9942,0.9947,,H
1883,Lindley Park Elementary,Randolph,79,,,0,0.9887,,,0.9876,0.9825,1,0.9859,0.9894,0.9873,0.9754,0.9751,0.9758,0.9772,0.9789,0.9809,0.9954,0.9954,0.9956,0.9958,0.9961,0.9965,,H
1884,Mount Calvary Christian School,Randolph,12,,,0,0.8571,,,0.8767,0.8,0.5833,0.8847,1,1,0.7829,0.7812,0.786,0.7959,0.809,0.8238,0.9445,0.9442,0.9453,0.948,0.9519,0.9563,,L
1886,New Market Elementary School,Randolph,76,,,0,0.9486,,,0.9469,0.9508,0.9492,0.9265,0.9605,0.9592,0.9244,0.9238,0.9258,0.9298,0.9349,0.9407,0.9652,0.965,0.966,0.9678,0.9702,0.9729,,M
1887,Ramseur Elementary School,Randolph,67,,,0,0.9752,,,0.9742,0.9403,1,0.9828,0.9615,1,0.9574,0.9572,0.9583,0.9606,0.9636,0.9668,0.987,0.9869,0.9872,0.9879,0.9889,0.9899,,H
1888,Randleman Elementary School,Randolph,114,,,0,0.9722,,,0.9724,0.9873,0.9737,0.9519,0.9806,0.9709,0.9588,0.9585,0.9595,0.9617,0.9646,0.9679,0.983,0.9829,0.9834,0.9843,0.9855,0.9869,,H
1889,Seagrove Elementary School,Randolph,60,,,0,0.9679,,,0.9652,0.9833,0.9273,0.9833,0.9492,1,0.9467,0.9462,0.9477,0.9506,0.9542,0.9584,0.98,0.9798,0.9803,0.9814,0.9828,0.9844,,H
1890,Southmont Elementary School,Randolph,93,,,0,0.9717,,,0.9704,0.9877,0.9205,0.957,1,1,0.9558,0.9554,0.9566,0.959,0.9621,0.9655,0.9819,0.9817,0.9822,0.9832,0.9845,0.9859,,H
1891,Tabernacle Elementary School,Randolph,56,,,0,0.9612,,,0.9632,0.9811,0.8929,0.9333,1,1,0.9427,0.9423,0.9439,0.9469,0.9509,0.9554,0.9791,0.979,0.9796,0.9807,0.9822,0.9838,,H
1892,The Virtual Academy at Randolph,Randolph,12,,,0,0.965,,,0.9548,1,0.875,1,1,,0.8855,0.8846,0.8872,0.893,0.9006,,0.9901,0.99,0.9903,0.9908,0.9915,,,H
1893,Trindale Elementary School,Randolph,61,,,0,0.9676,,,0.9702,0.9636,0.9464,0.9672,0.9821,0.9778,0.9521,0.9515,0.953,0.9555,0.9588,0.9625,0.9848,0.9847,0.9851,0.9859,0.987,0.9882,,H
1894,Trinity Elementary School,Randolph,86,,,0,0.981,,,0.9815,0.9833,0.9683,0.9884,0.9683,1,0.9686,0.9684,0.9692,0.9709,0.9731,0.9756,0.9911,0.991,0.9913,0.9917,0.9924,0.9931,,H
1897,East Rockingham Elementary,Richmond,83,,,0,0.9859,,,0.9829,1,1,0.9759,1,0.96,0.97,0.9696,0.9703,0.9719,0.974,0.9765,0.9922,0.9921,0.9923,0.9928,0.9933,0.994,,H
1898,Fairview Heights Elementary,Richmond,84,,,0,0.9864,,,0.9874,1,0.9718,0.987,1,0.9643,0.9768,0.9765,0.9772,0.9785,0.9801,0.9819,0.9947,0.9946,0.9947,0.995,0.9954,0.9958,,H
1900,L J Bell Elementary,Richmond,95,,,0,0.9913,,,0.9902,0.9828,1,0.9831,0.9895,1,0.9803,0.98,0.9806,0.9817,0.9831,0.9847,0.9964,0.9964,0.9965,0.9967,0.997,0.9972,,H
1901,Mineral Springs Elementary,Richmond,70,,,0,0.9895,,,0.9856,1,0.9841,1,0.9833,0.9836,0.9726,0.9724,0.9732,0.9746,0.9765,0.9787,0.994,0.994,0.9941,0.9945,0.9949,0.9954,,H
1902,Monroe Avenue Elementary,Richmond,74,,,0,0.9868,,,0.985,1,1,1,1,0.9245,0.9734,0.9733,0.974,0.9753,0.9772,0.9793,0.9933,0.9932,0.9934,0.9937,0.9942,0.9948,,H
1903,Mt. Olive Christian Academy,Richmond,19,,,0,0.9881,,,0.9779,1,0.9783,1,,,0.9297,0.9295,0.9315,0.9352,,,0.9967,0.9967,0.9968,0.997,,,,H
1904,Outreach Christian Academy,Richmond,6,,,0,0.9611,,,0.9666,1,1,0.8333,1,1,0.9084,0.9077,0.9099,0.9146,0.9208,0.9278,0.9938,0.9937,0.9939,0.9942,0.9947,0.9952,,H
1905,Roberdel Baptist School,Richmond,30,,,0,0.9547,,,0.958,0.9667,0.9444,0.9375,,,0.9089,0.9083,0.9106,0.915,,,0.9871,0.987,0.9873,0.988,,,,H
1907,Temple Christian School,Richmond,14,,,0,0.9151,,,0.9434,0.7778,0.9444,0.8889,0.8889,1,0.8849,0.8839,0.8864,0.8923,0.9,0.9087,0.981,0.9809,0.9813,0.9823,0.9837,0.9852,,M
1912,Deep Branch Elementary,Robeson,63,,,0,0.9725,,,0.9748,0.9615,1,0.9683,0.9556,0.9804,0.9567,0.9561,0.9574,0.9597,0.9627,0.9662,0.9881,0.988,0.9883,0.9889,0.9898,0.9907,,H
1913,East Robeson Primary,Robeson,139,,,0,0.9539,,,0.957,0.9784,0.8713,0.947,0.9631,0.9912,0.9416,0.941,0.9426,0.9457,0.9497,0.9542,0.971,0.9706,0.9714,0.9729,0.975,0.9773,,H
1914,Fairgrove Elementary School,Robeson,49,,,0,0.9629,,,0.966,0.9714,0.9787,0.9524,0.9796,0.925,0.9425,0.942,0.9435,0.9464,0.9504,0.9549,0.9829,0.9826,0.9831,0.984,0.9852,0.9866,,H
1915,Highlander Academy,Robeson,11,,,0,0.9228,,,0.9324,1,0.7273,1,1,1,0.8508,0.8491,0.8526,0.8592,0.8686,0.8795,0.9809,0.9808,0.9813,0.9823,0.9836,0.9852,,M
1917,Long Branch Elementary,Robeson,85,,,0,0.9592,,,0.9578,0.9529,0.9744,0.9494,0.9638,0.9577,0.9365,0.936,0.9377,0.941,0.9453,0.9502,0.9746,0.9744,0.9752,0.9766,0.9784,0.9804,,H
1920,New Pathway Christian Academy,Robeson,4,,,0,0.87,,,0.925,1,0.5,,,,0.7694,0.7675,0.7722,,,,0.9882,0.9881,0.9884,,,,,L
1921,Old Main STREAM Academy,Robeson,86,,,0,0.987,,,0.9833,0.9767,0.9846,1,1,,0.9656,0.9655,0.9663,0.9682,0.9707,,0.9944,0.9943,0.9944,0.9947,0.9951,,,H
1922,Oxendine Elementary,Robeson,60,,,0,0.9892,,,0.982,1,0.9767,1,0.975,1,0.9658,0.9652,0.9662,0.968,0.9705,0.9733,0.9932,0.9931,0.9933,0.9937,0.9942,0.9947,,H
1923,Parkton Elementary,Robeson,68,,,0,0.9545,,,0.9353,1,0.9245,0.8689,1,0.9848,0.9121,0.9113,0.9135,0.9177,0.9236,0.9303,0.9555,0.9551,0.9563,0.9587,0.9618,0.9653,,H
1925,Peterson Elementary,Robeson,121,,,0,0.9244,,,0.9065,1,1,0.7822,0.9192,0.9262,0.8802,0.8794,0.8823,0.8882,0.8962,0.905,0.9302,0.9298,0.9316,0.9352,0.94,0.9454,,M
1926,Piney Grove Elementary,Robeson,72,,,0,0.9885,,,0.9755,0.9559,1,1,1,1,0.961,0.9607,0.9617,0.9639,0.9666,0.9697,0.9866,0.9865,0.9868,0.9876,0.9886,0.9896,,H
1927,Prospect Elementary,Robeson,91,,,0,0.9824,,,0.9729,1,0.9855,0.978,1,0.9625,0.9569,0.9566,0.9578,0.9601,0.963,0.9664,0.9851,0.985,0.9854,0.9862,0.9872,0.9884,,H
1928,Rex-Rennert Elementary,Robeson,75,,,0,0.96,,,0.9632,0.9865,0.9067,0.9831,0.9688,0.9583,0.9455,0.9449,0.9464,0.9493,0.9531,0.9573,0.9777,0.9776,0.9782,0.9794,0.981,0.9828,,H
1930,Rosenwald Elementary,Robeson,71,,,0,0.9624,,,0.9278,1,0.9516,0.9718,0.9377,0.9848,0.8981,0.8977,0.9002,0.9054,0.9123,0.9199,0.953,0.9527,0.9539,0.9564,0.9597,0.9634,,H
1931,Rowland Norment Elementary,Robeson,144,,,0,0.949,,,0.9429,1,0.9587,0.9248,0.899,0.9537,0.9251,0.9244,0.9265,0.9304,0.9355,0.9412,0.9585,0.958,0.9592,0.9614,0.9643,0.9675,,M
1932,Saint Pauls Elementary,Robeson,138,,,0,0.9493,,,0.9461,0.9928,0.9615,1,0.9536,0.8148,0.928,0.9275,0.9293,0.9331,0.938,0.9436,0.962,0.9617,0.9626,0.9647,0.9674,0.9703,,M
1933,Southeastern Academy,Robeson,21,,,0,0.9932,,,0.9856,1,0.9859,1,0.9877,1,0.963,0.9629,0.9639,0.9659,0.9686,0.9714,0.9969,0.9969,0.997,0.9971,0.9974,0.9976,,H
1934,Southside Ashpole Elementary,Robeson,35,,,0,0.9326,,,0.9416,1,1,0.7742,0.9497,0.9542,0.8971,0.8966,0.899,0.9042,0.9111,0.9188,0.974,0.9738,0.9746,0.976,0.9778,0.9798,,M
1935,Tanglewood Elementary,Robeson,102,,,0,0.9664,,,0.9623,0.9615,0.9381,0.957,0.9804,1,0.9459,0.9455,0.9469,0.9497,0.9534,0.9576,0.9756,0.9755,0.9762,0.9775,0.9792,0.9811,,H
1936,Townsend Elementary,Robeson,52,,,0,0.9847,,,0.9736,0.9535,0.9773,1,1,1,0.9541,0.9539,0.9552,0.9575,0.9607,0.9642,0.9879,0.9878,0.9881,0.9888,0.9897,0.9907,,H
1938,Union Chapel Elementary,Robeson,81,,,0,0.9413,,,0.9488,1,0.925,0.9753,0.9375,0.8525,0.9268,0.9261,0.9278,0.9316,0.9365,0.9422,0.9674,0.9671,0.968,0.9697,0.972,0.9746,,M
1939,Union Elementary,Robeson,55,,,0,0.9908,,,0.9844,0.9636,1,1,1,1,0.9709,0.9707,0.9715,0.973,0.975,0.9773,0.9938,0.9938,0.9939,0.9942,0.9947,0.9952,,H
1940,W H Knuckles,Robeson,108,,,0,0.9404,,,0.9211,0.9714,0.9432,0.9352,0.9619,0.9082,0.8972,0.8965,0.8992,0.9044,0.9111,0.9188,0.9425,0.9416,0.943,0.946,0.9501,0.9546,,M
1944,Bethany Elementary,Rockingham,74,,,0,0.9714,,,0.9718,0.9697,0.9459,0.9688,0.9863,0.9861,0.9565,0.9562,0.9575,0.9598,0.9628,0.9662,0.9839,0.9838,0.9842,0.9851,0.9863,0.9875,,H
1945,Carolina Baptist Academy,Rockingham,16,,,0,0.9972,,,0.9809,1,1,1,1,1,0.9469,0.9465,0.9479,0.9506,0.9542,0.9583,0.9964,0.9964,0.9965,0.9967,0.9969,0.9972,,H
1946,Central Elementary,Rockingham,96,,,0,0.9663,,,0.9652,0.9714,0.9882,0.8958,1,0.9875,0.9491,0.9488,0.9502,0.9528,0.9565,0.9605,0.9784,0.9782,0.9787,0.9799,0.9815,0.9832,,H
1947,Community Baptist School,Rockingham,34,,,0,0.9893,,,0.9688,1,1,1,0.9643,1,0.9369,0.9363,0.9379,0.9413,0.9457,0.9508,0.9893,0.9892,0.9895,0.9901,0.9909,0.9917,,H
1949,John W Dillard Academy,Rockingham,54,,,0,0.9985,,,0.989,1,1,1,1,1,0.9772,0.977,0.9776,0.9788,0.9804,0.9823,0.9963,0.9963,0.9964,0.9966,0.9968,0.9971,,H
1950,Douglass Elementary,Rockingham,59,,,0,0.9775,,,0.9783,0.9796,0.9778,0.9828,1,0.9444,0.9626,0.9625,0.9634,0.9654,0.968,0.9709,0.9899,0.9898,0.9901,0.9907,0.9914,0.9922,,H
1952,Freedom Academy,Rockingham,25,,,0,0.7855,,,0.8067,0.7826,0.68,0.9333,,,0.7072,0.7052,0.7111,0.7231,,,0.8896,0.8888,0.8915,0.8968,,,,L
1953,Huntsville Elementary,Rockingham,68,,,0,0.9896,,,0.9861,1,0.9833,1,1,0.9649,0.9748,0.9745,0.9753,0.9766,0.9784,0.9804,0.994,0.994,0.9941,0.9945,0.9949,0.9954,,H
1954,Increase Learning Center,Rockingham,2,,,0,0.8269,,,0.9164,0.5,1,0.9218,0.9273,0.9334,0.7374,0.7364,0.7422,0.7526,0.7676,0.7844,0.9889,0.9888,0.9892,0.9898,0.9906,0.9915,,L
1955,Leaksville-Spray Elementary,Rockingham,80,,,0,0.9815,,,0.98,0.9844,0.9848,0.9825,0.9875,0.9683,0.9649,0.9647,0.9657,0.9675,0.9699,0.9727,0.9911,0.991,0.9912,0.9917,0.9923,0.993,,H
1956,Legacy Classical Academy,Rockingham,50,,,0,0.9853,,,0.9792,0.98,1,,,,0.9509,0.9504,0.9514,,,,0.9946,0.9946,0.9947,,,,,H
1957,Lincoln Elementary,Rockingham,57,,,0,0.9697,,,0.9681,1,0.9048,0.9556,1,0.9783,0.9486,0.9483,0.9496,0.9524,0.956,0.9599,0.9838,0.9836,0.9841,0.9849,0.9861,0.9873,,H
1958,Monroeton Elementary,Rockingham,83,,,0,0.9719,,,0.9614,0.9759,0.9459,0.9722,1,0.9828,0.9437,0.9432,0.9447,0.9477,0.9516,0.9559,0.9759,0.9757,0.9763,0.9776,0.9793,0.9812,,H
1959,Moss Street Elementary,Rockingham,62,,,0,0.9457,,,0.9172,1,0.9333,0.963,0.9285,0.9348,0.8867,0.8858,0.8888,0.8943,0.9018,0.9102,0.9456,0.9451,0.9465,0.9494,0.9531,0.9574,,M
1962,Shiloh Community School LLC,Rockingham,12,,,0,0.7752,,,0.8227,0.75,0.8333,0.6,,,0.6709,0.6688,0.6757,0.6886,,,0.9308,0.9301,0.9319,0.9356,,,,L
1963,South End Elementary,Rockingham,94,,,0,0.98,,,0.9686,1,0.975,0.9718,0.9894,0.973,0.9513,0.9509,0.9521,0.9546,0.9579,0.9617,0.9826,0.9823,0.9829,0.9838,0.985,0.9864,,H
1964,Stoneville Elementary,Rockingham,72,,,0,0.9693,,,0.9664,1,0.9444,0.9394,0.9846,0.9853,0.9489,0.9485,0.9499,0.9528,0.9563,0.9602,0.9803,0.9802,0.9807,0.9817,0.9831,0.9847,,H
1967,Victory Christian Academy,Rockingham,2,,,0,0.5492,,,0.794,0,0,0.8056,1,1,0.552,0.5482,0.5569,0.5721,0.5914,0.6145,0.9478,0.9472,0.9485,0.9513,0.955,0.9591,,L
1968,Wentworth Elementary,Rockingham,86,,,0,0.9762,,,0.9744,0.9878,0.9028,0.9884,1,1,0.96,0.9597,0.9608,0.9629,0.9657,0.9688,0.9858,0.9856,0.9861,0.9868,0.9878,0.9889,,H
1969,Williamsburg Elementary,Rockingham,88,,,0,0.9624,,,0.9659,0.9524,0.9759,0.9375,0.9659,0.9747,0.95,0.9496,0.9508,0.9535,0.9569,0.9608,0.979,0.9788,0.9794,0.9805,0.982,0.9837,,H
1971,Bostian Elementary,Rowan,55,,,0,0.9463,,,0.9479,0.9444,0.913,0.9273,0.96,0.9815,0.9247,0.924,0.9257,0.9295,0.9346,0.9404,0.9672,0.967,0.9679,0.9695,0.9719,0.9745,,M
1972,Overton Elementary,Rowan,52,,,0,0.9159,,,0.8088,0.9677,0.9737,0.8947,0.9038,0.9429,0.7658,0.7644,0.7695,0.7793,0.7931,0.8087,0.8486,0.8476,0.8509,0.8578,0.8675,0.8786,,M
1973,China Grove Elementary,Rowan,105,,,0,0.9345,,,0.9422,0.8851,0.957,0.9048,0.9904,0.9189,0.9239,0.9233,0.9254,0.9292,0.9343,0.9401,0.9582,0.9578,0.9589,0.9611,0.9641,0.9673,,M
1975,Dole Elementary,Rowan,65,,,0,0.9304,,,0.9313,0.8769,1,0.9,0.9464,0.9524,0.9055,0.9049,0.9073,0.912,0.9181,0.9251,0.9535,0.9529,0.9541,0.9565,0.9598,0.9635,,M
1976,Koontz Elementary,Rowan,105,,,0,0.8463,,,0.8634,0.9082,0.9714,0.4286,0.9167,0.9067,0.8363,0.835,0.8389,0.8464,0.8564,0.8681,0.8896,0.8885,0.8912,0.8968,0.9041,0.9124,,L
1978,Essie Academy,Rowan,8,,,0,0.9332,,,0.9307,1,0.875,1,,,0.8255,0.8239,0.8282,0.8366,,,0.9852,0.9851,0.9855,0.9864,,,,M
1981,Shive Elementary,Rowan,86,,,0,0.8508,,,0.8865,0.871,0.6481,0.8167,0.8721,0.9692,0.8574,0.8571,0.8606,0.8674,0.8763,0.8865,0.9126,0.9117,0.914,0.9184,0.9243,0.931,,L
1982,Faith Academy Charter School,Rowan,103,,,0,0.9666,,,0.9639,0.9417,1,0.9747,0.96,,0.9419,0.9412,0.9427,0.9459,0.9499,,0.9805,0.9803,0.9808,0.9819,0.9833,,,H
1985,Granite Quarry Elementary,Rowan,95,,,0,0.9392,,,0.9311,0.9487,0.8788,0.9149,0.9579,1,0.9092,0.9085,0.9107,0.9154,0.9216,0.9285,0.95,0.9494,0.9507,0.9534,0.9569,0.9607,,M
1986,Isenberg Elementary,Rowan,98,,,0,0.8962,,,0.9139,0.9286,0.7753,0.8333,0.9444,1,0.89,0.8895,0.8922,0.8976,0.9049,0.9131,0.9352,0.9347,0.9364,0.9398,0.9442,0.9492,,L
1987,Hurley Elementary,Rowan,92,,,0,0.96,,,0.9532,0.96,0.9767,0.9041,0.9783,0.9839,0.9338,0.9332,0.9348,0.9383,0.9429,0.948,0.9697,0.9694,0.9702,0.9718,0.974,0.9763,,H
1988,Knollwood Elementary,Rowan,103,,,0,0.9713,,,0.9689,0.9691,0.9659,0.9412,0.9903,1,0.9545,0.9541,0.9553,0.9577,0.9608,0.9644,0.9807,0.9805,0.981,0.982,0.9834,0.9849,,H
1989,Landis Elementary,Rowan,118,,,0,0.8981,,,0.9039,0.6864,0.9583,0.9588,0.9636,0.9841,0.8794,0.8788,0.8819,0.8878,0.8957,0.9047,0.9259,0.9253,0.9273,0.9311,0.9361,0.9417,,L
1990,Millbridge Elementary,Rowan,104,,,0,0.9643,,,0.9609,0.9518,0.957,0.9684,0.9808,0.9623,0.9436,0.9432,0.9447,0.9476,0.9515,0.9559,0.9753,0.9751,0.9757,0.977,0.9788,0.9808,,H
1991,Morgan Elementary,Rowan,49,,,0,0.9586,,,0.8943,0.9474,0.9796,0.9524,0.9787,1,0.8592,0.8586,0.862,0.8689,0.8779,0.8881,0.9244,0.9236,0.9256,0.9296,0.9347,0.9405,,H
1992,Mt Ulla Elementary,Rowan,51,,,0,0.9633,,,0.9611,1,0.9024,0.9767,1,0.9211,0.9369,0.9363,0.9381,0.9414,0.9458,0.9506,0.9793,0.9792,0.9798,0.9809,0.9824,0.984,,H
1993,Nehemiah Enrichment Academy,Rowan,3,,,0,0.8841,,,0.9084,1,0,0.9144,1,1,0.75,0.7489,0.7551,0.766,0.7801,0.7966,0.9836,0.9835,0.9839,0.9848,0.986,0.9873,,L
1995,North Kannapolis Christian Acad,Rowan,13,,,0,0.9176,,,0.9012,1,0.8571,0.875,1,0.9231,0.8041,0.8028,0.8072,0.816,0.8282,0.8417,0.9652,0.9648,0.9657,0.9675,0.9699,0.9727,,M
1996,Woodrow Wilson Elementary,Rowan,53,,,0,0.9771,,,0.9682,0.9787,0.9767,0.98,0.9811,0.9773,0.9485,0.948,0.9494,0.9521,0.9557,0.9597,0.9828,0.9826,0.9831,0.984,0.9852,0.9866,,H
1997,North Rowan Elementary,Rowan,71,,,0,0.9629,,,0.9669,0.9692,0.9615,0.9559,0.9437,0.9833,0.9478,0.9474,0.9487,0.9515,0.9551,0.9592,0.9825,0.9823,0.9828,0.9837,0.985,0.9863,,H
1998,Rockwell Christian School,Rowan,30,,,0,0.9271,,,0.9359,1,0.9524,0.9667,0.84,0.88,0.8982,0.8973,0.8997,0.9047,0.9115,0.9192,0.9661,0.9657,0.9666,0.9685,0.9708,0.9734,,M
1999,Rockwell Elementary,Rowan,88,,,0,0.9239,,,0.9354,0.8523,0.9605,0.8391,0.9881,0.9861,0.9146,0.9141,0.9163,0.9208,0.9265,0.9331,0.9538,0.9534,0.9547,0.9571,0.9604,0.964,,M
2000,Sacred Heart Catholic School,Rowan,22,,,0,0.9876,,,0.9762,1,1,1,0.95,1,0.9494,0.9491,0.9503,0.953,0.9565,0.9605,0.9928,0.9928,0.9929,0.9933,0.9938,0.9944,,H
2001,Salisbury Academy,Rowan,22,,,0,0.958,,,0.8355,1,1,0.9474,0.9545,1,0.7726,0.7714,0.7765,0.7866,0.8,0.8155,0.8894,0.8881,0.8906,0.8962,0.9036,0.9119,,H
2003,Summit Virtual Academy,Rowan,226,,,0,0.9127,,,0.8973,0.7143,1,0.875,0.8438,0.9292,0.858,0.8571,0.861,0.8678,0.877,0.8874,0.9321,0.9316,0.9334,0.9369,0.9416,0.9468,,M
2004,West Rowan Elementary,Rowan,122,,,0,0.9604,,,0.9587,0.8947,0.9785,0.9691,0.9754,0.987,0.9398,0.9394,0.9411,0.9444,0.9485,0.9532,0.9738,0.9735,0.9742,0.9757,0.9776,0.9796,,H
2006,Yadkin Path Montessori,Rowan,6,,,0,0.7953,,,0.8575,1,0.8333,0.5,0.8752,0.8853,0.6844,0.6815,0.6879,0.6997,0.7169,0.7366,0.9631,0.9628,0.9638,0.9659,0.9686,0.9715,,L
2007,Cliffside Elementary School,Rutherford,33,,,0,0.9634,,,0.9606,1,0.9615,0.9032,0.9444,1,0.9335,0.9328,0.9346,0.938,0.9426,0.9478,0.981,0.9809,0.9814,0.9825,0.9838,0.9853,,H
2008,Ellenboro Elementary School,Rutherford,105,,,0,0.9601,,,0.9637,0.9792,0.8961,0.9765,0.981,0.9524,0.9484,0.9481,0.9495,0.9521,0.9557,0.9597,0.9767,0.9765,0.9772,0.9784,0.9801,0.9819,,H
2009,Forest City-Dunbar Elementary School,Rutherford,86,,,0,0.9785,,,0.9782,0.9833,0.9867,0.9718,1,0.9535,0.9639,0.9637,0.9645,0.9664,0.969,0.9718,0.9886,0.9886,0.9889,0.9895,0.9903,0.9913,,H
2010,Forrest W. Hunt Elementary School,Rutherford,77,,,0,0.957,,,0.9645,0.9221,0.9706,0.9474,0.9655,0.9808,0.9469,0.9466,0.948,0.9507,0.9544,0.9586,0.9788,0.9787,0.9793,0.9804,0.9819,0.9836,,H
2011,Harris Elementary School,Rutherford,80,,,0,0.961,,,0.9678,0.9692,0.9221,0.9333,0.9697,1,0.9517,0.9513,0.9525,0.9551,0.9584,0.9622,0.981,0.9808,0.9813,0.9824,0.9837,0.9852,,H
2014,Mt. Vernon-Ruth Elementary School,Rutherford,43,,,0,0.9676,,,0.9668,1,0.9767,0.8824,0.9722,1,0.9428,0.9424,0.9439,0.947,0.9509,0.9553,0.9843,0.9841,0.9846,0.9854,0.9865,0.9877,,H
2017,Pinnacle Elementary School,Rutherford,51,,,0,0.9467,,,0.9493,0.9804,0.9143,0.9048,0.9394,0.9767,0.923,0.9225,0.9245,0.9284,0.9336,0.9396,0.971,0.9706,0.9714,0.973,0.9751,0.9774,,M
2018,Rutherfordton Elementary School,Rutherford,63,,,0,0.9715,,,0.97,0.9,1,0.9667,1,1,0.9509,0.9505,0.9518,0.9544,0.9579,0.9617,0.9847,0.9845,0.9849,0.9858,0.9869,0.9881,,H
2019,Spindale Elementary School,Rutherford,62,,,0,0.9321,,,0.9211,0.8871,0.9216,0.9492,0.9259,1,0.8937,0.8931,0.8958,0.901,0.908,0.9159,0.9452,0.9447,0.9461,0.9489,0.9527,0.9569,,M
2020,Sunshine Elementary School,Rutherford,43,,,0,0.9561,,,0.955,1,0.9737,0.8837,0.9706,0.9615,0.9281,0.9276,0.9296,0.9334,0.9384,0.9439,0.9762,0.9759,0.9766,0.9779,0.9796,0.9815,,H
2021,The Master's Academy,Rutherford,14,,,0,0.7032,,,0.7362,0.6667,0.5,0.7506,0.7653,0.7822,0.588,0.586,0.5929,0.607,0.6263,0.6492,0.8623,0.8611,0.8645,0.8713,0.8801,0.8901,,L
2023,Thomas Jefferson Classical Academy,Rutherford,112,,,0,0.9579,,,0.9536,0.9468,0.9643,0.9569,0.9601,0.9637,0.9256,0.9251,0.9268,0.9308,0.9357,0.9413,0.9749,0.9747,0.9753,0.9767,0.9785,0.9805,,H
2024,Trinity Christian School,Rutherford,32,,,0,0.8548,,,0.8478,0.5,0.8503,1,0.92,0.9375,0.7806,0.779,0.7838,0.7936,0.8068,0.8216,0.9045,0.9038,0.906,0.9109,0.9171,0.9243,,L
2026,Word of Faith Christian Sch.,Rutherford,10,,,0,0.9917,,,0.9748,1,1,1,0.9784,1,0.9282,0.9274,0.9292,0.9328,0.9377,0.9431,0.9955,0.9955,0.9957,0.9959,0.9962,0.9966,,H
2028,Clement Elementary,Sampson,61,,,0,0.9789,,,0.9768,0.9672,1,0.9574,0.9801,1,0.9588,0.9584,0.9595,0.9617,0.9645,0.9677,0.9895,0.9894,0.9897,0.9902,0.991,0.9918,,H
2030,Hargrove Elementary,Sampson,61,,,0,0.9597,,,0.9507,1,0.96,0.9672,0.9576,0.9333,0.9253,0.9245,0.9265,0.9304,0.9355,0.9412,0.9712,0.971,0.9718,0.9734,0.9755,0.9777,,H
2031,Harrells Christian Academy,Sampson,38,,,0,0.9573,,,0.9634,0.9211,0.9474,0.9211,1,1,0.9379,0.9379,0.9394,0.9426,0.9468,0.9516,0.9825,0.9824,0.9829,0.9838,0.9851,0.9864,,H
2032,Hobbton Elementary,Sampson,80,,,0,0.9836,,,0.9691,1,1,0.9863,0.9735,0.9692,0.9515,0.9513,0.9527,0.9552,0.9586,0.9623,0.9828,0.9827,0.9831,0.984,0.9852,0.9866,,H
2033,Langdon C Kerr Elementary,Sampson,254,,,0,0.9846,,,0.9692,0.9915,0.9865,0.9882,0.9821,0.9905,0.9597,0.9593,0.9604,0.9625,0.9654,0.9685,0.9778,0.9775,0.9781,0.9793,0.9809,0.9827,,H
2034,Midway Elementary,Sampson,89,,,0,0.9497,,,0.9516,0.9125,0.9571,0.9136,1,0.96,0.9324,0.9319,0.934,0.9375,0.942,0.9472,0.969,0.9686,0.9694,0.9712,0.9734,0.9758,,M
2037,New Life Uplifted School,Sampson,1,,,0,0.9712,,,0.9419,1,0.9429,1,,,0.8047,0.8034,0.8078,0.8168,,,0.9929,0.9928,0.993,0.9934,,,,H
2038,Plain View Elementary,Sampson,72,,,0,0.9615,,,0.9552,0.931,0.963,1,1,0.9254,0.9331,0.9326,0.9346,0.9379,0.9424,0.9475,0.9726,0.9723,0.9731,0.9746,0.9765,0.9787,,H
2039,Roseboro Elementary,Sampson,70,,,0,0.9416,,,0.9418,0.9245,0.9851,0.9524,0.9286,0.9091,0.9174,0.917,0.9192,0.9234,0.929,0.9353,0.9623,0.9619,0.9629,0.9649,0.9676,0.9706,,M
2040,Salemburg Elementary,Sampson,88,,,0,0.9415,,,0.9324,0.9759,0.9432,0.9833,0.8636,0.947,0.9062,0.9054,0.9078,0.9126,0.9189,0.9259,0.9549,0.9545,0.9557,0.9582,0.9612,0.9647,,M
2042,The Point Christian Academy,Sampson,11,,,0,0.9979,,,0.9768,1,1,1,1,1,0.9353,0.9347,0.9367,0.9404,0.9449,0.9499,0.9955,0.9955,0.9956,0.9958,0.9962,0.9965,,H
2043,Union Elementary,Sampson,144,,,0,0.9577,,,0.9444,0.9545,0.9514,0.9565,0.9848,0.9549,0.9282,0.9277,0.9295,0.9331,0.938,0.9436,0.9584,0.958,0.959,0.9613,0.9642,0.9674,,H
2044,Christ the Cornerstone Academy,Scotland,31,,,0,0.9599,,,0.9566,0.875,0.9524,0.9596,1,1,0.9171,0.9163,0.9185,0.9228,0.9284,0.9348,0.983,0.9828,0.9833,0.9842,0.9854,0.9868,,H
2046,Laurel Hill Elementary,Scotland,127,,,0,0.9817,,,0.9822,1,0.9528,1,0.9847,0.9764,0.9703,0.9701,0.9709,0.9725,0.9746,0.977,0.9911,0.991,0.9912,0.9917,0.9923,0.993,,H
2048,Scotland Christian Academy,Scotland,27,,,0,0.9937,,,0.9854,1,1,0.9865,1,0.9887,0.9616,0.9616,0.9626,0.9646,0.9672,0.9702,0.997,0.997,0.997,0.9972,0.9974,0.9976,,H
2049,South Johnson Elementary,Scotland,99,,,0,0.9727,,,0.9698,0.9888,0.9691,0.972,0.9785,0.9596,0.9488,0.9484,0.9498,0.9525,0.9561,0.9601,0.9846,0.9844,0.9848,0.9857,0.9868,0.988,,H
2052,Sycamore Lane Primary,Scotland,137,,,0,0.8753,,,0.87,0.9124,0.823,0.904,0.887,0.8372,0.8364,0.8354,0.8392,0.8469,0.8574,0.869,0.9008,0.9003,0.9027,0.9077,0.9143,0.9217,,L
2053,Wagram Elementary,Scotland,96,,,0,0.9279,,,0.9405,0.64,1,0.9896,0.9875,1,0.9187,0.9182,0.9204,0.9246,0.93,0.9362,0.9591,0.9585,0.9597,0.9618,0.9648,0.968,,M
2054,Aquadale Elementary,Stanly,60,,,0,0.9742,,,0.9756,0.9667,0.9184,0.9774,1,1,0.9571,0.9566,0.9577,0.96,0.963,0.9663,0.9888,0.9888,0.989,0.9896,0.9904,0.9913,,H
2055,Badin Elementary,Stanly,70,,,0,0.9778,,,0.9756,0.9836,0.9828,0.9571,0.9848,0.9848,0.9593,0.9591,0.9601,0.9624,0.9653,0.9684,0.9878,0.9877,0.988,0.9886,0.9895,0.9905,,H
2056,Carolina Christian School,Stanly,33,,,0,0.8453,,,0.8637,0.7895,0.9062,0.7273,0.9167,0.8947,0.808,0.8068,0.8113,0.82,0.8317,0.8452,0.9111,0.9103,0.9125,0.917,0.923,0.9297,,L
2057,Central Elementary,Stanly,99,,,0,0.9533,,,0.9561,0.9722,0.9468,0.9091,0.9684,0.9765,0.9387,0.9382,0.9397,0.943,0.9473,0.952,0.9709,0.9707,0.9715,0.9731,0.9751,0.9774,,H
2058,Christ the King Christian Academy,Stanly,17,,,0,0.9978,,,0.9616,1,1,1,1,1,0.9113,0.9106,0.9126,0.9173,0.9233,0.93,0.9898,0.9898,0.99,0.9905,0.9913,0.9921,,H
2059,East Albemarle Elementary,Stanly,58,,,0,0.9634,,,0.9692,1,0.9815,0.9138,0.9455,0.9804,0.9516,0.9514,0.9526,0.9551,0.9585,0.9623,0.9825,0.9823,0.9828,0.9838,0.985,0.9864,,H
2060,Endy Elementary,Stanly,68,,,0,0.9685,,,0.9676,0.9787,0.9167,0.9706,0.9839,1,0.9491,0.9487,0.95,0.9526,0.9562,0.9602,0.9819,0.9817,0.9822,0.9832,0.9845,0.986,,H
2061,Heritage Classical Academy,Stanly,24,,,0,0.8334,,,0.8406,0.7083,0.8636,0.7222,1,1,0.7577,0.756,0.7613,0.7715,0.7858,0.8017,0.9081,0.9071,0.9092,0.9138,0.9201,0.9272,,L
2062,Locust Elementary,Stanly,93,,,0,0.9258,,,0.9381,0.9167,0.9355,0.9268,0.831,1,0.9166,0.9158,0.918,0.9224,0.928,0.9342,0.9566,0.9562,0.9573,0.9597,0.9627,0.9661,,M
2063,Millingport Elementary,Stanly,33,,,0,0.9793,,,0.9773,0.9643,1,0.9677,0.9565,1,0.9561,0.9557,0.9569,0.9592,0.9623,0.9657,0.9915,0.9913,0.9915,0.992,0.9926,0.9933,,H
2064,Norwood Elementary,Stanly,50,,,0,0.9779,,,0.9645,0.9787,1,0.9671,0.98,0.9783,0.9423,0.9418,0.9433,0.9463,0.9502,0.9547,0.9822,0.982,0.9825,0.9835,0.9848,0.9862,,H
2065,Oakboro Choice STEM,Stanly,55,,,0,0.9803,,,0.9781,0.9583,0.9792,0.9818,0.9818,1,0.9611,0.961,0.9619,0.964,0.9669,0.9699,0.9902,0.9901,0.9904,0.9909,0.9917,0.9924,,H
2067,Park Ridge Christian School,Stanly,38,,,0,0.9651,,,0.9705,0.9048,0.9,1,1,1,0.9442,0.9439,0.9452,0.948,0.9519,0.9564,0.9876,0.9874,0.9878,0.9885,0.9894,0.9903,,H
2068,Richfield Elementary,Stanly,61,,,0,0.9741,,,0.9715,0.9394,0.9836,0.9423,1,1,0.9517,0.9511,0.9524,0.9549,0.9582,0.962,0.9863,0.9862,0.9865,0.9872,0.9882,0.9893,,H
2070,Stanfield Elementary,Stanly,85,,,0,0.9803,,,0.9734,0.9529,0.9863,1,0.9818,1,0.9572,0.957,0.9581,0.9604,0.9634,0.9667,0.9858,0.9856,0.9861,0.9868,0.9879,0.989,,H
2072,Tillery Christian Academy,Stanly,11,,,0,0.8786,,,0.9027,0.9091,1,0.7,0.8571,1,0.8082,0.8068,0.8112,0.8202,0.8318,0.8452,0.9659,0.9658,0.9669,0.9688,0.9713,0.9739,,L
2073,Calvary Christian School,Stokes,33,,,0,0.9671,,,0.9646,1,0.9615,0.9667,0.9355,0.9724,0.9315,0.9313,0.9331,0.9365,0.9412,0.9464,0.9865,0.9864,0.9868,0.9876,0.9885,0.9896,,H
2074,Germanton Elementary School,Stokes,35,,,0,0.9907,,,0.9812,1,0.9545,1,1,1,0.9615,0.9612,0.9623,0.9643,0.9669,0.9699,0.9935,0.9934,0.9936,0.9939,0.9944,0.9949,,H
2075,King Elementary School,Stokes,79,,,0,0.9865,,,0.9829,1,0.9552,0.9844,1,1,0.97,0.9696,0.9704,0.9721,0.9742,0.9766,0.9924,0.9924,0.9926,0.993,0.9935,0.9941,,H
2077,Living Word Christian Academy,Stokes,10,,,0,0.8368,,,0.8771,0.8,1,0.5,0.8929,0.9018,0.7562,0.7547,0.7593,0.7693,0.7833,0.7995,0.9592,0.959,0.9601,0.9623,0.9651,0.9683,,L
2078,London Elementary School,Stokes,35,,,0,0.9688,,,0.9777,1,0.8889,0.9333,1,1,0.9592,0.9588,0.96,0.9622,0.965,0.9682,0.9906,0.9906,0.9908,0.9913,0.992,0.9927,,H
2079,Mount Olive Elementary School,Stokes,60,,,0,0.9837,,,0.9834,0.9778,0.9787,0.9833,0.9818,1,0.9691,0.9688,0.9697,0.9713,0.9735,0.976,0.9932,0.9931,0.9933,0.9937,0.9942,0.9947,,H
2080,Nancy Reynolds Elementary School,Stokes,27,,,0,0.9833,,,0.9834,1,0.9583,0.963,1,1,0.9622,0.9619,0.9628,0.9648,0.9675,0.9704,0.9953,0.9952,0.9954,0.9956,0.996,0.9964,,H
2082,Pinnacle Elementary School,Stokes,27,,,0,0.9554,,,0.9505,0.8846,0.9091,1,1,1,0.9172,0.9166,0.9189,0.9232,0.9289,0.9351,0.975,0.9748,0.9754,0.9767,0.9785,0.9805,,H
2083,Poplar Springs Elementary School,Stokes,80,,,0,0.9737,,,0.9691,0.962,0.9688,0.9863,0.9625,1,0.9529,0.9525,0.9538,0.9563,0.9596,0.9632,0.9824,0.9823,0.9828,0.9838,0.9851,0.9864,,H
2084,Sandy Ridge  Elementary School,Stokes,34,,,0,0.9693,,,0.9742,0.9706,0.9667,1,0.9545,0.9412,0.9518,0.9513,0.9526,0.9551,0.9585,0.9622,0.9899,0.9897,0.99,0.9905,0.9913,0.9921,,H
2085,Walnut Cove Elementary School,Stokes,45,,,0,0.9888,,,0.9883,0.973,0.9778,1,1,1,0.9754,0.9753,0.976,0.9774,0.9791,0.981,0.9963,0.9962,0.9964,0.9966,0.9968,0.9971,,H
2086,Bruce H. Tharrington Primary,Surry,143,,,0,0.9892,,,0.9902,0.986,0.992,0.9914,0.9916,0.9848,0.9826,0.9825,0.9829,0.9839,0.9851,0.9865,0.9957,0.9956,0.9957,0.996,0.9963,0.9966,,H
2087,Cedar Ridge Elementary,Surry,59,,,0,0.9769,,,0.9773,0.94,0.9773,1,0.9831,0.9811,0.9614,0.9611,0.9621,0.964,0.9667,0.9698,0.9894,0.9894,0.9896,0.9902,0.991,0.9918,,H
2088,Copeland Elementary,Surry,48,,,0,0.9858,,,0.986,0.9792,0.9756,0.975,1,1,0.9715,0.9713,0.9721,0.9736,0.9756,0.9779,0.9952,0.9951,0.9953,0.9955,0.9959,0.9963,,H
2089,Dobson Elementary,Surry,58,,,0,0.9854,,,0.9865,0.9216,1,1,1,1,0.9734,0.9732,0.974,0.9754,0.9773,0.9794,0.995,0.9949,0.9951,0.9954,0.9957,0.9961,,H
2090,Elkin Elementary,Surry,95,,,0,0.9784,,,0.9734,0.9877,0.9368,1,0.9772,1,0.9588,0.9585,0.9595,0.9617,0.9646,0.9678,0.9848,0.9846,0.9851,0.9859,0.987,0.9882,,H
2091,Flat Rock Elementary,Surry,40,,,0,0.9802,,,0.9806,0.975,0.9333,1,1,1,0.9599,0.9595,0.9606,0.9627,0.9655,0.9687,0.9931,0.9931,0.9934,0.9938,0.9942,0.9947,,H
2092,Franklin Elementary,Surry,78,,,0,0.9711,,,0.9674,0.9385,0.9831,0.9872,0.9744,0.973,0.9516,0.9513,0.9527,0.9552,0.9587,0.9624,0.9803,0.9801,0.9806,0.9817,0.9831,0.9847,,H
2094,Millennium Charter Academy,Surry,72,,,0,0.9564,,,0.9613,0.9444,0.918,0.9841,0.9231,1,0.9415,0.941,0.9425,0.9455,0.9496,0.9541,0.9774,0.9773,0.9779,0.9791,0.9807,0.9825,,H
2095,Mountain Park Elementary,Surry,35,,,0,0.974,,,0.9504,0.9714,0.9655,1,0.9688,1,0.9197,0.9188,0.9209,0.9251,0.9305,0.9366,0.9744,0.9741,0.9749,0.9763,0.9781,0.9801,,H
2096,Pilot Mountain Elementary,Surry,60,,,0,0.9815,,,0.9821,1,0.9412,0.9833,0.9831,1,0.9677,0.9676,0.9684,0.9702,0.9724,0.9749,0.9923,0.9922,0.9924,0.9928,0.9934,0.994,,H
2097,Rockford Elementary,Surry,56,,,0,0.9956,,,0.9924,1,1,1,0.9804,1,0.9829,0.9827,0.9832,0.9841,0.9854,0.9867,0.9979,0.9979,0.998,0.9981,0.9982,0.9984,,H
2098,Salem Christian Academy,Surry,21,,,0,0.8344,,,0.865,0.619,0.8672,0.8737,0.8823,1,0.7701,0.7681,0.7734,0.7829,0.7963,0.8118,0.9363,0.9356,0.9373,0.9407,0.9451,0.9499,,L
2099,Shoals Elementary,Surry,49,,,0,0.9795,,,0.9816,0.9722,0.9512,1,0.9677,1,0.9655,0.9654,0.9662,0.9681,0.9705,0.9732,0.9925,0.9925,0.9926,0.9931,0.9936,0.9942,,H
2100,Surry Online Magnet School,Surry,3,,,0,0.8597,,,0.9386,1,1,0.6667,,,0.7962,0.7947,0.7998,0.8087,,,0.9925,0.9924,0.9926,0.993,,,,L
2101,Westfield Elementary,Surry,39,,,0,0.9674,,,0.9704,0.8974,1,1,1,0.9545,0.9463,0.9458,0.9472,0.95,0.9538,0.9581,0.9871,0.987,0.9873,0.988,0.9889,0.99,,H
2102,White Plains Christian School,Surry,4,,,0,0.9333,,,0.9387,1,1,0.75,0.9471,1,0.8429,0.8413,0.8448,0.8526,0.8625,0.8737,0.9871,0.987,0.9874,0.9881,0.9891,0.9901,,M
2103,White Plains Elementary,Surry,55,,,0,0.9687,,,0.9701,0.9091,1,0.963,0.9804,1,0.9513,0.9508,0.9521,0.9546,0.958,0.9618,0.9846,0.9844,0.9847,0.9856,0.9867,0.9879,,H
2104,Yadkin Valley Community School,Surry,7,,,0,0.9289,,,0.9442,0.8571,0.9452,0.9481,0.9518,0.956,0.8229,0.8221,0.8264,0.8349,0.8458,0.8583,0.9916,0.9916,0.9918,0.9923,0.9929,0.9936,,M
2108,Swain County East Elementary,Swain,74,,,0,0.9653,,,0.9611,0.9818,0.9565,0.9153,0.9865,0.9851,0.9419,0.9416,0.9432,0.9463,0.9503,0.9548,0.9765,0.9763,0.9769,0.9782,0.9799,0.9817,,H
2109,Mountain Discovery,Swain,34,,,0,0.9498,,,0.9554,0.9412,0.9545,,,,0.8989,0.8985,0.9012,,,,0.9867,0.9866,0.987,,,,,M
2111,New Kituwah Academy,Swain,11,,,0,0.996,,,0.9783,1,1,1,1,1,0.9435,0.943,0.9444,0.9472,0.9512,0.9557,0.9954,0.9953,0.9954,0.9956,0.996,0.9963,,H
2112,Swain County West Elementary,Swain,72,,,0,0.9549,,,0.9556,0.9831,0.9143,0.9394,0.9692,0.9722,0.9344,0.934,0.9357,0.939,0.9436,0.9486,0.9727,0.9724,0.9732,0.9748,0.9767,0.9788,,H
2114,Bethany Christian School,Transylvania,15,,,0,0.616,,,0.7066,0.4667,0.6667,0.4286,0.8333,0.7565,0.5922,0.5901,0.5962,0.6096,0.6289,0.6517,0.8116,0.8099,0.8143,0.8229,0.8345,0.8478,,L
2115,Brevard Academy,Transylvania,47,,,0,0.9236,,,0.9246,0.8511,1,,,,0.8678,0.8669,0.8699,,,,0.9654,0.965,0.9659,,,,,M
2117,Brevard Elementary,Transylvania,99,,,0,0.9506,,,0.9303,0.9595,0.9756,0.942,0.9596,0.9341,0.907,0.9062,0.9088,0.9136,0.9198,0.9269,0.9508,0.9504,0.9518,0.9544,0.9578,0.9616,,H
2118,Mountain Sun Community School,Transylvania,18,,,0,0.7792,,,0.7423,0.7222,0.75,0.8125,0.9333,0.7333,0.6487,0.6472,0.6539,0.6669,0.685,0.7059,0.8248,0.8237,0.8279,0.8362,0.8471,0.8594,,L
2119,Pisgah Forest Elementary,Transylvania,80,,,0,0.9776,,,0.9695,0.96,0.9625,0.9867,0.9859,1,0.9537,0.9532,0.9544,0.9568,0.9601,0.9637,0.9821,0.9819,0.9824,0.9834,0.9847,0.9861,,H
2120,Rosman Elementary,Transylvania,66,,,0,0.9447,,,0.9393,0.9149,0.9149,0.98,0.9242,0.9848,0.9132,0.9126,0.9147,0.9188,0.9248,0.9313,0.9617,0.9614,0.9624,0.9644,0.9672,0.9702,,M
2121,T C Henderson,Transylvania,27,,,0,0.9459,,,0.9379,0.8889,0.9524,0.9259,1,1,0.8975,0.8967,0.8991,0.9042,0.9111,0.9188,0.968,0.9677,0.9685,0.9703,0.9726,0.9751,,M
2122,Tyrrell Elementary,Tyrrell,42,,,0,0.9601,,,0.9704,0.92,0.9565,0.9048,0.9697,1,0.9462,0.9459,0.9473,0.9501,0.9538,0.9581,0.9874,0.9872,0.9876,0.9883,0.9891,0.9902,,H
2125,Antioch Elementary,Union,123,,,0,0.9732,,,0.9689,0.9394,0.97,1,0.9593,1,0.9552,0.9549,0.9562,0.9587,0.9619,0.9653,0.9802,0.9801,0.9806,0.9817,0.9831,0.9846,,H
2126,Arborbrook Christian Academy,Union,25,,,0,0.6008,,,0.6134,0.5652,0.6522,0.5,0.4706,0.76,0.534,0.532,0.5399,0.5534,0.5735,0.5977,0.691,0.6895,0.6955,0.7077,0.7246,0.7442,,L
2127,Benton Heights Elementary,Union,90,,,0,0.975,,,0.9706,0.9324,0.9419,1,1,1,0.9559,0.9557,0.9569,0.9594,0.9623,0.9658,0.9826,0.9825,0.9829,0.9839,0.9851,0.9865,,H
2129,Covenant Christian Academy,Union,9,,,0,0.7214,,,0.7818,0.6667,0.7143,,,,0.5907,0.5878,0.5941,,,,0.9195,0.9188,0.9208,,,,,L
2131,East Elementary,Union,67,,,0,0.9228,,,0.9065,0.9828,0.8657,0.9672,0.9492,0.8769,0.877,0.8764,0.8794,0.8854,0.8934,0.9026,0.9322,0.9315,0.9332,0.9368,0.9414,0.9467,,M
2132,Fairview Elementary,Union,78,,,0,0.941,,,0.9237,0.8966,0.9783,0.9231,0.9437,1,0.8988,0.8982,0.9007,0.9059,0.9124,0.9201,0.9469,0.9462,0.9477,0.9505,0.9542,0.9583,,M
2133,First Assembly Christian School,Union,16,,,0,0.9414,,,0.9294,0.8,0.9375,0.9343,1,1,0.8624,0.8618,0.8652,0.8718,0.8806,0.8906,0.973,0.9727,0.9734,0.9749,0.9768,0.979,,M
2134,Grace Academy,Union,15,,,0,0.5716,,,0.6103,0.3333,0.5,0.6923,0.7143,0.8,0.5042,0.5017,0.5087,0.5239,0.5443,0.569,0.7088,0.7068,0.7127,0.724,0.7402,0.7586,,L
2135,Hemby Bridge Elementary,Union,83,,,0,0.962,,,0.9568,0.9508,0.9518,0.9494,0.963,1,0.9367,0.9362,0.9379,0.9412,0.9456,0.9504,0.9737,0.9734,0.9741,0.9755,0.9774,0.9795,,H
2136,Indian Trail Elementary,Union,120,,,0,0.938,,,0.9396,0.8916,0.925,0.9342,0.9462,1,0.918,0.9176,0.9196,0.9238,0.9293,0.9355,0.9575,0.957,0.9581,0.9604,0.9634,0.9668,,M
2137,Kensington Elementary,Union,157,,,0,0.9572,,,0.9541,0.95,0.8962,0.958,0.9682,0.9936,0.9387,0.9384,0.9401,0.9432,0.9475,0.9523,0.9674,0.9672,0.968,0.9698,0.9721,0.9746,,H
2138,Marshville Elementary,Union,76,,,0,0.9535,,,0.9454,0.9091,0.9474,0.9275,1,1,0.9227,0.9222,0.9243,0.9283,0.9335,0.9393,0.9643,0.964,0.965,0.9669,0.9694,0.9722,,H
2140,Marvin Elementary,Union,97,,,0,0.9723,,,0.9508,0.9545,0.9383,0.9787,1,1,0.9325,0.9318,0.9334,0.937,0.9417,0.9469,0.9674,0.9671,0.968,0.9697,0.972,0.9745,,H
2141,Metrolina Christian Academy,Union,81,,,0,0.8099,,,0.8237,0.7037,0.8125,0.8347,0.8456,0.8581,0.7814,0.7802,0.7852,0.7948,0.8078,0.8229,0.8631,0.862,0.8654,0.872,0.8808,0.8908,,L
2142,Monroe Charter Academy,Union,36,,,0,0.7541,,,0.791,0.375,0.8056,0.6522,0.816,1,0.7149,0.7131,0.7193,0.7309,0.7465,0.7648,0.859,0.8579,0.8608,0.8676,0.8769,0.8873,,L
2143,New Salem Elementary,Union,42,,,0,0.9744,,,0.9744,0.975,0.975,0.9762,0.95,1,0.9559,0.9556,0.9568,0.9591,0.9621,0.9655,0.9881,0.988,0.9883,0.9889,0.9898,0.9908,,H
2144,New Town Elementary,Union,109,,,0,0.9645,,,0.9655,0.9405,0.9255,0.9725,0.9868,1,0.9506,0.9502,0.9515,0.9541,0.9575,0.9613,0.9775,0.9773,0.978,0.9792,0.9808,0.9826,,H
2145,NorthPoint Christian Academy,Union,23,,,0,0.6495,,,0.6664,0.5263,0.6471,0.7391,,,0.552,0.5507,0.5577,0.5721,,,0.7752,0.7737,0.7789,0.7889,,,,L
2146,Pleasant Plains Christian Sch.,Mecklenburg,9,,,0,0.5309,,,0.5891,0.3333,0.5936,0.625,,,0.382,0.3811,0.3867,0.4009,,,0.7775,0.776,0.781,0.791,,,,L
2147,Poplin Elementary,Union,117,,,0,0.9461,,,0.9392,0.9314,0.9533,0.9573,0.9537,0.9394,0.9212,0.9206,0.9228,0.9267,0.932,0.938,0.9548,0.9543,0.9556,0.958,0.9612,0.9648,,M
2148,Porter Ridge Elementary,Union,112,,,0,0.9554,,,0.9466,0.9286,0.9903,0.9362,0.9767,0.9605,0.9277,0.927,0.9288,0.9325,0.9375,0.9432,0.963,0.9627,0.9637,0.9656,0.9682,0.9712,,H
2149,Prospect Elementary,Union,77,,,0,0.9673,,,0.9591,0.9481,0.9365,0.9825,1,1,0.9401,0.9395,0.9411,0.9442,0.9484,0.953,0.9745,0.9744,0.9751,0.9765,0.9783,0.9802,,H
2150,Rea View Elementary,Union,99,,,0,0.9673,,,0.9626,0.9394,0.9494,0.9867,0.9878,0.9868,0.9457,0.9454,0.9467,0.9497,0.9534,0.9576,0.977,0.9768,0.9773,0.9785,0.9801,0.982,,H
2151,Rock Rest Elementary,Union,81,,,0,0.9692,,,0.9687,0.9302,0.9714,0.9394,0.9877,1,0.9506,0.9504,0.9517,0.9543,0.9578,0.9616,0.9829,0.9827,0.9831,0.984,0.9852,0.9866,,H
2152,Rocky River Elementary,Union,86,,,0,0.9097,,,0.9148,0.9753,0.7531,0.8961,0.913,1,0.8924,0.8915,0.8942,0.8995,0.9067,0.9147,0.9354,0.9351,0.9368,0.9402,0.9446,0.9495,,M
2153,Sandy Ridge Elementary,Union,82,,,0,0.9683,,,0.9689,0.9474,0.9857,0.9634,0.9444,1,0.9516,0.9511,0.9523,0.9549,0.9582,0.962,0.9829,0.9828,0.9832,0.9841,0.9854,0.9867,,H
2154,Sardis Elementary,Union,82,,,0,0.9087,,,0.9072,0.8537,0.8939,0.9242,0.9595,0.9245,0.88,0.8792,0.8823,0.8883,0.8961,0.9049,0.9316,0.9311,0.9329,0.9365,0.9412,0.9465,,M
2156,Shiloh Valley Primary School,Union,205,,,0,0.9451,,,0.935,0.9527,0.9268,0.9485,0.9526,0.9609,0.9195,0.9191,0.9211,0.9252,0.9306,0.9367,0.9493,0.9488,0.9502,0.9529,0.9564,0.9605,,M
2157,Shining Light Baptist Academy,Union,32,,,0,0.6032,,,0.6037,0.5312,0.6083,0.6218,0.6406,0.6627,0.4728,0.4716,0.4786,0.4939,0.5142,0.5389,0.7301,0.7287,0.7345,0.7456,0.761,0.7788,,L
2158,Stallings Elementary,Union,126,,,0,0.9442,,,0.9439,0.9027,0.9474,0.9386,0.9524,0.9813,0.9263,0.9256,0.9277,0.9315,0.9365,0.9422,0.9587,0.9585,0.9596,0.9617,0.9646,0.9678,,M
2159,Tabernacle Christian School,Union,29,,,0,0.9541,,,0.9542,0.9231,1,0.9231,0.931,1,0.9178,0.9174,0.9195,0.9237,0.9293,0.9354,0.9806,0.9804,0.9809,0.982,0.9834,0.9849,,H
2160,Thales Academy,Union,93,,,0,0.8969,,,0.8947,0.8125,0.9155,0.8571,0.8817,1,0.8608,0.8599,0.8632,0.8698,0.8788,0.889,0.924,0.9233,0.9252,0.9293,0.9343,0.9402,,L
2162,Union Academy,Union,180,,,0,0.9614,,,0.9576,0.908,0.9686,0.9667,0.9684,1,0.944,0.9435,0.9451,0.948,0.9519,0.9563,0.9694,0.9692,0.9701,0.9717,0.9739,0.9763,,H
2163,Union Day School,Union,88,,,0,0.9323,,,0.8865,0.8824,0.9437,0.9608,0.9855,0.9205,0.858,0.8574,0.8608,0.8676,0.8769,0.8871,0.9128,0.9119,0.9142,0.9187,0.9246,0.9312,,M
2164,Union Elementary,Union,52,,,0,0.9454,,,0.9464,0.9615,0.9412,0.7667,1,1,0.9203,0.9199,0.9218,0.926,0.9315,0.9376,0.9673,0.9671,0.968,0.9697,0.9719,0.9745,,M
2165,Union Prep Academy at Indian Trail,Union,118,,,0,0.9501,,,0.9503,0.9314,0.9661,,,,0.9188,0.9184,0.9206,,,,0.974,0.9738,0.9745,,,,,H
2168,Unionville Elementary,Union,120,,,0,0.9536,,,0.9605,0.9032,0.95,0.9394,0.9818,0.9878,0.9458,0.9456,0.947,0.9499,0.9536,0.9578,0.9731,0.9729,0.9737,0.9751,0.977,0.9792,,H
2169,Walter Bickett Elementary,Union,85,,,0,0.9617,,,0.955,0.9375,0.9211,0.9853,0.9643,1,0.9344,0.9339,0.9356,0.939,0.9435,0.9486,0.9714,0.9711,0.9719,0.9734,0.9755,0.9777,,H
2170,Waxhaw Elementary,Union,101,,,0,0.9406,,,0.9339,0.9091,0.97,0.908,0.9406,0.9861,0.9129,0.9122,0.9144,0.9189,0.9248,0.9315,0.9529,0.9524,0.9538,0.9562,0.9595,0.9632,,M
2171,Weddington Christian Academy,Union,28,,,0,0.919,,,0.9231,0.9643,0.8667,0.9375,0.9231,0.8462,0.8729,0.8718,0.8753,0.8817,0.8898,0.8992,0.9623,0.9619,0.9628,0.9647,0.9674,0.9703,,M
2172,Weddington Elementary,Union,93,,,0,0.9621,,,0.9588,0.939,0.9667,0.9355,0.9733,1,0.9409,0.9404,0.942,0.945,0.9491,0.9537,0.9735,0.9733,0.974,0.9754,0.9772,0.9793,,H
2173,Wesley Chapel Elementary,Union,128,,,0,0.9426,,,0.9495,0.9535,0.955,0.9219,0.9485,0.9315,0.9318,0.9311,0.9329,0.9366,0.9413,0.9465,0.9645,0.9641,0.965,0.967,0.9695,0.9723,,M
2174,Western Union Elementary,Union,91,,,0,0.9177,,,0.9261,0.8333,0.8571,0.9326,0.954,1,0.9035,0.9025,0.9049,0.9097,0.9162,0.9234,0.9472,0.9466,0.9479,0.9507,0.9545,0.9586,,M
2175,Wingate Elementary,Union,61,,,0,0.9818,,,0.9781,0.9811,0.9815,0.9828,0.9836,0.9831,0.9631,0.9626,0.9635,0.9656,0.9682,0.9712,0.9895,0.9894,0.9897,0.9903,0.991,0.9919,,H
2176,Aycock Elementary,Vance,58,,,0,0.9874,,,0.9798,1,0.963,1,1,0.98,0.9635,0.9631,0.9644,0.9663,0.9688,0.9717,0.991,0.9909,0.9912,0.9916,0.9923,0.993,,H
2178,Clarke Elementary,Vance,67,,,0,0.9562,,,0.9509,0.8833,0.9552,0.9841,1,0.9762,0.9277,0.927,0.929,0.9327,0.9376,0.9432,0.97,0.9698,0.9706,0.9721,0.9743,0.9766,,H
2180,Crossroads Christian School,Vance,41,,,0,0.9493,,,0.9492,0.9756,0.8974,0.9394,1,0.9,0.914,0.9136,0.9156,0.9199,0.9258,0.9324,0.9751,0.9749,0.9755,0.9768,0.9785,0.9805,,M
2181,Dabney Elementary,Vance,75,,,0,0.9635,,,0.9596,0.9718,0.92,0.96,0.9818,1,0.9404,0.9399,0.9415,0.9446,0.9488,0.9534,0.9746,0.9743,0.9749,0.9763,0.9782,0.9802,,H
2182,E M Rollins Elementary,Vance,68,,,0,0.9289,,,0.9444,0.8596,0.9811,0.9667,0.8676,0.9778,0.9204,0.92,0.9221,0.9262,0.9319,0.9379,0.9643,0.9641,0.9651,0.9669,0.9695,0.9723,,M
2183,E O Young Jr Elementary,Vance,36,,,0,0.9713,,,0.9631,1,0.9677,0.9355,0.9722,1,0.9365,0.936,0.9376,0.9409,0.9453,0.9502,0.9824,0.9821,0.9826,0.9836,0.9848,0.9863,,H
2184,Henderson Collegiate,Vance,112,,,0,0.871,,,0.8819,0.8952,0.7596,0.8981,0.8661,0.9278,0.8571,0.8558,0.8593,0.866,0.8752,0.8857,0.9049,0.9042,0.9064,0.9112,0.9176,0.9248,,L
2185,Kerr-Vance Academy,Vance,13,,,0,0.9379,,,0.9482,0.75,1,1,0.8889,1,0.8964,0.8958,0.8985,0.9034,0.9101,0.9179,0.9816,0.9815,0.9819,0.983,0.9844,0.9858,,M
2186,L B Yancey Elementary,Vance,36,,,0,0.9914,,,0.9842,1,0.9667,1,1,1,0.9662,0.9659,0.9668,0.9686,0.971,0.9737,0.9952,0.9951,0.9953,0.9956,0.9959,0.9963,,H
2187,New Hope Elementary,Vance,24,,,0,0.9634,,,0.962,1,1,0.8333,1,1,0.9315,0.9307,0.9324,0.9359,0.9407,0.946,0.9842,0.984,0.9844,0.9852,0.9863,0.9876,,H
2188,Pinkston Street Elementary,Vance,45,,,0,0.9571,,,0.9586,0.9091,1,0.9778,1,0.8919,0.9345,0.934,0.9358,0.9393,0.9439,0.9489,0.9774,0.9773,0.9779,0.9791,0.9807,0.9825,,H
2189,Vance Charter School,Vance,64,,,0,0.9841,,,0.9837,0.9844,0.9841,0.9688,0.9841,1,0.971,0.9708,0.9716,0.9732,0.9752,0.9775,0.9926,0.9925,0.9927,0.9932,0.9937,0.9943,,H
2191,Victory Baptist Church School,Vance,4,,,0,0.987,,,0.9666,1,0.9672,0.969,1,1,0.8897,0.8893,0.8924,0.8978,0.9051,0.9134,0.9953,0.9953,0.9954,0.9956,0.996,0.9964,,H
2193,Zeb Vance Elementary,Vance,54,,,0,0.9591,,,0.9627,0.9697,0.9091,0.9444,1,0.9545,0.9393,0.9387,0.9403,0.9435,0.9476,0.9523,0.9799,0.9797,0.9803,0.9815,0.9829,0.9845,,H
2195,Abbotts Creek Elementary,Wake,128,,,0,0.9827,,,0.9798,0.9915,0.9609,1,0.9827,0.9837,0.9684,0.9682,0.9691,0.9708,0.973,0.9755,0.9887,0.9886,0.9889,0.9895,0.9903,0.9912,,H
2196,Adams Elementary,Wake,133,,,0,0.838,,,0.844,0.9843,0.6391,0.8605,0.8638,0.8696,0.8149,0.814,0.8185,0.8272,0.8383,0.8512,0.8702,0.8693,0.8724,0.8786,0.8872,0.8967,,L
2198,Al-Iman School,Wake,29,,,0,0.9599,,,0.9382,0.9643,1,1,0.931,0.9259,0.8998,0.8987,0.9012,0.9062,0.9131,0.9206,0.9685,0.9682,0.969,0.9708,0.973,0.9755,,H
2200,Alston Ridge Elementary,Wake,167,,,0,0.9934,,,0.9929,1,0.9817,0.9934,0.9939,1,0.9864,0.9862,0.9866,0.9874,0.9883,0.9894,0.9971,0.9971,0.9971,0.9973,0.9975,0.9977,,H
2201,Apex Elementary,Wake,120,,,0,0.9698,,,0.9678,0.9529,0.9576,0.9894,0.9831,0.9667,0.9529,0.9525,0.9537,0.9562,0.9594,0.9632,0.98,0.9799,0.9804,0.9815,0.9829,0.9845,,H
2202,Apex Friendship Elementary,Wake,143,,,0,0.9941,,,0.9909,0.986,1,1,,,0.9812,0.9811,0.9816,0.9826,,,0.9971,0.9971,0.9971,0.9973,,,,H
2205,Aversboro Elementary,Wake,68,,,0,0.9554,,,0.9497,0.9104,0.9259,0.9815,1,0.9649,0.9272,0.9267,0.9287,0.9325,0.9374,0.9429,0.969,0.9687,0.9696,0.9711,0.9733,0.9757,,H
2208,Ballentine Elementary,Wake,127,,,0,0.9685,,,0.9633,0.9754,0.96,0.9921,0.9817,0.9358,0.949,0.9486,0.95,0.9527,0.9564,0.9603,0.9753,0.9751,0.9757,0.9771,0.9788,0.9808,,H
2209,Banks Road Elementary,Wake,121,,,0,0.965,,,0.9687,0.95,0.9273,0.9646,0.9835,1,0.9555,0.9552,0.9564,0.9588,0.9619,0.9653,0.9797,0.9795,0.9801,0.9813,0.9827,0.9843,,H
2210,Barton Pond Elementary,Wake,88,,,0,0.9733,,,0.969,0.9459,1,,,,0.9407,0.9403,0.9418,,,,0.9881,0.988,0.9883,,,,,H
2211,Baucom Elementary,Wake,95,,,0,0.9681,,,0.9689,0.987,0.9647,0.9571,0.9487,0.9789,0.9536,0.9532,0.9544,0.9569,0.9602,0.9638,0.9814,0.9812,0.9817,0.9827,0.984,0.9855,,H
2212,Beaverdam Elementary School,Wake,118,,,0,0.9629,,,0.9663,0.9528,0.9789,0.9068,1,0.9787,0.9523,0.9521,0.9534,0.9559,0.9592,0.9629,0.9775,0.9773,0.9779,0.9791,0.9807,0.9824,,H
2213,Brassfield Elementary,Wake,122,,,0,0.9277,,,0.924,0.9529,0.9672,0.8649,0.9062,0.9545,0.9046,0.9038,0.9061,0.9108,0.9173,0.9246,0.9411,0.9407,0.9422,0.9453,0.9493,0.9539,,M
2214,Brentwood Elementary,Wake,70,,,0,0.9133,,,0.9145,0.9688,0.9559,0.8143,0.9048,0.9298,0.8875,0.8867,0.8896,0.8952,0.9027,0.9111,0.9381,0.9376,0.9393,0.9425,0.9468,0.9516,,M
2218,Brooks Elementary,Wake,91,,,0,0.9562,,,0.9487,0.9882,0.9444,0.878,0.978,1,0.9286,0.928,0.9297,0.9333,0.9381,0.9437,0.966,0.9658,0.9667,0.9685,0.9709,0.9735,,H
2220,Buckhorn Creek Elementary,Wake,127,,,0,0.9518,,,0.9508,0.9764,0.976,0.9914,0.8318,0.9725,0.9332,0.933,0.9349,0.9383,0.9429,0.9479,0.966,0.9656,0.9664,0.9683,0.9707,0.9734,,H
2221,Bugg Elementary,Wake,64,,,0,0.9336,,,0.9386,0.875,0.9397,0.9429,1,0.9706,0.9044,0.9039,0.9062,0.911,0.9175,0.9245,0.9652,0.9649,0.9658,0.9677,0.9702,0.9729,,M
2222,Cardinal Charter Acad at Wendell Falls,Wake,136,,,0,0.9452,,,0.9396,0.9437,0.9551,0.9291,0.961,0.9485,0.9167,0.9161,0.9181,0.9224,0.928,0.9343,0.9588,0.9585,0.9596,0.9618,0.9647,0.968,,M
2223,Cardinal Charter Academy,Wake,118,,,0,0.7448,,,0.7702,0.7273,0.4118,0.6341,0.9875,0.9407,0.7342,0.7343,0.7397,0.7506,0.7657,0.7832,0.8035,0.8018,0.8062,0.8151,0.8271,0.8407,,L
2224,Carolina Charter Academy,Wake,120,,,0,0.9169,,,0.9187,0.9677,0.8583,0.8431,0.9515,0.9882,0.8949,0.8941,0.8966,0.9019,0.9088,0.9167,0.9399,0.9393,0.9408,0.9439,0.9481,0.9528,,M
2225,Carpenter Elementary,Wake,103,,,0,0.9862,,,0.9851,1,0.9529,0.9862,0.9903,1,0.9745,0.9743,0.975,0.9764,0.9782,0.9802,0.9929,0.9929,0.9931,0.9935,0.994,0.9945,,H
2226,Carver Elementary,Wake,76,,,0,0.9703,,,0.9607,0.9868,0.9524,0.9821,0.9844,0.9565,0.9405,0.9401,0.9415,0.9447,0.9487,0.9533,0.9767,0.9765,0.9771,0.9784,0.9801,0.9819,,H
2227,Cary Christian School,Wake,63,,,0,0.8772,,,0.8847,0.9074,0.8413,0.8387,0.8889,0.9085,0.8485,0.8475,0.851,0.8584,0.868,0.8791,0.9159,0.9154,0.9175,0.9217,0.9274,0.9337,,L
2228,Cary Elementary,Wake,101,,,0,0.9841,,,0.9787,0.9672,0.9833,0.9803,0.9901,1,0.9625,0.9621,0.9632,0.9652,0.9678,0.9708,0.99,0.99,0.9902,0.9908,0.9915,0.9922,,H
2229,Casa Esperanza Montessori Charter School,Wake,133,,,0,0.9353,,,0.9422,0.9323,0.881,0.9307,0.9595,1,0.9244,0.9237,0.9258,0.9295,0.9348,0.9404,0.9581,0.9577,0.9587,0.9611,0.964,0.9673,,M
2230,Cathedral School,Wake,26,,,0,0.9759,,,0.9774,1,0.9583,0.9231,1,1,0.9542,0.9539,0.9553,0.9576,0.9608,0.9644,0.9919,0.9918,0.992,0.9925,0.993,0.9937,,H
2231,Cedar Fork Elementary,Wake,138,,,0,0.9855,,,0.9857,0.9844,0.9922,0.9533,1,0.9928,0.9771,0.9769,0.9775,0.9788,0.9804,0.9823,0.9924,0.9923,0.9925,0.9929,0.9935,0.9941,,H
2233,Chesterbrook Acad. of Cary,Wake,34,,,0,0.9177,,,0.8858,0.9231,0.8877,0.8933,0.9008,1,0.8258,0.8243,0.828,0.8361,0.8472,0.8596,0.9344,0.934,0.9357,0.9392,0.9438,0.9488,,M
2234,Chesterbrook Acad. of Raleigh,Wake,41,,,0,0.9672,,,0.9581,0.9286,0.9589,0.8824,1,1,0.9164,0.9155,0.9175,0.9218,0.9276,0.934,0.9844,0.9843,0.9847,0.9856,0.9867,0.9879,,H
2235,Children's Discovery Center,Wake,20,,,0,0.737,,,0.739,0.65,0.7427,0.7534,0.768,0.7849,0.602,0.5999,0.6059,0.6196,0.6391,0.6618,0.8564,0.8552,0.8587,0.8656,0.8748,0.8854,,L
2239,Combs Elementary,Wake,124,,,0,0.967,,,0.9656,0.9597,0.97,0.9459,0.9705,0.9911,0.9486,0.9483,0.9497,0.9524,0.9559,0.9599,0.9795,0.9793,0.9799,0.981,0.9824,0.9841,,H
2241,Conn Elementary,Wake,102,,,0,0.9809,,,0.9821,0.9706,0.9529,0.9834,1,1,0.9698,0.9696,0.9703,0.972,0.9741,0.9765,0.9911,0.991,0.9913,0.9918,0.9924,0.9931,,H
2242,Creech Road Elementary,Wake,94,,,0,0.9854,,,0.9861,0.9756,0.9787,0.9871,0.9881,1,0.974,0.974,0.9746,0.9759,0.9778,0.9799,0.9943,0.9942,0.9944,0.9947,0.9951,0.9956,,H
2243,Davis Drive Elementary,Wake,130,,,0,0.9839,,,0.9814,0.9674,0.9897,0.9911,0.9769,1,0.97,0.9697,0.9705,0.9721,0.9743,0.9767,0.9903,0.9901,0.9904,0.991,0.9917,0.9924,,H
2244,Dillard Drive Elementary,Wake,147,,,0,0.9633,,,0.9651,0.9626,0.9344,0.9456,0.9786,1,0.9514,0.9511,0.9523,0.955,0.9584,0.9622,0.9761,0.9759,0.9766,0.9778,0.9795,0.9814,,H
2245,Discovery Child Development Center,Wake,6,,,0,0.9892,,,0.966,1,1,1,0.9708,1,0.8987,0.8973,0.8996,0.9048,0.9118,0.9195,0.9945,0.9944,0.9946,0.9949,0.9953,0.9957,,H
2246,Doral Academy of North Carolina,Wake,114,,,0,0.8025,,,0.8041,0.8214,0.6579,0.9655,,,0.7584,0.7573,0.7623,0.7724,,,0.8458,0.8447,0.8485,0.856,,,,L
2247,Douglas Elementary,Wake,105,,,0,0.9278,,,0.9279,0.9619,0.9524,0.8571,0.9378,0.9318,0.9055,0.9049,0.9072,0.912,0.9184,0.9255,0.9472,0.9467,0.9482,0.951,0.9547,0.9588,,M
2248,Durant Road Elementary,Wake,117,,,0,0.9837,,,0.9758,0.9813,1,0.9823,0.9829,0.9815,0.9633,0.9631,0.9641,0.966,0.9686,0.9715,0.9855,0.9854,0.9858,0.9866,0.9876,0.9888,,H
2249,East Garner Elementary,Wake,100,,,0,0.8301,,,0.8365,0.81,0.7792,0.9143,0.9535,0.6914,0.8009,0.7995,0.8038,0.8131,0.8254,0.8394,0.8682,0.8669,0.87,0.8766,0.8852,0.8949,,L
2250,East Wake Academy,Wake,81,,,0,0.9853,,,0.9861,0.9753,0.975,0.9877,0.9881,1,0.9753,0.9749,0.9756,0.9769,0.9787,0.9807,0.994,0.994,0.9941,0.9945,0.9949,0.9953,,H
2251,Endeavor Charter School,Wake,80,,,0,0.9681,,,0.9694,0.95,0.975,0.95,0.9738,1,0.9512,0.9508,0.9521,0.9547,0.9582,0.9619,0.9834,0.9833,0.9838,0.9848,0.986,0.9873,,H
2252,Envision Science Academy,Wake,72,,,0,0.9886,,,0.9866,0.9861,0.9869,1,0.9722,1,0.9733,0.973,0.9737,0.9752,0.977,0.9791,0.9952,0.9951,0.9952,0.9955,0.9958,0.9962,,H
2255,Farmington Woods Elementary,Wake,108,,,0,0.9905,,,0.9849,1,0.9905,0.9815,0.9871,1,0.9743,0.974,0.9746,0.976,0.9778,0.9798,0.9927,0.9926,0.9928,0.9932,0.9937,0.9943,,H
2257,Follow the Child Montessori School,Wake,96,,,0,0.9691,,,0.9637,1,1,0.9688,1,0.8636,0.9358,0.9355,0.9373,0.9406,0.945,0.9498,0.9832,0.9831,0.9835,0.9844,0.9857,0.987,,H
2258,Forest Pines Drive Elementary,Wake,80,,,0,0.9299,,,0.9305,0.9,0.9104,0.9403,0.9401,0.95,0.9063,0.9056,0.9082,0.913,0.9193,0.9264,0.9516,0.9512,0.9524,0.9548,0.9581,0.9619,,M
2259,Forestville Road Elementary,Wake,105,,,0,0.9926,,,0.991,0.978,1,1,0.9878,1,0.9833,0.9831,0.9836,0.9845,0.9857,0.987,0.9961,0.9961,0.9962,0.9964,0.9967,0.997,,H
2260,Fox Road Elementary,Wake,79,,,0,0.9759,,,0.9708,0.9873,0.9714,0.9729,0.975,0.9773,0.9402,0.9398,0.9412,0.9442,0.9482,0.9528,0.9904,0.9903,0.9905,0.991,0.9917,0.9925,,H
2261,Franciscan Catholic School,Wake,72,,,0,0.9937,,,0.989,1,1,0.9898,0.9825,1,0.9776,0.9774,0.978,0.9792,0.9808,0.9826,0.9963,0.9962,0.9963,0.9965,0.9968,0.9971,,H
2262,Franklin Academy,Wake,120,,,0,0.959,,,0.9551,0.9328,0.925,0.9667,0.9748,1,0.9405,0.9402,0.9417,0.9447,0.9487,0.9533,0.9675,0.9674,0.9682,0.9699,0.9722,0.9748,,H
2263,Friendship Christian School,Wake,20,,,0,0.9186,,,0.9296,0.9333,1,0.85,0.8,1,0.8802,0.8797,0.8826,0.8884,0.8961,0.9051,0.9664,0.9664,0.9672,0.9691,0.9715,0.9741,,M
2264,Fuquay-Varina Elementary,Wake,137,,,0,0.9706,,,0.9657,0.9831,0.9708,0.9333,0.9884,0.988,0.9519,0.9515,0.9528,0.9553,0.9586,0.9624,0.9776,0.9773,0.9779,0.9791,0.9807,0.9825,,H
2265,Grace Christian School,Wake,60,,,0,0.9246,,,0.9195,0.8333,0.95,0.925,0.9623,0.9767,0.8863,0.8854,0.8881,0.8936,0.9011,0.9096,0.947,0.9466,0.9479,0.9507,0.9544,0.9586,,M
2266,Gethsemane Christian SDA Jr. Acad.,Wake,11,,,0,0.6519,,,0.7282,0.3636,0.8333,0.7427,0.7575,0.7747,0.5428,0.5416,0.5491,0.5634,0.5834,0.6074,0.8747,0.874,0.8772,0.8836,0.8918,0.901,,L
2268,Green Elementary,Wake,105,,,0,0.8485,,,0.8675,0.9674,0.8415,0.8762,0.7238,0.8293,0.8378,0.8366,0.8405,0.8482,0.8585,0.8701,0.8953,0.8943,0.8968,0.902,0.909,0.9169,,L
2269,Green Hope Elementary,Wake,99,,,0,0.9906,,,0.9878,1,0.9798,0.9887,0.9896,1,0.9772,0.9771,0.9777,0.9789,0.9805,0.9823,0.9949,0.9949,0.9951,0.9954,0.9957,0.9961,,H
2271,Harris Creek Elementary,Wake,148,,,0,0.9775,,,0.9751,0.958,0.9744,0.9658,0.9865,1,0.9632,0.9628,0.9638,0.9657,0.9683,0.9712,0.9846,0.9844,0.9848,0.9857,0.9868,0.9881,,H
2273,Herbert Akins Rd Elementary,Wake,163,,,0,0.9585,,,0.9568,0.9632,0.9689,0.9387,0.9416,0.9855,0.9437,0.9432,0.9447,0.9476,0.9515,0.9558,0.9683,0.9681,0.969,0.9708,0.973,0.9755,,H
2274,Heritage Christian Academy,Wake,12,,,0,0.9285,,,0.9044,0.8333,0.8889,0.875,1,1,0.8254,0.8242,0.8279,0.8356,0.8463,0.8587,0.961,0.9607,0.9617,0.9638,0.9665,0.9696,,M
2276,Heritage Elementary,Wake,102,,,0,0.9401,,,0.9317,0.9872,0.8831,0.9333,0.9608,0.9375,0.9086,0.9077,0.91,0.9148,0.921,0.928,0.9523,0.9519,0.9531,0.9557,0.9591,0.9628,,M
2278,Word of God Christian Academy,Wake,24,,,0,0.6174,,,0.5742,0.7083,0.5789,0.5929,0.6123,0.6353,0.473,0.4696,0.4771,0.4909,0.5115,0.5363,0.6759,0.6741,0.6796,0.6927,0.7102,0.7303,,L
2282,Hilburn Drive Academy,Wake,71,,,0,0.9721,,,0.9736,1,0.9818,0.9394,0.9859,0.9538,0.9575,0.9571,0.9582,0.9605,0.9635,0.9669,0.9858,0.9856,0.986,0.9867,0.9877,0.9889,,H
2283,Hilltop Christian School,Wake,35,,,0,0.835,,,0.8511,0.7429,0.7143,0.8606,0.8701,1,0.7892,0.7881,0.7927,0.8022,0.815,0.8294,0.9024,0.9016,0.9041,0.909,0.9156,0.9229,,L
2284,Hodge Road Elementary,Wake,100,,,0,0.9868,,,0.9848,0.9773,0.9851,0.9859,0.99,1,0.9704,0.9702,0.971,0.9726,0.9747,0.9771,0.9942,0.9942,0.9943,0.9946,0.995,0.9955,,H
2286,Holly Ridge Elementary,Wake,122,,,0,0.9713,,,0.9554,1,0.9596,0.959,0.9587,1,0.9396,0.9392,0.9408,0.9439,0.948,0.9527,0.9691,0.9688,0.9697,0.9713,0.9735,0.976,,H
2287,Holly Springs Elementary,Wake,165,,,0,0.9696,,,0.9608,0.9492,0.9624,0.9879,0.965,0.9851,0.9469,0.9465,0.9479,0.9506,0.9543,0.9583,0.9728,0.9725,0.9732,0.9747,0.9766,0.9788,,H
2288,Hortons Creek Elementary,Wake,133,,,0,0.9208,,,0.9137,0.9167,0.9231,0.9196,0.8926,0.9549,0.8914,0.8906,0.8934,0.8988,0.906,0.9141,0.9346,0.934,0.9356,0.939,0.9436,0.9486,,M
2289,Hunter Elementary,Wake,112,,,0,0.9789,,,0.9759,1,0.9643,0.9651,0.9898,0.9792,0.9635,0.9632,0.9643,0.9662,0.9688,0.9717,0.9857,0.9857,0.986,0.9868,0.9878,0.9889,,H
2290,York Elementary,Wake,104,,,0,0.9725,,,0.9762,0.9904,1,0.9759,0.9877,0.8933,0.9626,0.9622,0.9632,0.9652,0.9678,0.9707,0.9865,0.9865,0.9868,0.9875,0.9885,0.9896,,H
2292,Jones Dairy Elementary,Wake,84,,,0,0.9869,,,0.9839,1,0.9861,0.9625,0.9881,1,0.9727,0.9724,0.9731,0.9745,0.9765,0.9787,0.9923,0.9923,0.9925,0.9929,0.9934,0.994,,H
2293,Joyner Elementary,Wake,99,,,0,0.9579,,,0.9543,0.9697,0.9552,0.9615,0.9467,0.9577,0.9355,0.9351,0.9369,0.9403,0.9447,0.9497,0.97,0.9696,0.9703,0.9719,0.9741,0.9764,,H
2296,Kingswood Elementary,Wake,74,,,0,0.9368,,,0.9523,0.9385,0.9355,0.9865,0.9595,0.8246,0.9313,0.9308,0.9325,0.9361,0.941,0.9463,0.9698,0.9695,0.9703,0.972,0.9741,0.9765,,M
2298,Knightdale Elementary,Wake,92,,,0,0.96,,,0.9601,0.9737,0.9634,0.9615,0.9722,0.9348,0.943,0.9426,0.9441,0.9471,0.9511,0.9555,0.9743,0.9741,0.9748,0.9763,0.9781,0.9801,,H
2300,L'ecole-French School,Wake,13,,,0,0.866,,,0.8921,0.7692,0.8939,1,,,0.7584,0.7572,0.7628,0.7737,,,0.9717,0.9715,0.9723,0.9738,,,,L
2301,Lacy Elementary,Wake,121,,,0,0.9812,,,0.9791,0.991,1,0.9669,0.9821,0.9667,0.968,0.9679,0.9688,0.9705,0.9728,0.9752,0.988,0.9879,0.9882,0.9889,0.9897,0.9907,,H
2302,Lake Myra Elementary,Wake,126,,,0,0.9829,,,0.9808,0.9921,0.9826,1,0.9474,1,0.97,0.9698,0.9706,0.9723,0.9745,0.9768,0.9891,0.989,0.9892,0.9898,0.9906,0.9915,,H
2303,Laurel Park Elementary,Wake,123,,,0,0.9871,,,0.9847,0.9759,0.9899,1,0.9869,0.9837,0.9739,0.9736,0.9743,0.9758,0.9777,0.9797,0.9922,0.9922,0.9924,0.9928,0.9934,0.994,,H
2304,Lead Mine Elementary,Wake,73,,,0,0.9537,,,0.9431,0.9322,0.9831,0.9444,0.9859,0.9315,0.9202,0.9197,0.9218,0.9258,0.9313,0.9373,0.963,0.9628,0.9637,0.9657,0.9683,0.9712,,H
2305,Learn with the Best School,Wake,2,,,0,0.7707,,,0.86,0,0.8622,1,0.8771,0.8868,0.64,0.6383,0.6449,0.6583,0.6765,0.6978,0.9738,0.9733,0.9741,0.9755,0.9774,0.9795,,L
2307,Leesville Road Elementary,Wake,104,,,0,0.9394,,,0.9251,0.9886,0.8667,0.9195,0.9904,0.9271,0.9057,0.9047,0.9071,0.9119,0.9182,0.9253,0.9427,0.9422,0.9437,0.9467,0.9507,0.9551,,M
2308,Lincoln Heights Elementary,Wake,106,,,0,0.9656,,,0.9574,0.9773,0.9175,0.9623,0.981,1,0.9402,0.9398,0.9415,0.9446,0.9487,0.9533,0.9717,0.9714,0.9722,0.9738,0.9757,0.978,,H
2309,Lockhart Elementary,Wake,78,,,0,0.9056,,,0.925,0.913,0.7778,0.931,0.9103,0.9545,0.9008,0.9002,0.9025,0.9075,0.9141,0.9215,0.9458,0.9452,0.9465,0.9494,0.9532,0.9574,,M
2312,Lynn Road Elementary School,Wake,94,,,0,0.9529,,,0.9567,0.987,0.9341,0.8966,0.9894,0.956,0.94,0.9395,0.941,0.944,0.9481,0.9528,0.9713,0.971,0.9719,0.9734,0.9754,0.9777,,H
2313,Madinah Quran Academy,Wake,4,,,0,0.6934,,,0.8302,0.25,1,,,,0.605,0.6047,0.613,,,,0.9589,0.9585,0.9596,,,,,L
2315,Middle Creek Elementary,Wake,111,,,0,0.9782,,,0.9739,1,0.9279,0.9909,0.9802,1,0.9605,0.9602,0.9612,0.9633,0.9661,0.9692,0.9847,0.9845,0.9849,0.9857,0.9868,0.9881,,H
2316,Millbrook Elementary,Wake,104,,,0,0.9448,,,0.9545,0.9615,0.9529,0.8472,0.9888,0.9394,0.9365,0.9362,0.9379,0.9412,0.9456,0.9504,0.9693,0.9691,0.9699,0.9716,0.9738,0.9762,,M
2317,Mills Park Elementary,Wake,106,,,0,0.992,,,0.9866,0.9726,1,0.988,1,1,0.977,0.9768,0.9774,0.9786,0.9803,0.9821,0.9938,0.9937,0.9939,0.9942,0.9947,0.9951,,H
2318,Montessori School of Raleigh,Wake,46,,,0,0.9507,,,0.9565,0.9167,0.9348,0.9412,0.9626,1,0.9265,0.9259,0.9279,0.9315,0.9364,0.9422,0.9788,0.9786,0.9791,0.9802,0.9817,0.9834,,H
2319,Morrisville Elementary,Wake,115,,,0,0.9625,,,0.9635,0.9574,0.9478,0.9662,0.9687,0.9716,0.9458,0.9453,0.9467,0.9495,0.9532,0.9574,0.9785,0.9784,0.979,0.9801,0.9816,0.9833,,H
2320,Neuse Christian Academy,Wake,32,,,0,0.9059,,,0.8986,0.9375,0.8438,0.9091,0.96,0.8947,0.8474,0.8467,0.8505,0.8576,0.8674,0.8785,0.9397,0.939,0.9404,0.9437,0.9479,0.9526,,M
2321,North Forest Pines Elementary,Wake,92,,,0,0.9581,,,0.9561,0.9885,0.9457,0.9425,0.9348,0.9868,0.9385,0.9378,0.9394,0.9426,0.9468,0.9516,0.971,0.9707,0.9715,0.9731,0.9752,0.9775,,H
2322,North Raleigh Christian Academy,Wake,100,,,0,0.8841,,,0.9002,0.84,0.92,0.8878,0.92,0.825,0.8761,0.8749,0.878,0.8839,0.892,0.9013,0.9223,0.9219,0.9238,0.9278,0.933,0.939,,L
2323,North Ridge Elementary,Wake,118,,,0,0.9667,,,0.954,1,0.9658,0.9573,0.9605,0.9641,0.9333,0.9328,0.9346,0.9381,0.9427,0.9477,0.9712,0.971,0.9718,0.9734,0.9754,0.9777,,H
2324,Northwoods Elementary,Wake,123,,,0,0.952,,,0.9562,1,0.8681,0.9915,0.9624,0.9268,0.9393,0.939,0.9406,0.9438,0.948,0.9526,0.9706,0.9704,0.9712,0.9728,0.9748,0.9771,,H
2325,Oak City Academy,Wake,43,,,0,0.7365,,,0.7178,0.6047,0.7568,0.8667,0.8621,0.6774,0.6518,0.6493,0.6552,0.6686,0.6869,0.7079,0.778,0.7769,0.7815,0.7914,0.8044,0.8194,,L
2326,Oak Grove Elementary,Wake,104,,,0,0.9784,,,0.9772,0.9783,0.9877,0.949,0.9808,1,0.9643,0.964,0.9651,0.967,0.9695,0.9723,0.9871,0.9871,0.9875,0.9881,0.989,0.99,,H
2327,Oakview Elementary,Wake,162,,,0,0.9745,,,0.9728,0.9823,0.9753,0.9747,0.9853,0.9583,0.9614,0.9612,0.9623,0.9644,0.9672,0.9702,0.9823,0.9821,0.9826,0.9836,0.9848,0.9862,,H
2328,Olds Elementary,Wake,55,,,0,0.9735,,,0.9765,0.9333,0.95,1,0.9799,0.9818,0.9566,0.9564,0.9575,0.9598,0.9628,0.9662,0.99,0.99,0.9902,0.9908,0.9915,0.9923,,H
2329,Olive Chapel Elementary,Wake,171,,,0,0.9928,,,0.9871,0.9941,0.994,0.9942,0.9873,1,0.9798,0.9797,0.9803,0.9814,0.9828,0.9844,0.9928,0.9927,0.9929,0.9933,0.9939,0.9944,,H
2331,Our Lady of Lourdes Catholic Sch,Wake,43,,,0,0.9689,,,0.9713,1,0.907,0.9734,0.9767,1,0.9474,0.947,0.9484,0.9511,0.9548,0.9589,0.988,0.9879,0.9882,0.9889,0.9897,0.9907,,H
2333,Parkside Elementary,Wake,153,,,0,0.9877,,,0.9683,0.9802,1,0.9795,0.9935,1,0.9544,0.9542,0.9553,0.9578,0.961,0.9645,0.9795,0.9794,0.9799,0.981,0.9825,0.9841,,H
2334,Partnership Elementary,Wake,46,,,0,0.9699,,,0.9708,0.9412,0.9744,0.9444,0.9767,1,0.9485,0.9482,0.9496,0.9524,0.956,0.9601,0.9862,0.986,0.9864,0.9872,0.9882,0.9893,,H
2336,Peak Charter Academy,Wake,94,,,0,0.9628,,,0.9523,0.9385,0.9318,0.9651,0.9775,1,0.9317,0.9312,0.933,0.9365,0.9411,0.9464,0.9693,0.969,0.9699,0.9714,0.9736,0.976,,H
2337,Penny Road Elementary,Wake,80,,,0,0.9826,,,0.9774,0.9737,0.9779,0.9791,0.9875,1,0.961,0.9606,0.9615,0.9637,0.9664,0.9695,0.9894,0.9893,0.9896,0.9902,0.9909,0.9917,,H
2338,Pine Springs Preparatory Academy,Wake,124,,,0,0.9584,,,0.9527,0.9435,0.9593,1,0.9516,0.9394,0.9353,0.9348,0.9365,0.9399,0.9444,0.9493,0.9671,0.9669,0.9678,0.9695,0.9718,0.9744,,H
2339,Pleasant Grove Elementary,Wake,105,,,0,0.9889,,,0.9847,1,0.977,0.9858,0.9869,1,0.9715,0.9714,0.9723,0.9738,0.9758,0.978,0.9937,0.9936,0.9938,0.9941,0.9945,0.995,,H
2340,Pleasant Union Elementary,Wake,108,,,0,0.9769,,,0.9682,0.9756,0.9778,0.9892,0.963,0.9891,0.9542,0.9538,0.9551,0.9576,0.9608,0.9643,0.9801,0.9799,0.9805,0.9815,0.983,0.9846,,H
2341,Poe Elementary,Wake,67,,,0,0.9712,,,0.9703,0.9701,0.9811,0.9574,0.95,1,0.9515,0.9511,0.9524,0.955,0.9584,0.9621,0.9845,0.9844,0.9848,0.9857,0.9868,0.988,,H
2342,Powell Elementary,Wake,58,,,0,0.9738,,,0.9718,0.9483,0.9723,1,0.9535,1,0.9512,0.9506,0.9519,0.9545,0.9579,0.9617,0.9872,0.987,0.9873,0.988,0.9889,0.99,,H
2343,PreEminent Charter,Wake,101,,,0,0.8896,,,0.8683,0.9574,0.9355,0.802,0.95,0.8317,0.8367,0.8356,0.8397,0.8472,0.8577,0.8693,0.8964,0.8955,0.898,0.9032,0.9101,0.9178,,L
2346,Quest Academy,Wake,16,,,0,0.9864,,,0.9816,0.9375,1,1,1,1,0.9578,0.9573,0.9583,0.9607,0.9636,0.967,0.9949,0.9949,0.995,0.9953,0.9957,0.9961,,H
2347,River Bend Elementary,Wake,136,,,0,0.9596,,,0.9306,0.9754,0.9273,0.9796,0.9632,0.9828,0.9128,0.9119,0.9142,0.9186,0.9246,0.9313,0.947,0.9466,0.948,0.9508,0.9545,0.9586,,H
2348,Raleigh Christian Academy,Wake,36,,,0,0.9059,,,0.9257,0.8611,0.8929,0.9143,0.9062,0.9416,0.8866,0.8863,0.8891,0.8946,0.9019,0.9104,0.9568,0.9564,0.9575,0.9598,0.9628,0.9662,,M
2349,Raleigh Oak Charter School,Wake,63,,,0,0.8564,,,0.8699,0.7826,0.8721,0.8784,0.8868,0.8413,0.813,0.8111,0.8152,0.8238,0.8353,0.8485,0.9177,0.9169,0.9191,0.9231,0.9288,0.9351,,L
2350,Raleigh SDA School,Wake,14,,,0,0.8104,,,0.8059,0.4545,0.9286,0.8889,1,0.75,0.7005,0.699,0.7043,0.7163,0.7323,0.7513,0.8922,0.8917,0.8945,0.8999,0.9071,0.9151,,L
2351,Raleigh School,Wake,46,,,0,0.9814,,,0.9792,0.9756,0.9333,1,1,1,0.9621,0.9617,0.9629,0.9648,0.9675,0.9705,0.9915,0.9915,0.9917,0.9921,0.9927,0.9934,,H
2352,Rand Road Elementary,Wake,78,,,0,0.9343,,,0.932,0.9623,0.9138,0.8793,0.9744,0.9322,0.9068,0.9063,0.9086,0.9132,0.9196,0.9266,0.9538,0.9533,0.9546,0.957,0.9603,0.9639,,M
2353,Ravenscroft School,Wake,65,,,0,0.9575,,,0.9581,0.9683,0.9846,0.9611,0.8769,1,0.9346,0.934,0.9359,0.9394,0.9438,0.9489,0.9763,0.9761,0.9768,0.9781,0.9798,0.9817,,H
2357,Resurrection Lutheran School,Wake,25,,,0,0.9437,,,0.9238,0.9167,0.875,0.875,1,1,0.8714,0.8704,0.8736,0.8798,0.8881,0.8976,0.9636,0.9632,0.9642,0.9661,0.9686,0.9714,,M
2360,Rogers Lane Elementary,Wake,128,,,0,0.8969,,,0.911,0.9453,0.9608,0.8381,0.9752,0.7458,0.8895,0.8888,0.8917,0.897,0.9043,0.9126,0.9302,0.9296,0.9313,0.9349,0.9397,0.9451,,L
2361,Rolesville Charter Academy,Wake,103,,,0,0.9783,,,0.9712,0.9634,1,0.9487,0.9778,1,0.9553,0.955,0.9564,0.9587,0.9619,0.9654,0.9839,0.9837,0.9841,0.985,0.9861,0.9874,,H
2362,Rolesville Elementary,Wake,92,,,0,0.9234,,,0.9265,0.9551,0.8421,0.8841,0.9467,0.9674,0.9043,0.9037,0.9061,0.9112,0.9175,0.9246,0.9456,0.9451,0.9468,0.9496,0.9534,0.9577,,M
2363,Root Elementary,Wake,76,,,0,0.9853,,,0.9768,1,0.9737,0.9785,0.9821,1,0.9604,0.96,0.961,0.9632,0.966,0.9691,0.9886,0.9885,0.9888,0.9894,0.9902,0.9911,,H
2364,St. Michael the Archangel Cath Sch,Wake,50,,,0,0.9908,,,0.9883,0.9783,1,0.9756,1,1,0.9752,0.9749,0.9756,0.9769,0.9786,0.9806,0.9961,0.9961,0.9962,0.9964,0.9967,0.997,,H
2367,Sanford Creek Elementary,Wake,98,,,0,0.9694,,,0.965,0.9639,0.963,0.9759,0.949,1,0.9498,0.9495,0.9509,0.9535,0.9571,0.9609,0.9773,0.9771,0.9777,0.979,0.9806,0.9824,,H
2369,Scotts Ridge Elementary,Wake,131,,,0,0.9883,,,0.9838,0.9847,0.991,0.9888,0.9831,1,0.9736,0.9733,0.9741,0.9755,0.9774,0.9794,0.9916,0.9915,0.9917,0.9921,0.9927,0.9934,,H
2370,Smith Elementary,Wake,110,,,0,0.94,,,0.938,0.9727,0.9592,0.9231,0.878,0.9605,0.918,0.9172,0.9193,0.9234,0.9291,0.9354,0.9555,0.9552,0.9564,0.9587,0.9618,0.9652,,M
2372,South Lakes Elementary School,Wake,108,,,0,0.9612,,,0.9583,0.9722,0.959,0.9612,0.9792,0.9355,0.9322,0.9313,0.933,0.9365,0.9413,0.9465,0.9781,0.9779,0.9786,0.9797,0.9813,0.983,,H
2373,Southeast Raleigh Elementary,Wake,81,,,0,0.95,,,0.9462,0.9057,0.9649,0.95,1,0.9259,0.9165,0.9157,0.9179,0.9222,0.9278,0.9341,0.9693,0.9689,0.9697,0.9714,0.9736,0.9761,,M
2374,St. David's School,Wake,47,,,0,0.9767,,,0.9775,0.9574,0.9535,0.9773,1,1,0.9571,0.9566,0.9577,0.9601,0.9631,0.9665,0.9908,0.9907,0.991,0.9915,0.9921,0.9929,,H
2377,St. Mary Magdalene Catholic Sch,Wake,52,,,0,0.9948,,,0.9911,0.9808,1,1,1,1,0.9807,0.9805,0.981,0.9821,0.9835,0.985,0.9974,0.9974,0.9974,0.9976,0.9978,0.9979,,H
2380,St. Timothy's School,Wake,54,,,0,0.9915,,,0.9884,0.9804,0.9815,1,1,1,0.976,0.9758,0.9764,0.9778,0.9795,0.9814,0.9962,0.9961,0.9963,0.9965,0.9967,0.997,,H
2381,Sterling Montessori Academy,Wake,77,,,0,0.9649,,,0.9641,0.9351,0.9648,0.9583,0.9692,1,0.9419,0.9417,0.9432,0.9462,0.9502,0.9547,0.9813,0.9811,0.9816,0.9826,0.984,0.9855,,H
2383,Sure Promise Christian Academy,Wake,4,,,0,0.9868,,,0.9603,1,1,,,,0.8717,0.8703,0.8738,,,,0.9943,0.9943,0.9944,,,,,H
2384,Swift Creek Elementary,Wake,78,,,0,0.9605,,,0.9605,0.9608,0.8947,0.9633,0.9744,1,0.9394,0.9393,0.941,0.9442,0.9483,0.9529,0.9779,0.9777,0.9782,0.9794,0.981,0.9828,,H
2385,Sycamore Creek Elementary,Wake,159,,,0,0.9927,,,0.9883,0.9919,0.9845,0.9891,1,1,0.9808,0.9806,0.9811,0.9822,0.9835,0.985,0.9938,0.9938,0.994,0.9943,0.9947,0.9952,,H
2388,Thales Academy - Knightdale,Wake,96,,,0,0.9318,,,0.9146,0.9861,0.9178,0.9167,0.8333,1,0.8885,0.8875,0.8905,0.8961,0.9034,0.9117,0.9372,0.9366,0.9382,0.9416,0.9461,0.9509,,M
2389,Thales Academy of Wake Forest,Wake,120,,,0,0.884,,,0.8713,0.9496,0.8621,0.85,0.8882,0.8824,0.8423,0.8413,0.8453,0.8529,0.8628,0.874,0.8981,0.8973,0.9001,0.9051,0.9117,0.9194,,L
2392,Thales Academy of Apex,Wake,92,,,0,0.9832,,,0.9559,1,0.9722,0.9674,1,1,0.9345,0.9339,0.9355,0.9388,0.9433,0.9484,0.9731,0.9728,0.9735,0.975,0.977,0.9791,,H
2393,Thales Academy of Cary,Wake,96,,,0,0.9498,,,0.9484,0.9643,0.9375,0.956,0.9429,,0.9221,0.9217,0.9236,0.9275,0.9329,,0.9695,0.9693,0.97,0.9717,0.9739,,,M
2394,The Ethos School,Wake,3,,,0,0.9859,,,0.9576,1,1,,,,0.8596,0.8585,0.8613,,,,0.9941,0.9941,0.9942,,,,,H
2395,The Exploris School,Wake,34,,,0,0.9806,,,0.9777,0.9355,1,1,0.9706,1,0.9564,0.956,0.9572,0.9595,0.9625,0.9659,0.9915,0.9914,0.9916,0.9921,0.9927,0.9934,,H
2396,The Math and Science Academy of Apex,Wake,85,,,0,0.9952,,,0.9879,1,1,,,,0.9695,0.9693,0.9702,,,,0.9971,0.9971,0.9972,,,,,H
2400,Timber Drive Elementary,Wake,84,,,0,0.9679,,,0.9686,0.9643,0.8868,0.9881,0.9828,1,0.9504,0.9501,0.9513,0.954,0.9575,0.9613,0.9829,0.9827,0.9832,0.9841,0.9853,0.9867,,H
2402,Triangle Math and Science Academy,Wake,139,,,0,0.9856,,,0.9852,0.9712,0.9811,1,0.9874,1,0.9744,0.9742,0.9749,0.9762,0.9781,0.9801,0.9933,0.9933,0.9935,0.9938,0.9943,0.9948,,H
2406,Turner Creek Elementary,Wake,120,,,0,0.9832,,,0.9782,0.9744,0.9786,0.9797,0.9813,1,0.9622,0.9619,0.9629,0.9649,0.9675,0.9705,0.9897,0.9896,0.9899,0.9904,0.9912,0.992,,H
2409,Vance Elementary,Wake,78,,,0,0.9768,,,0.9763,0.9872,0.9583,0.9855,0.9589,1,0.962,0.9616,0.9625,0.9645,0.9672,0.9702,0.9872,0.9872,0.9875,0.9882,0.9891,0.9901,,H
2410,Vandora Springs Elementary,Wake,103,,,0,0.9404,,,0.9435,0.9515,0.8876,0.9167,0.9867,0.9625,0.9229,0.9221,0.9241,0.9282,0.9336,0.9394,0.961,0.9606,0.9617,0.9638,0.9665,0.9695,,M
2412,WLH Ready Road JumpStart Prep,Wake,7,,,0,0.9913,,,0.9623,1,1,,,,0.8763,0.8757,0.8789,,,,0.9945,0.9944,0.9945,,,,,H
2414,Wake Christian Academy,Wake,66,,,0,0.9124,,,0.9215,0.8667,0.8939,0.9231,0.9322,0.9423,0.8926,0.8921,0.8946,0.8998,0.9069,0.9149,0.9456,0.9452,0.9467,0.9494,0.9532,0.9575,,M
2415,Wake Forest Charter Academy,Wake,90,,,0,0.8611,,,0.8638,0.9231,0.8333,0.8701,0.7558,0.9222,0.8314,0.8306,0.8344,0.8423,0.8528,0.8648,0.8939,0.8932,0.8958,0.9011,0.9082,0.9162,,L
2416,Wake Forest Elementary,Wake,78,,,0,0.9629,,,0.9616,0.9487,0.9848,0.9434,0.9831,0.9535,0.9428,0.9425,0.9439,0.9469,0.9508,0.9552,0.977,0.9768,0.9774,0.9787,0.9803,0.9821,,H
2418,Wakefield Elementary,Wake,86,,,0,0.9422,,,0.9389,0.9494,0.9167,0.9861,0.9419,0.9259,0.9175,0.9168,0.9189,0.9231,0.9287,0.935,0.9575,0.957,0.958,0.9603,0.9633,0.9667,,M
2420,Walnut Creek Elementary,Wake,90,,,0,0.631,,,0.6561,0.8154,0.6444,0.6734,0.6911,0.3563,0.6126,0.6114,0.6181,0.6316,0.6502,0.6724,0.6978,0.6957,0.7011,0.7128,0.7292,0.7484,,L
2421,Washington Elementary,Wake,91,,,0,0.9753,,,0.9775,0.978,0.9846,0.9792,0.96,0.9726,0.9608,0.9606,0.9617,0.9637,0.9664,0.9695,0.9896,0.9895,0.9898,0.9904,0.9911,0.9919,,H
2422,Weatherstone Elementary,Wake,140,,,0,0.9422,,,0.9396,0.9211,0.9174,0.9439,0.9714,0.9527,0.918,0.9174,0.9195,0.9237,0.9293,0.9355,0.958,0.9575,0.9586,0.9609,0.9639,0.9672,,M
2423,Wendell Elementary,Wake,84,,,0,0.9566,,,0.9517,0.9286,0.9605,0.9286,1,0.9796,0.9305,0.9301,0.9319,0.9355,0.9403,0.9456,0.9693,0.969,0.9699,0.9715,0.9736,0.9761,,H
2425,White Oak Elementary School,Wake,116,,,0,0.9857,,,0.9776,0.9914,0.978,0.9792,0.9903,1,0.9623,0.9619,0.963,0.965,0.9676,0.9706,0.9891,0.989,0.9893,0.9899,0.9907,0.9916,,H
2427,Wildwood Forest Elementary,Wake,115,,,0,0.9735,,,0.9649,1,0.9882,0.9674,0.9699,0.9565,0.9475,0.9471,0.9486,0.9513,0.9549,0.9591,0.9789,0.9788,0.9793,0.9805,0.982,0.9836,,H
2428,Wiley Elementary,Wake,75,,,0,0.9853,,,0.9784,1,1,0.98,0.9672,0.9844,0.9624,0.9621,0.9631,0.9651,0.9678,0.9708,0.9899,0.9898,0.99,0.9906,0.9913,0.9921,,H
2429,Willow Springs Elementary,Wake,137,,,0,0.9693,,,0.9639,0.9744,0.927,0.982,0.9917,0.9888,0.9503,0.9498,0.951,0.9537,0.9572,0.961,0.9753,0.9751,0.9758,0.9771,0.9789,0.9808,,H
2430,Woodmeadows Montessori,Wake,8,,,0,0.8734,,,0.9077,1,0,0.9138,0.75,,0.7726,0.7718,0.7766,0.7865,0.7997,,0.9786,0.9785,0.979,0.9802,0.9817,,,L
2432,Yates Mill Elementary,Wake,82,,,0,0.9934,,,0.9896,1,0.9898,0.9904,0.9911,1,0.978,0.9779,0.9785,0.9796,0.9812,0.9829,0.9966,0.9966,0.9966,0.9968,0.9971,0.9973,,H
2433,Zebulon Elementary,Wake,105,,,0,0.8171,,,0.844,0.9048,0.8466,0.8539,0.8638,0.5139,0.808,0.8068,0.8116,0.8205,0.8323,0.8457,0.8774,0.8764,0.8796,0.8858,0.8938,0.9027,,L
2435,Mariam Boyd Elementary,Warren,54,,,0,0.9862,,,0.9835,0.9688,0.9783,0.9783,1,1,0.9687,0.9683,0.9691,0.9709,0.9731,0.9756,0.9939,0.9938,0.994,0.9943,0.9947,0.9952,,H
2436,Norlina Christian School,Warren,3,,,0,0.9829,,,0.9686,1,0.9692,0.9708,1,1,0.9043,0.9039,0.9065,0.9113,0.9177,0.9249,0.9951,0.995,0.9952,0.9954,0.9958,0.9962,,H
2437,Northside Elementary,Warren,48,,,0,0.9687,,,0.9739,1,0.9792,0.9149,0.9722,0.9773,0.9558,0.9555,0.9566,0.9591,0.9621,0.9655,0.9871,0.9869,0.9873,0.988,0.9889,0.9899,,H
2442,Pocosin Innovative Charter,Washington,39,,,0,0.9963,,,0.9876,1,1,1,0.9894,1,0.968,0.9677,0.9687,0.9705,0.9727,0.9752,0.9974,0.9974,0.9974,0.9976,0.9978,0.998,,H
2443,Bethel Elementary,Watauga,16,,,0,0.9638,,,0.963,1,0.875,1,0.9683,1,0.9214,0.9204,0.923,0.9272,0.9326,0.9385,0.9884,0.9884,0.9886,0.9892,0.9901,0.991,,H
2444,Blowing Rock Elementary,Watauga,52,,,0,0.9679,,,0.9716,0.9211,0.9796,0.9565,1,0.9655,0.9515,0.9511,0.9526,0.9551,0.9585,0.9622,0.9861,0.986,0.9863,0.9871,0.9881,0.9893,,H
2445,Cove Creek Elementary,Watauga,39,,,0,0.9788,,,0.9796,1,0.9394,0.9714,0.9825,1,0.9573,0.9571,0.9582,0.9604,0.9634,0.9668,0.9933,0.9932,0.9934,0.9938,0.9943,0.9948,,H
2446,Grace Academy,Watauga,28,,,0,0.7779,,,0.7966,0.64,0.7407,0.75,0.875,0.9,0.7289,0.7277,0.7332,0.7445,0.7597,0.7775,0.8566,0.8553,0.8585,0.8655,0.8747,0.8853,,L
2448,Green Valley Elementary,Watauga,32,,,0,0.978,,,0.9693,1,1,0.8966,1,1,0.9442,0.9441,0.9455,0.9484,0.9522,0.9565,0.9869,0.9867,0.9871,0.9878,0.9888,0.9898,,H
2449,Hardin Park Elementary,Watauga,90,,,0,0.9531,,,0.955,0.9091,0.9444,0.9663,0.9589,0.988,0.9381,0.9376,0.9392,0.9424,0.9467,0.9514,0.9694,0.9692,0.97,0.9716,0.9738,0.9762,,H
2450,Mabel Elementary,Watauga,19,,,0,0.9733,,,0.9763,0.9333,0.9444,1,0.9797,1,0.9471,0.9469,0.9481,0.951,0.9546,0.9587,0.9932,0.9932,0.9934,0.9938,0.9943,0.9948,,H
2452,Parkway Elementary,Watauga,70,,,0,0.9836,,,0.9821,0.9783,0.9821,0.9857,0.9847,0.9861,0.9646,0.9643,0.9653,0.9672,0.9696,0.9724,0.9935,0.9934,0.9936,0.9939,0.9944,0.9949,,H
2453,Two Rivers Community School,Watauga,21,,,0,0.7422,,,0.7789,0.7,0.8,0.4762,0.8049,0.9444,0.6968,0.6956,0.7013,0.7136,0.7302,0.7493,0.851,0.8501,0.8539,0.8609,0.8703,0.8811,,L
2454,Valle Crucis Elementary,Watauga,40,,,0,0.9865,,,0.981,0.9667,0.9697,1,1,1,0.9622,0.9619,0.9629,0.9649,0.9675,0.9705,0.9933,0.9932,0.9934,0.9937,0.9942,0.9948,,H
2455,Brogden Primary,Wayne,162,,,0,0.9932,,,0.9873,0.9935,0.9919,0.9931,0.9938,1,0.9796,0.9794,0.98,0.9811,0.9826,0.9842,0.9931,0.993,0.9932,0.9936,0.994,0.9946,,H
2456,Carver Elementary,Wayne,131,,,0,0.9629,,,0.9547,0.9615,0.9375,0.9542,0.9896,0.9891,0.9373,0.9368,0.9385,0.9418,0.9461,0.9509,0.9692,0.9689,0.9697,0.9714,0.9735,0.976,,H
2458,Children's House Montessori Sch,Wayne,5,,,0,0.9131,,,0.8607,1,0.863,1,0.8781,0.8879,0.6882,0.6867,0.6917,0.7044,0.7207,0.7403,0.9633,0.9631,0.9641,0.9661,0.9686,0.9716,,M
2459,Dillard Academy,Wayne,26,,,0,0.9284,,,0.9453,0.96,0.9231,0.8846,0.9529,0.9048,0.9086,0.908,0.9104,0.9151,0.9211,0.9279,0.9739,0.9735,0.9741,0.9756,0.9774,0.9795,,M
2460,Eastern Wayne Elementary,Wayne,116,,,0,0.9512,,,0.9492,0.9828,0.9718,1,0.8293,0.9722,0.9302,0.9294,0.9311,0.9348,0.9397,0.9451,0.9652,0.965,0.9659,0.9678,0.9702,0.9729,,H
2463,Faith Christian Academy,Wayne,42,,,0,0.8444,,,0.8364,0.875,0.6286,0.8462,1,0.85,0.7849,0.7842,0.7891,0.7991,0.8121,0.8267,0.881,0.88,0.8829,0.8888,0.8967,0.9054,,L
2464,Fremont STARS Elementary,Wayne,94,,,0,0.9898,,,0.9851,1,0.975,1,0.9737,1,0.9694,0.9692,0.9701,0.9715,0.9737,0.9761,0.9948,0.9947,0.9949,0.9952,0.9955,0.996,,H
2465,Grantham Elementary,Wayne,99,,,0,0.9187,,,0.9293,0.9583,0.989,0.925,0.9899,0.7079,0.9077,0.907,0.9094,0.9141,0.9203,0.9273,0.948,0.9477,0.9491,0.9518,0.9554,0.9595,,M
2466,Living Waters Christian School,Wayne,26,,,0,0.8417,,,0.8655,0.8846,0.625,,,,0.7488,0.7464,0.7516,,,,0.9488,0.9483,0.9496,,,,,L
2467,Meadow Lane Elementary,Wayne,154,,,0,0.9793,,,0.9767,0.9805,0.9549,0.9852,1,0.9748,0.9661,0.9657,0.9667,0.9686,0.971,0.9736,0.9856,0.9854,0.9858,0.9865,0.9876,0.9887,,H
2469,North Drive Elementary,Wayne,187,,,0,0.9629,,,0.9661,0.9836,0.9812,0.893,0.9697,0.9935,0.9555,0.9551,0.9563,0.9587,0.9618,0.9653,0.9755,0.9753,0.976,0.9773,0.9791,0.981,,H
2470,Northeast Elementary,Wayne,114,,,0,0.9817,,,0.9743,0.9559,1,0.9811,0.9806,0.9912,0.9607,0.9603,0.9614,0.9634,0.9662,0.9693,0.9851,0.985,0.9854,0.9863,0.9873,0.9885,,H
2471,Northwest Elementary,Wayne,111,,,0,0.9864,,,0.977,0.9643,0.982,1,0.9909,1,0.9644,0.964,0.9649,0.9669,0.9693,0.9722,0.9871,0.9869,0.9873,0.988,0.9889,0.9899,,H
2472,Pathway Christian Academy,Wayne,9,,,0,0.8551,,,0.8656,1,0.8889,0.5,1,0.8,0.7666,0.765,0.7706,0.7814,0.795,0.8105,0.9372,0.9368,0.9386,0.9419,0.9462,0.951,,L
2473,Rhema Christian Academy,Wayne,5,,,0,0.9216,,,0.9427,1,1,1,0.9506,0.75,0.8434,0.842,0.8462,0.8538,0.8637,0.875,0.989,0.9889,0.9892,0.9898,0.9906,0.9914,,M
2474,Rosewood Elementary,Wayne,109,,,0,0.988,,,0.9867,1,0.9908,0.989,0.9612,1,0.9776,0.9774,0.9781,0.9793,0.9809,0.9827,0.9933,0.9932,0.9934,0.9937,0.9942,0.9947,,H
2477,Spring Creek Elementary,Wayne,180,,,0,0.981,,,0.9789,1,0.9882,0.9667,0.979,0.9737,0.9694,0.9691,0.97,0.9717,0.9739,0.9763,0.9863,0.9862,0.9865,0.9873,0.9882,0.9893,,H
2478,St. Mary Catholic School,Wayne,25,,,0,0.9734,,,0.9749,1,0.9524,0.92,1,1,0.9481,0.9476,0.949,0.9517,0.9554,0.9595,0.9915,0.9915,0.9917,0.9922,0.9928,0.9934,,H
2480,Tommy's Road Elementary School,Wayne,91,,,0,0.9365,,,0.9363,0.8242,0.9375,0.9559,0.9881,1,0.9145,0.9139,0.9161,0.9205,0.9264,0.9329,0.955,0.9546,0.9558,0.9582,0.9614,0.9649,,M
2481,Wayne Christian School,Wayne,60,,,0,0.9316,,,0.9328,0.9167,0.8621,0.9444,0.9421,1,0.9014,0.9006,0.9031,0.908,0.9146,0.9219,0.9588,0.9584,0.9594,0.9616,0.9645,0.9677,,M
2482,Wayne Country Day School,Wayne,24,,,0,0.9629,,,0.9582,0.9091,0.9583,1,1,0.9674,0.917,0.9164,0.9186,0.9228,0.9283,0.9347,0.9843,0.9842,0.9847,0.9855,0.9866,0.9879,,H
2485,Wayne Preparatory Academy,Wayne,76,,,0,0.991,,,0.9887,1,1,0.9701,0.9903,1,0.9769,0.9767,0.9773,0.9786,0.9802,0.9821,0.9962,0.9962,0.9963,0.9965,0.9968,0.997,,H
2486,Wayne STEM Academy,Wayne,71,,,0,0.8875,,,0.8925,0.8169,0.9559,,,,0.8395,0.8385,0.8421,,,,0.9357,0.9354,0.9371,,,,,L
2487,Boomer-Ferguson Elementary School,Wilkes,20,,,0,0.9715,,,0.9747,1,0.9,1,0.9783,1,0.9429,0.9421,0.9436,0.9467,0.9508,0.9552,0.9927,0.9927,0.9929,0.9933,0.9938,0.9943,,H
2489,C B Eller Elementary School,Wilkes,42,,,0,0.9705,,,0.9752,0.8974,0.973,1,1,0.9762,0.9558,0.9553,0.9565,0.9588,0.9619,0.9654,0.9889,0.9889,0.9892,0.9898,0.9906,0.9915,,H
2490,C C Wright Elementary School,Wilkes,57,,,0,0.9796,,,0.9782,1,0.9744,0.9524,0.9814,0.9825,0.9613,0.9611,0.9621,0.9642,0.967,0.9701,0.9905,0.9904,0.9907,0.9912,0.9919,0.9926,,H
2492,Harvest Time Christian Acad.,Wilkes,11,,,0,0.7108,,,0.7567,0.8571,0.3636,0.7704,0.8,0.8003,0.6253,0.6225,0.629,0.6426,0.6612,0.6833,0.8674,0.8665,0.8693,0.8758,0.8844,0.8941,,L
2494,Millers Creek Christian School,Wilkes,23,,,0,0.8894,,,0.9065,0.85,0.9545,0.8261,0.8824,0.9261,0.8489,0.8474,0.8506,0.8579,0.8677,0.8788,0.952,0.9517,0.953,0.9556,0.9589,0.9627,,L
2495,Millers Creek Elementary School,Wilkes,120,,,0,0.9846,,,0.9831,1,0.9688,0.973,0.9833,1,0.9732,0.9729,0.9736,0.975,0.9769,0.9791,0.9908,0.9907,0.991,0.9915,0.9921,0.9929,,H
2496,Moravian Falls Elementary School,Wilkes,40,,,0,0.9887,,,0.986,1,0.9714,0.975,1,1,0.9706,0.9705,0.9712,0.9728,0.9749,0.9772,0.9955,0.9954,0.9955,0.9958,0.9961,0.9965,,H
2497,Mount Pleasant Elementary School,Wilkes,43,,,0,0.9541,,,0.9617,0.9767,0.9737,0.8108,1,1,0.9361,0.9356,0.9371,0.9405,0.9449,0.9497,0.9808,0.9807,0.9812,0.9822,0.9836,0.9851,,H
2498,Mountain View Elementary School,Wilkes,85,,,0,0.9718,,,0.9712,0.9583,0.9747,0.9722,0.9647,1,0.9557,0.9554,0.9566,0.9589,0.962,0.9655,0.9837,0.9836,0.984,0.9849,0.9861,0.9874,,H
2499,Mulberry Elementary School,Wilkes,67,,,0,0.9919,,,0.9847,0.9667,1,1,1,1,0.9712,0.9709,0.9718,0.9733,0.9754,0.9776,0.9935,0.9935,0.9936,0.994,0.9945,0.995,,H
2500,North Wilkesboro Elementary School,Wilkes,65,,,0,0.9947,,,0.9868,1,1,1,1,0.9787,0.974,0.9738,0.9746,0.976,0.9779,0.9799,0.9952,0.9951,0.9953,0.9955,0.9959,0.9963,,H
2501,Roaring River Elementary School,Wilkes,38,,,0,0.9624,,,0.9682,0.931,0.9474,0.963,0.9667,1,0.942,0.9417,0.9431,0.9463,0.9503,0.9547,0.9864,0.9863,0.9866,0.9874,0.9884,0.9894,,H
2502,Ronda-Clingman Elementary School,Wilkes,57,,,0,0.9912,,,0.9878,1,1,0.9778,0.98,1,0.9755,0.9753,0.976,0.9773,0.9791,0.981,0.9956,0.9956,0.9957,0.9959,0.9962,0.9966,,H
2503,Traphill Elementary School,Wilkes,17,,,0,0.9971,,,0.9809,1,1,1,1,1,0.955,0.9547,0.9559,0.9583,0.9614,0.9649,0.9951,0.9951,0.9952,0.9955,0.9958,0.9962,,H
2504,Wilkesboro Elementary School,Wilkes,62,,,0,0.9853,,,0.9854,0.9344,1,1,1,1,0.9724,0.9722,0.973,0.9745,0.9765,0.9786,0.9941,0.994,0.9942,0.9945,0.9949,0.9954,,H
2505,B O Barnes Elementary,Wilson,55,,,0,0.9399,,,0.9555,0.8824,0.9636,0.9216,0.9618,0.9556,0.9314,0.9309,0.9328,0.9364,0.9412,0.9465,0.9743,0.974,0.9747,0.9762,0.978,0.9801,,M
2507,Community Christian School,Wilson,36,,,0,0.9042,,,0.911,0.8,0.8,0.9091,0.9722,1,0.8684,0.8681,0.871,0.8772,0.8859,0.8955,0.9465,0.9456,0.947,0.9499,0.9537,0.9579,,M
2509,Frederick Douglass Elementary,Wilson,70,,,0,0.9417,,,0.9464,0.9429,0.9032,0.9062,0.9844,0.9667,0.9249,0.9244,0.9263,0.9301,0.9352,0.9409,0.965,0.9647,0.9656,0.9676,0.97,0.9727,,M
2510,FUMC Weekday School,Wilson,11,,,0,0.8054,,,0.8449,0.8889,0.6364,0.8889,,,0.7151,0.7131,0.7177,0.7289,,,0.9366,0.9363,0.9381,0.9414,,,,L
2511,First Presbyter Weekday School,Wilson,9,,,0,0.9179,,,0.9318,0.875,0.8333,1,,,0.8368,0.8363,0.8401,0.8477,,,0.9844,0.9842,0.9846,0.9855,,,,M
2512,Gardners Elementary,Wilson,48,,,0,0.9278,,,0.9379,0.9375,0.875,0.8409,1,1,0.9101,0.9096,0.912,0.9166,0.9226,0.9294,0.961,0.9607,0.9618,0.9638,0.9665,0.9696,,M
2513,Great Accomplishments Acad.,Wilson,5,,,0,0.9263,,,0.94,1,1,0.6667,1,,0.8303,0.8298,0.8341,0.8423,0.8529,,0.9897,0.9896,0.9899,0.9905,0.9912,,,M
2515,Greenfield School,Wilson,35,,,0,0.9812,,,0.9753,0.9714,1,0.9524,1,0.9808,0.9491,0.9486,0.95,0.9527,0.9563,0.9602,0.9914,0.9914,0.9916,0.9921,0.9927,0.9934,,H
2516,John W Jones Elementary,Wilson,96,,,0,0.9234,,,0.9381,0.8438,0.8778,0.9684,0.9467,0.9747,0.917,0.9165,0.9184,0.9226,0.9282,0.9346,0.956,0.9556,0.9569,0.9592,0.9623,0.9657,,M
2517,Lee Woodard Elementary,Wilson,35,,,0,0.9839,,,0.98,0.9524,1,1,1,0.96,0.9588,0.9586,0.9598,0.962,0.9649,0.9681,0.9933,0.9932,0.9934,0.9938,0.9943,0.9948,,H
2518,Level Up Academy,Wilson,9,,,0,0.6034,,,0.6991,0.5556,0.5556,,,,0.5029,0.4999,0.5077,,,,0.8626,0.8618,0.8651,,,,,L
2520,Lucama Elementary,Wilson,86,,,0,0.9474,,,0.9551,0.9884,0.9714,1,0.9844,0.7541,0.9359,0.9355,0.9371,0.9405,0.9449,0.9498,0.9705,0.9702,0.9711,0.9726,0.9747,0.977,,M
2521,Margaret Hearne Elementary,Wilson,70,,,0,0.8798,,,0.9097,0.8525,0.8788,0.8,0.9815,0.88,0.8818,0.8813,0.8845,0.8904,0.8983,0.907,0.934,0.9333,0.935,0.9385,0.9431,0.9483,,L
2522,New Hope Elementary,Wilson,88,,,0,0.976,,,0.978,0.9737,0.9744,0.9828,1,0.9412,0.9635,0.9632,0.9642,0.9662,0.9688,0.9716,0.9889,0.9888,0.989,0.9897,0.9905,0.9913,,H
2523,Rock Ridge Elementary,Wilson,86,,,0,0.9818,,,0.9832,0.9884,0.9167,1,1,1,0.9703,0.9699,0.9706,0.9723,0.9744,0.9767,0.9922,0.9921,0.9923,0.9927,0.9933,0.9939,,H
2524,Sallie B Howard School,Wilson,113,,,0,0.9758,,,0.9578,0.991,0.98,0.9608,0.9638,1,0.937,0.9364,0.9379,0.9412,0.9455,0.9504,0.9746,0.9744,0.9752,0.9766,0.9784,0.9804,,H
2525,Stantonsburg Elementary,Wilson,36,,,0,0.9712,,,0.9772,0.9444,0.9286,1,0.9805,1,0.9558,0.9554,0.9567,0.9591,0.9622,0.9657,0.9916,0.9915,0.9917,0.9922,0.9928,0.9935,,H
2526,Vick Elementary,Wilson,62,,,0,0.8642,,,0.8842,0.8226,0.6786,0.9138,0.9487,1,0.851,0.85,0.8536,0.8604,0.87,0.8807,0.9141,0.9135,0.9156,0.9202,0.926,0.9325,,L
2527,Vinson-Bynum Elementary,Wilson,81,,,0,0.9152,,,0.9234,0.963,0.7308,0.9733,1,0.9348,0.8976,0.8967,0.8994,0.9045,0.9114,0.9191,0.9463,0.9457,0.9471,0.9499,0.9537,0.9579,,M
2528,Wells Elementary,Wilson,59,,,0,0.9439,,,0.9547,0.8644,0.9636,0.9796,0.9512,0.9706,0.933,0.9327,0.9345,0.938,0.9426,0.9476,0.9723,0.972,0.9727,0.9742,0.9762,0.9784,,M
2529,Wilson Christian Academy,Wilson,59,,,0,0.9514,,,0.9594,0.8846,0.88,0.9831,1,1,0.9358,0.9355,0.9371,0.9405,0.945,0.9499,0.9772,0.977,0.9777,0.9788,0.9804,0.9822,,H
2530,Wilson Preparatory Academy,Wilson,72,,,0,0.9671,,,0.965,0.9545,1,0.9676,0.97,0.9444,0.9404,0.9398,0.9412,0.9444,0.9485,0.9531,0.9831,0.9829,0.9834,0.9843,0.9856,0.9869,,H
2532,Boonville Elementary,Yadkin,64,,,0,0.9687,,,0.9593,0.9623,1,0.9074,0.9828,1,0.936,0.9355,0.9371,0.9404,0.9447,0.9496,0.9771,0.9768,0.9774,0.9786,0.9802,0.982,,H
2533,Courtney Elementary,Yadkin,43,,,0,0.9835,,,0.9799,1,0.9714,0.9355,1,1,0.9611,0.9608,0.9618,0.9639,0.9666,0.9696,0.9921,0.992,0.9923,0.9927,0.9932,0.9938,,H
2534,East Bend Elementary,Yadkin,46,,,0,0.9934,,,0.9886,1,1,1,0.9706,1,0.9747,0.9745,0.9752,0.9765,0.9783,0.9803,0.9967,0.9966,0.9967,0.9969,0.9971,0.9974,,H
2536,Fall Creek Elementary,Yadkin,45,,,0,0.9845,,,0.9834,1,0.9714,0.9697,1,0.975,0.9675,0.9672,0.9679,0.9696,0.9719,0.9745,0.9939,0.9939,0.9941,0.9944,0.9948,0.9953,,H
2537,Forbush Elementary,Yadkin,32,,,0,0.9857,,,0.9792,0.9688,1,0.9688,1,1,0.9584,0.9581,0.9593,0.9616,0.9645,0.9677,0.9926,0.9925,0.9927,0.9931,0.9937,0.9942,,H
2538,Jonesville Elementary,Yadkin,47,,,0,0.9631,,,0.9684,0.9556,0.9756,0.9149,1,0.9737,0.9488,0.9482,0.9495,0.9521,0.9557,0.9597,0.9836,0.9835,0.9839,0.9848,0.986,0.9873,,H
2539,The Way Christian School,Yadkin,1,,,0,0.9753,,,0.9501,1,0.9509,1,,,0.8228,0.822,0.8253,0.834,,,0.994,0.994,0.9942,0.9945,,,,H
2540,West Yadkin Elementary,Yadkin,64,,,0,0.9654,,,0.9717,0.9333,0.9828,0.9508,0.9531,1,0.9557,0.9554,0.9565,0.9589,0.962,0.9655,0.9841,0.9841,0.9845,0.9854,0.9865,0.9878,,H
2542,Yadkinville Elementary,Yadkin,89,,,0,0.9704,,,0.9742,0.9219,0.973,0.9888,0.9577,1,0.9598,0.9594,0.9604,0.9624,0.9653,0.9684,0.9854,0.9853,0.9857,0.9865,0.9876,0.9887,,H
2545,Blue Ridge Elementary,Yancey,63,,,0,0.9582,,,0.9523,0.9091,1,0.9821,0.9683,0.9322,0.9265,0.926,0.928,0.9319,0.9368,0.9424,0.973,0.9726,0.9735,0.9749,0.9767,0.9788,,H
2546,Burnsville Elementary,Yancey,64,,,0,0.9791,,,0.9761,0.9531,0.9804,1,0.9792,1,0.959,0.9587,0.9599,0.9621,0.9649,0.9681,0.9887,0.9886,0.9888,0.9895,0.9903,0.9912,,H
2550,Micaville Elementary,Yancey,40,,,0,0.9925,,,0.9851,0.96,1,1,1,1,0.968,0.9678,0.9686,0.9703,0.9726,0.9752,0.9955,0.9954,0.9955,0.9958,0.9961,0.9965,,H
2551,South Toe Elementary,Yancey,19,,,0,0.9762,,,0.9695,0.9444,0.9333,1,1,1,0.9361,0.936,0.9378,0.941,0.9452,0.9501,0.9904,0.9903,0.9906,0.9911,0.9918,0.9925,,H
