school_id,school_name,enrollment,coverage,coverage_ci_low,coverage_ci_high,coverage_K,coverage_1,coverage_2,coverage_3,coverage_4,coverage_5,coverage_ci_low_K,coverage_ci_low_1,coverage_ci_low_2,coverage_ci_low_3,coverage_ci_low_4,coverage_ci_low_5,coverage_ci_high_K,coverage_ci_high_1,coverage_ci_high_2,coverage_ci_high_3,coverage_ci_high_4,coverage_ci_high_5,is_estimated_K,is_estimated_1,is_estimated_2,is_estimated_3,is_estimated_4,is_estimated_5,prob_below_95,tier
6728,A Bright Beginning,25,0.9432,0.9717,0.9931,0.72,0.9852,0.9881,0.9891,0.989,0.988,0.9452,0.9721,0.9773,0.9792,0.9791,0.9772,0.977,0.9954,0.9964,0.9968,0.9967,0.9964,0,1,1,1,1,1,0,M
6732,A Bright Beginning Cdc,14,0.9603,0.9108,0.9709,1,0.9429,0.9531,0.9568,0.9564,0.9525,0.8586,0.9061,0.9224,0.9285,0.9278,0.9214,0.9442,0.9712,0.9766,0.9785,0.9783,0.9763,0,1,1,1,1,1,0.6062,H
6782,ABC Little School,10,0.9929,0.9822,0.9926,1,0.9895,0.9917,0.9924,0.9923,0.9916,0.9607,0.9835,0.9867,0.9878,0.9877,0.9866,0.9762,0.9948,0.996,0.9963,0.9963,0.9959,0,1,1,1,1,1,0,H
6787,ABC Little School-Sherman Oaks,10,0.7576,0.7147,0.9721,0.1,0.8698,0.8906,0.8985,0.8976,0.8894,0.6099,0.6964,0.738,0.7543,0.7524,0.7352,0.9461,0.9726,0.9778,0.9796,0.9794,0.9775,0,1,1,1,1,1,0.8838,L
6789,"Abc Little School, Studio City",16,0.9742,0.9809,0.9964,0.875,0.9926,0.9942,0.9947,0.9946,0.9941,0.9588,0.9821,0.9856,0.9868,0.9867,0.9854,0.982,0.999,0.9994,0.9994,0.9994,0.9994,0,1,1,1,1,1,0,H
6799,Abraham Joshua Heschel Day School,21,0.9579,0.9331,0.9682,0.9524,0.9508,0.9597,0.963,0.9626,0.9592,0.8897,0.9302,0.9427,0.9472,0.9467,0.942,0.9402,0.9683,0.9742,0.9763,0.9761,0.9739,0,1,1,1,1,1,0.3898,H
6800,Abraham Lincoln Elementary School,99,0.9741,0.9108,0.9954,0.9697,0.9699,0.9754,0.9774,0.9772,0.9751,0.8587,0.906,0.9226,0.9288,0.9283,0.922,0.9805,0.9978,0.9984,0.9986,0.9985,0.9984,0,1,1,1,1,1,0.1655,H
6810,Academia Moderna,77,0.9496,0.8918,0.9691,0.974,0.9338,0.9455,0.9498,0.9493,0.9449,0.8328,0.8856,0.9049,0.9122,0.9114,0.904,0.9416,0.9693,0.9751,0.9771,0.9769,0.9748,0,1,1,1,1,1,0.7365,M
6830,The Academy for Enriched Sciences,,0.9703,0.8779,0.9963,0.944,0.9706,0.976,0.9779,0.9777,0.9757,0.8139,0.8705,0.8921,0.9004,0.8996,0.8912,0.9819,0.9988,0.9993,0.9994,0.9994,0.9993,1,1,1,1,1,1,0.178,H
6833,Primary Academy For Success,104,0.9773,0.9085,0.9963,0.9712,0.9741,0.9789,0.9806,0.9804,0.9787,0.8552,0.9037,0.9204,0.9266,0.9259,0.9195,0.9818,0.9989,0.9993,0.9994,0.9994,0.9993,0,1,1,1,1,1,0.1342,H
6837,academy of arts and sciences: los angeles (k-8),13,0.9217,0.9513,0.9703,0.6923,0.961,0.9682,0.9708,0.9705,0.9678,0.9156,0.9499,0.9591,0.9624,0.962,0.9586,0.9435,0.9706,0.9762,0.9781,0.9779,0.9758,0,1,1,1,1,1,0.0152,M
6849,Academy of the Arts,24,0.988,0.9816,0.9964,0.9583,0.9925,0.9941,0.9946,0.9946,0.994,0.9598,0.9828,0.9862,0.9874,0.9872,0.986,0.9819,0.9989,0.9993,0.9994,0.9994,0.9993,0,1,1,1,1,1,0,H
6855,Accelerated School,70,0.9716,0.9609,0.9963,0.8857,0.9863,0.989,0.9899,0.9898,0.9889,0.9296,0.9604,0.9677,0.9704,0.9701,0.9674,0.9818,0.9988,0.9993,0.9993,0.9993,0.9993,0,1,1,1,1,1,0.006,H
6856,Accelerated Elementary Charter School,48,0.9856,0.9484,0.9951,1,0.979,0.983,0.9844,0.9842,0.9828,0.9115,0.9469,0.9564,0.9599,0.9595,0.9558,0.98,0.9975,0.9982,0.9984,0.9983,0.9982,0,1,1,1,1,1,0.0293,H
6868,Ada S. Nelson Elementary School,94,0.9828,0.9343,0.9963,0.9787,0.9801,0.9839,0.9852,0.9851,0.9837,0.8915,0.9315,0.9438,0.9483,0.9478,0.9432,0.9818,0.9988,0.9993,0.9993,0.9993,0.9993,0,1,1,1,1,1,0.0615,H
6874,Adat Ari El Day School,23,0.9771,0.9593,0.9898,0.9565,0.9772,0.9816,0.9831,0.9829,0.9813,0.9274,0.9586,0.9662,0.9689,0.9686,0.9657,0.9721,0.9918,0.9935,0.9941,0.994,0.9935,0,1,1,1,1,1,0.002,H
6880,Addams Elementary School,144,0.9789,0.9659,0.9836,0.9722,0.976,0.9806,0.9822,0.982,0.9803,0.937,0.9659,0.9722,0.9745,0.9742,0.9718,0.9629,0.9851,0.988,0.989,0.9889,0.9879,0,1,1,1,1,1,0,H
6894,Adventist Union School,11,0.9187,0.9592,0.9788,0.6364,0.9699,0.9755,0.9776,0.9773,0.9752,0.9271,0.9585,0.9661,0.9689,0.9685,0.9656,0.9557,0.9798,0.9837,0.985,0.9849,0.9835,0,1,1,1,1,1,3e-04,M
6898,Aeolian Elementary School,34,0.9651,0.9616,0.9893,0.8824,0.9778,0.982,0.9835,0.9833,0.9818,0.9304,0.9611,0.9683,0.9709,0.9706,0.968,0.9714,0.9912,0.9931,0.9936,0.9936,0.993,0,1,1,1,1,1,0.001,H
6908,Agbu Manoogian-Demirdjian,64,0.9725,0.9555,0.9724,0.9844,0.964,0.9707,0.9731,0.9728,0.9703,0.9218,0.9546,0.9629,0.9659,0.9656,0.9624,0.9463,0.9729,0.978,0.9798,0.9796,0.9777,0,1,1,1,1,1,0.0018,H
6914,agua dulce elementary,19,0.9759,0.9814,0.9942,0.8947,0.9903,0.9923,0.993,0.9929,0.9922,0.9597,0.9826,0.986,0.9872,0.987,0.9858,0.9787,0.9965,0.9974,0.9976,0.9976,0.9974,0,1,1,1,1,1,0,H
6922,Al-Falaq / Me'raj Academy,21,0.9544,0.9531,0.9815,0.8571,0.9684,0.9743,0.9764,0.9762,0.974,0.9185,0.9519,0.9607,0.9639,0.9636,0.9603,0.9597,0.9827,0.9861,0.9872,0.9871,0.9859,0,1,1,1,1,1,0.0098,H
6924,Al-Hadi School,21,0.98,0.9723,0.9887,0.9524,0.9824,0.9858,0.987,0.9868,0.9856,0.9462,0.9727,0.9779,0.9797,0.9795,0.9776,0.9705,0.9906,0.9925,0.9931,0.993,0.9924,0,1,1,1,1,1,0,H
6925,Al-Huda Islamic School,22,0.97,0.9552,0.9782,0.9545,0.9675,0.9736,0.9758,0.9755,0.9733,0.9212,0.9543,0.9626,0.9656,0.9653,0.9622,0.955,0.9792,0.9832,0.9846,0.9845,0.983,0,1,1,1,1,1,0.0018,H
6929,Alameda Elementary School,143,0.9827,0.9596,0.9889,0.993,0.9765,0.981,0.9826,0.9824,0.9807,0.9278,0.959,0.9665,0.9693,0.9689,0.9662,0.9708,0.9908,0.9927,0.9933,0.9932,0.9926,0,1,1,1,1,1,0.0018,H
6931,Albert Baxter Elementary School,24,0.9622,0.9097,0.9889,0.9583,0.9555,0.9636,0.9665,0.9662,0.9631,0.8572,0.9051,0.9214,0.9276,0.927,0.9206,0.9709,0.9908,0.9927,0.9933,0.9932,0.9926,0,1,1,1,1,1,0.3375,H
6934,"albert einstein academy for letters, arts & sciences - agua dulce partnership academy",,0.98,0.9673,0.9904,0.9576,0.9811,0.9848,0.986,0.9859,0.9846,0.939,0.9674,0.9734,0.9756,0.9754,0.9731,0.9728,0.9924,0.994,0.9945,0.9945,0.9939,1,1,1,1,1,1,0,H
6935,"albert einstein academy for letters, arts & sciences - odyssey",42,0.9835,0.9613,0.9965,0.9524,0.9873,0.9899,0.9907,0.9906,0.9898,0.9302,0.9608,0.968,0.9707,0.9704,0.9677,0.9821,0.9991,0.9995,0.9995,0.9995,0.9995,0,1,1,1,1,1,0.007,H
6937,"albert einstein academy for letters, arts and sciences-steam",,0.9895,0.9724,0.9966,0.9717,0.9915,0.9933,0.9938,0.9938,0.9932,0.9465,0.9729,0.978,0.9798,0.9796,0.9777,0.9823,0.9991,0.9995,0.9996,0.9996,0.9995,1,1,1,1,1,1,0,H
6939,Albion Street Elementary School,20,0.9851,0.9785,0.9956,0.95,0.9902,0.9923,0.9929,0.9928,0.9922,0.9553,0.9796,0.9835,0.9848,0.9847,0.9833,0.9807,0.998,0.9986,0.9987,0.9987,0.9986,0,1,1,1,1,1,0,H
6940,Alcott Elementary School,98,0.9813,0.9909,0.9969,0.898,0.9973,0.998,0.9982,0.9982,0.998,0.9737,0.9929,0.9945,0.9949,0.9949,0.9944,0.9827,0.9994,0.9998,0.9998,0.9998,0.9998,0,1,1,1,1,1,0,H
6941,Aldama Elementary School,75,0.9255,0.8862,0.917,0.9867,0.8969,0.9145,0.9211,0.9203,0.9135,0.8249,0.8796,0.8999,0.9074,0.9065,0.8987,0.8677,0.913,0.9281,0.9337,0.933,0.9271,0,1,1,1,1,1,1,M
6944,Alex Pilibos Armenian,81,0.9841,0.9729,0.989,0.9753,0.9828,0.9862,0.9873,0.9872,0.986,0.9472,0.9734,0.9784,0.9802,0.98,0.9782,0.971,0.9909,0.9928,0.9934,0.9934,0.9927,0,1,1,1,1,1,0,H
6948,Alexandria Avenue Elementary School,131,0.9276,0.8817,0.9294,0.9771,0.9021,0.9189,0.9252,0.9245,0.918,0.8189,0.8748,0.8957,0.9036,0.9027,0.8945,0.8848,0.9264,0.9393,0.9441,0.9436,0.9385,0,1,1,1,1,1,1,M
6956,Alice M. Ellington Elementary School,45,0.9866,0.9797,0.9958,0.9556,0.9911,0.993,0.9935,0.9935,0.9929,0.9571,0.9808,0.9845,0.9858,0.9857,0.9843,0.981,0.9983,0.9988,0.9989,0.9989,0.9988,0,1,1,1,1,1,0,H
6970,All Souls Elementary School,,0.974,0.9172,0.9963,0.949,0.9746,0.9793,0.981,0.9808,0.9791,0.8672,0.913,0.9282,0.9338,0.9332,0.9273,0.9817,0.9987,0.9992,0.9993,0.9993,0.9992,1,1,1,1,1,1,0.128,H
6975,Allen Avenue Elementary School,57,0.9878,0.9753,0.9925,0.9825,0.9863,0.9891,0.99,0.9899,0.9889,0.9506,0.976,0.9806,0.9822,0.982,0.9803,0.9761,0.9947,0.9959,0.9962,0.9962,0.9959,0,1,1,1,1,1,0,H
6977,Allesandro Elementary School,74,0.9735,0.9452,0.9809,0.9865,0.9649,0.9714,0.9737,0.9735,0.971,0.9071,0.9434,0.9535,0.9572,0.9568,0.9529,0.959,0.9821,0.9856,0.9868,0.9867,0.9854,0,1,1,1,1,1,0.0618,H
7007,Allison Elementary School,49,0.9695,0.9523,0.977,0.9592,0.9657,0.972,0.9743,0.9741,0.9717,0.9173,0.9511,0.9599,0.9631,0.9627,0.9593,0.9531,0.9778,0.9821,0.9836,0.9834,0.9819,0,1,1,1,1,1,0.012,H
7010,Alma Fuerte Public,30,0.966,0.9709,0.9903,0.8667,0.9828,0.9861,0.9873,0.9872,0.986,0.9444,0.9713,0.9766,0.9786,0.9783,0.9763,0.9728,0.9922,0.9939,0.9944,0.9944,0.9938,0,1,1,1,1,1,0,H
7014,Aloha Elementary School,41,0.9566,0.9397,0.9603,0.9512,0.9492,0.9584,0.9617,0.9614,0.9579,0.8991,0.9374,0.9486,0.9528,0.9523,0.9481,0.9288,0.9598,0.9672,0.9698,0.9695,0.9668,0,1,1,1,1,1,0.4445,H
7028,Alpha-Kidz International,21,0.9393,0.8867,0.9603,0.9524,0.9243,0.9376,0.9425,0.9419,0.9368,0.8254,0.8801,0.9001,0.9077,0.9068,0.899,0.9287,0.9598,0.9672,0.9699,0.9696,0.9668,0,1,1,1,1,1,0.8888,M
7035,Alpha-Shen Kindergarten,32,0.9875,0.9893,0.9969,0.9375,0.9967,0.9976,0.9978,0.9977,0.9975,0.9714,0.9912,0.993,0.9936,0.9936,0.993,0.9827,0.9994,0.9998,0.9998,0.9998,0.9998,0,1,1,1,1,1,0,H
7038,Alpine Elementary School,75,0.9864,0.9758,0.9927,0.9733,0.9865,0.9892,0.9901,0.99,0.9891,0.9513,0.9765,0.981,0.9825,0.9824,0.9807,0.9764,0.9949,0.9961,0.9964,0.9964,0.9961,0,1,1,1,1,1,0,H
7039,Alta California Elementary School,76,0.9879,0.9784,0.9939,0.9737,0.9886,0.991,0.9917,0.9916,0.9908,0.9553,0.9794,0.9833,0.9847,0.9845,0.9831,0.9782,0.9962,0.9972,0.9974,0.9974,0.9971,0,1,1,1,1,1,0,H
7040,Alta Loma Elementary School,87,0.9917,0.9841,0.9963,0.977,0.9934,0.9948,0.9952,0.9952,0.9947,0.9635,0.9855,0.9884,0.9894,0.9893,0.9883,0.9817,0.9988,0.9992,0.9993,0.9993,0.9992,0,1,1,1,1,1,0,H
7041,Alta Vista Elementary School,96,0.9659,0.9438,0.968,0.9792,0.9557,0.9638,0.9668,0.9664,0.9634,0.9051,0.942,0.9523,0.9562,0.9557,0.9517,0.9401,0.9682,0.9741,0.9762,0.976,0.9738,0,1,1,1,1,1,0.1432,H
7044,Altadena Elementary School,72,0.9742,0.9716,0.994,0.9028,0.9859,0.9887,0.9897,0.9895,0.9886,0.9452,0.972,0.9773,0.9792,0.9789,0.977,0.9783,0.9963,0.9972,0.9974,0.9974,0.9972,0,1,1,1,1,1,0,H
7058,Alvarado Elementary School,73,0.8608,0.7978,0.8566,0.9452,0.8171,0.8458,0.8569,0.8556,0.8441,0.7099,0.785,0.8174,0.8302,0.8287,0.8156,0.7859,0.8478,0.8724,0.8818,0.8808,0.8711,0,1,1,1,1,1,1,L
7062,Alverno Heights Academy,46,0.9889,0.9837,0.9966,0.9565,0.9941,0.9954,0.9958,0.9958,0.9954,0.9629,0.9851,0.988,0.989,0.9889,0.9878,0.9822,0.9991,0.9995,0.9996,0.9996,0.9995,0,1,1,1,1,1,0,H
7065,Amanecer Primary Center,60,0.9959,0.9917,0.997,0.9833,0.9978,0.9984,0.9986,0.9986,0.9984,0.9751,0.9939,0.9952,0.9956,0.9956,0.9952,0.9829,0.9995,0.9998,0.9999,0.9999,0.9999,0,1,1,1,1,1,0,H
7073,Ambler Avenue Elementary School,95,0.9391,0.8962,0.9434,0.9789,0.9178,0.9321,0.9374,0.9368,0.9313,0.8388,0.8905,0.9091,0.9161,0.9153,0.9081,0.9044,0.9414,0.9519,0.9558,0.9554,0.9514,0,1,1,1,1,1,0.997,M
7085,American Martyrs School,97,0.8696,0.7954,0.8642,0.9794,0.8214,0.8495,0.8604,0.8591,0.8479,0.708,0.7825,0.8151,0.828,0.8265,0.8132,0.7955,0.8559,0.8797,0.8888,0.8877,0.8784,0,1,1,1,1,1,1,L
7087,American Montessori Preschool & Elementary,,0.952,0.9326,0.9685,0.9169,0.9508,0.9597,0.963,0.9626,0.9592,0.889,0.9297,0.9422,0.9468,0.9463,0.9415,0.9405,0.9686,0.9745,0.9767,0.9765,0.9743,1,1,1,1,1,1,0.391,H
7092,Amestoy Elementary School,124,0.9397,0.8312,0.9766,0.9919,0.9158,0.9302,0.9356,0.935,0.9294,0.7525,0.8203,0.8486,0.8593,0.858,0.8468,0.9525,0.9776,0.9818,0.9832,0.983,0.9814,0,1,1,1,1,1,0.787,M
7098,Anahuacalmecac International University Preparatory Of North America,22,0.9767,0.9244,0.9962,0.9545,0.9771,0.9814,0.983,0.9828,0.9812,0.8779,0.9209,0.9347,0.9399,0.9394,0.934,0.9816,0.9987,0.9992,0.9993,0.9992,0.9992,0,1,1,1,1,1,0.0952,H
7101,Anatola Avenue Elementary School,64,0.9881,0.9853,0.9962,0.9531,0.9938,0.9952,0.9956,0.9955,0.9951,0.9653,0.9869,0.9895,0.9904,0.9903,0.9894,0.9817,0.9987,0.9992,0.9993,0.9993,0.9992,0,1,1,1,1,1,0,H
7102,Anaverde Hills School,85,0.9748,0.9571,0.9792,0.9765,0.9692,0.9749,0.977,0.9768,0.9746,0.9243,0.9563,0.9643,0.9672,0.9668,0.9638,0.9564,0.9803,0.9841,0.9854,0.9853,0.9839,0,1,1,1,1,1,5e-04,H
7104,Andasol Avenue Elementary School,110,0.9959,0.9869,0.9968,0.9909,0.9961,0.997,0.9973,0.9973,0.997,0.9677,0.9886,0.9909,0.9916,0.9916,0.9908,0.9826,0.9994,0.9997,0.9997,0.9997,0.9997,0,1,1,1,1,1,0,H
7105,Anderson Elementary School,67,0.9349,0.8941,0.9333,0.9851,0.9105,0.926,0.9318,0.9311,0.9251,0.836,0.8881,0.907,0.9143,0.9135,0.9062,0.8902,0.9305,0.9428,0.9474,0.9469,0.9422,0,1,1,1,1,1,1,M
7113,Andres And Maria Cardenas Elementary School,76,0.9854,0.9703,0.994,0.9737,0.985,0.988,0.989,0.9888,0.9878,0.9433,0.9706,0.9761,0.978,0.9778,0.9758,0.9783,0.9963,0.9972,0.9975,0.9974,0.9972,0,1,1,1,1,1,0,H
7114,andres duarte arts academy (pk-8),42,0.9611,0.9176,0.9841,0.9524,0.9553,0.9634,0.9664,0.966,0.963,0.8681,0.9134,0.9287,0.9344,0.9338,0.9281,0.9637,0.9856,0.9885,0.9894,0.9893,0.9883,0,1,1,1,1,1,0.3132,H
7121,Angeles Mesa Elementary School,73,0.9748,0.9653,0.9967,0.8904,0.9897,0.9918,0.9925,0.9924,0.9917,0.936,0.9652,0.9716,0.9739,0.9736,0.9712,0.9823,0.9992,0.9996,0.9996,0.9996,0.9996,0,1,1,1,1,1,0.0027,H
7155,Ann Street Elementary School,31,0.9251,0.8907,0.9328,0.9355,0.9083,0.9241,0.93,0.9293,0.9232,0.831,0.8844,0.904,0.9114,0.9105,0.9029,0.8892,0.9299,0.9423,0.947,0.9465,0.9417,0,1,1,1,1,1,1,M
7157,Anna M. Glazier Elementary School,88,0.9914,0.9835,0.996,0.9773,0.9928,0.9944,0.9948,0.9948,0.9943,0.9627,0.9849,0.9878,0.9888,0.9887,0.9877,0.9814,0.9985,0.999,0.9991,0.9991,0.999,0,1,1,1,1,1,0,H
7158,Annalee Avenue Elementary School,36,0.9385,0.9124,0.9424,0.9444,0.925,0.9382,0.9431,0.9425,0.9375,0.8613,0.9081,0.9238,0.9298,0.9291,0.9229,0.9031,0.9403,0.9511,0.955,0.9545,0.9504,0,1,1,1,1,1,0.9992,M
7159,Annandale Elementary School,29,0.9892,0.9836,0.9958,0.9655,0.9925,0.9941,0.9946,0.9945,0.994,0.9629,0.985,0.988,0.989,0.9888,0.9878,0.9809,0.9982,0.9988,0.9989,0.9989,0.9988,0,1,1,1,1,1,0,H
7166,Antelope Elementary School,21,0.9713,0.8905,0.9962,0.9524,0.9701,0.9755,0.9775,0.9773,0.9752,0.8305,0.884,0.9038,0.911,0.9102,0.9025,0.9816,0.9987,0.9992,0.9993,0.9993,0.9992,0,1,1,1,1,1,0.1815,H
7173,antelope valley christian school,13,0.9634,0.9602,0.9957,0.8462,0.9839,0.9871,0.9881,0.988,0.9869,0.9286,0.9596,0.967,0.9697,0.9694,0.9667,0.9808,0.9981,0.9987,0.9988,0.9988,0.9987,0,1,1,1,1,1,0.004,H
7178,Antelope Valley Learning Academy,41,0.9743,0.9626,0.9833,0.9512,0.9744,0.9792,0.981,0.9808,0.979,0.9322,0.9623,0.9692,0.9717,0.9714,0.9688,0.9624,0.9846,0.9877,0.9887,0.9886,0.9875,0,1,1,1,1,1,0,H
7182,Anza Elementary School,108,0.9892,0.9734,0.9939,0.9907,0.9865,0.9892,0.9901,0.99,0.989,0.9482,0.974,0.9788,0.9805,0.9803,0.9785,0.9782,0.9962,0.9971,0.9974,0.9973,0.9971,0,1,1,1,1,1,0,H
7187,Apperson Street Elementary School,96,0.9896,0.9801,0.9968,0.9583,0.9948,0.996,0.9963,0.9963,0.9959,0.9578,0.9812,0.9849,0.9861,0.986,0.9847,0.9826,0.9994,0.9998,0.9998,0.9998,0.9998,0,1,1,1,1,1,0,H
7188,apple academy charter public,45,0.9752,0.906,0.9962,0.9556,0.9748,0.9794,0.9811,0.9809,0.9792,0.8522,0.901,0.9181,0.9246,0.9239,0.9173,0.9817,0.9987,0.9992,0.9993,0.9993,0.9992,0,1,1,1,1,1,0.126,H
7194,Aragon Avenue Elementary School,38,0.9793,0.9713,0.9902,0.9474,0.9825,0.9859,0.9871,0.987,0.9857,0.9448,0.9717,0.9771,0.979,0.9788,0.9768,0.9726,0.9922,0.9939,0.9944,0.9943,0.9938,0,1,1,1,1,1,0,H
7195,Ararat Charter School,54,0.958,0.9307,0.9734,0.9444,0.9528,0.9614,0.9645,0.9641,0.9609,0.8862,0.9278,0.9405,0.9452,0.9447,0.9397,0.9479,0.9739,0.9789,0.9806,0.9804,0.9786,0,1,1,1,1,1,0.346,H
7202,Arcadia Christian School,26,0.9525,0.9775,0.9917,0.7692,0.9867,0.9894,0.9903,0.9902,0.9892,0.9538,0.9783,0.9825,0.984,0.9838,0.9823,0.9749,0.9938,0.9952,0.9956,0.9955,0.9951,0,1,1,1,1,1,0,H
7208,Arcadia Montessori School,24,0.9738,0.9576,0.9838,0.9583,0.972,0.9773,0.9791,0.9789,0.977,0.925,0.9569,0.9648,0.9676,0.9673,0.9643,0.9632,0.9852,0.9881,0.9891,0.989,0.988,0,1,1,1,1,1,0.0025,H
7224,Ark Christian Academy,35,0.9778,0.9669,0.9908,0.9429,0.9815,0.9851,0.9864,0.9862,0.9849,0.9384,0.9669,0.9731,0.9753,0.975,0.9727,0.9735,0.9928,0.9944,0.9949,0.9948,0.9943,0,1,1,1,1,1,0,H
7232,Arlington Elementary School,105,0.9943,0.9797,0.9967,0.9905,0.9938,0.9951,0.9956,0.9955,0.9951,0.957,0.9808,0.9844,0.9857,0.9855,0.9842,0.9824,0.9993,0.9996,0.9997,0.9997,0.9996,0,1,1,1,1,1,0,H
7233,Arlington Heights Elementary School,73,0.9542,0.8895,0.9816,0.9589,0.9439,0.9539,0.9576,0.9572,0.9534,0.8297,0.8829,0.9027,0.9099,0.909,0.9014,0.96,0.9828,0.9862,0.9873,0.9872,0.986,0,1,1,1,1,1,0.5148,H
7234,Arma J. Shull Elementary School,113,0.9949,0.9867,0.9963,0.9912,0.9945,0.9958,0.9961,0.9961,0.9957,0.9675,0.9884,0.9908,0.9915,0.9915,0.9907,0.9818,0.9988,0.9993,0.9993,0.9993,0.9993,0,1,1,1,1,1,0,H
7236,Armenian Mesrobian,10,0.9809,0.9872,0.9969,0.9,0.9963,0.9972,0.9974,0.9974,0.9972,0.9681,0.9889,0.9912,0.9919,0.9918,0.9911,0.9826,0.9994,0.9998,0.9998,0.9998,0.9998,0,1,1,1,1,1,0,H
7237,Armenian Sisters Academy Of Los Angeles,21,0.9739,0.9885,0.9968,0.8571,0.9965,0.9974,0.9976,0.9976,0.9974,0.9701,0.9903,0.9923,0.993,0.9929,0.9922,0.9826,0.9994,0.9997,0.9998,0.9998,0.9997,0,1,1,1,1,1,0,H
7238,Arminta Street Elementary School,71,0.9885,0.9886,0.9969,0.9437,0.9968,0.9976,0.9978,0.9978,0.9976,0.9705,0.9905,0.9924,0.9931,0.993,0.9923,0.9827,0.9994,0.9998,0.9998,0.9998,0.9998,0,1,1,1,1,1,0,H
7239,Armstrong Elementary School,61,0.9921,0.9735,0.9967,0.9836,0.9923,0.9939,0.9944,0.9944,0.9938,0.948,0.974,0.9789,0.9807,0.9805,0.9788,0.9824,0.9993,0.9996,0.9997,0.9997,0.9996,0,1,1,1,1,1,3e-04,H
7241,"Around The World Children Center, Inc.",18,0.9809,0.959,0.9829,1,0.9723,0.9775,0.9794,0.9791,0.9772,0.927,0.9584,0.9661,0.9688,0.9684,0.9655,0.962,0.9843,0.9874,0.9884,0.9883,0.9872,0,1,1,1,1,1,0.002,H
7244,Arrow Montessori School Of San Dimas,12,0.9625,0.9501,0.979,0.9167,0.9658,0.9722,0.9745,0.9742,0.9718,0.9137,0.9486,0.958,0.9614,0.9609,0.9575,0.9559,0.98,0.9839,0.9852,0.985,0.9836,0,1,1,1,1,1,0.0248,H
7245,Arroyo Elementary School,86,0.9877,0.9866,0.9968,0.9419,0.9961,0.997,0.9973,0.9973,0.997,0.9674,0.9883,0.9907,0.9915,0.9914,0.9906,0.9826,0.9994,0.9997,0.9998,0.9998,0.9997,0,1,1,1,1,1,0,H
7255,Arroyo Seco Museum Science,44,0.9756,0.9598,0.9868,0.9545,0.9755,0.9801,0.9818,0.9816,0.9799,0.928,0.9592,0.9667,0.9694,0.9691,0.9663,0.9676,0.9885,0.9909,0.9916,0.9915,0.9908,0,1,1,1,1,1,0.0015,H
7256,Arroyo Vista Elementary School,126,0.9967,0.9889,0.9969,0.9921,0.9969,0.9977,0.9979,0.9979,0.9977,0.9707,0.9908,0.9927,0.9933,0.9932,0.9926,0.9827,0.9995,0.9998,0.9998,0.9998,0.9998,0,1,1,1,1,1,0,H
7257,Art Of Learning Academy,,0.9409,0.9116,0.9641,0.901,0.9387,0.9497,0.9537,0.9532,0.9491,0.8602,0.907,0.923,0.929,0.9283,0.9221,0.9343,0.9639,0.9705,0.9729,0.9727,0.9701,1,1,1,1,1,1,0.7508,M
7268,Arts In Action Community Charter School,66,0.9383,0.8989,0.9377,0.9848,0.9154,0.9301,0.9356,0.9349,0.9293,0.8421,0.8932,0.9115,0.9182,0.9174,0.9102,0.8962,0.9353,0.9468,0.9511,0.9506,0.9463,0,1,1,1,1,1,0.9998,M
7269,Arturo Sanchez Elementary School,43,0.9738,0.9622,0.9817,0.9535,0.9732,0.9783,0.9801,0.9799,0.978,0.9316,0.9618,0.9689,0.9714,0.9711,0.9685,0.96,0.983,0.9863,0.9874,0.9873,0.9861,0,1,1,1,1,1,0,H
7273,Ascension Elementary Catholic,28,0.9927,0.9915,0.997,0.9643,0.9978,0.9984,0.9985,0.9985,0.9984,0.9746,0.9935,0.995,0.9954,0.9953,0.9949,0.9828,0.9995,0.9999,0.9999,0.9999,0.9999,0,1,1,1,1,1,0,H
7274,Ascension Lutheran School,11,0.9429,0.8908,0.9475,1,0.9182,0.9325,0.9378,0.9372,0.9317,0.8314,0.8847,0.904,0.9114,0.9105,0.9029,0.9103,0.9458,0.9556,0.9591,0.9587,0.955,0,1,1,1,1,1,0.9852,M
7278,Ascot Avenue Elementary School,140,0.9809,0.9652,0.9914,0.9643,0.9808,0.9846,0.9858,0.9857,0.9844,0.9357,0.965,0.9716,0.9739,0.9736,0.9712,0.9744,0.9935,0.9949,0.9954,0.9953,0.9949,0,1,1,1,1,1,5e-04,H
7281,Aspire Antonio Maria Lugo Academy,56,0.9415,0.9053,0.9411,0.9821,0.9205,0.9344,0.9396,0.939,0.9336,0.8508,0.9001,0.9173,0.9237,0.9229,0.9163,0.9012,0.9388,0.9499,0.9539,0.9535,0.9493,0,1,1,1,1,1,0.999,M
7283,Aspire Firestone Academy,85,0.9829,0.9627,0.9842,1,0.9751,0.9799,0.9815,0.9813,0.9796,0.9323,0.9624,0.9694,0.9718,0.9716,0.969,0.9637,0.9857,0.9886,0.9895,0.9894,0.9885,0,1,1,1,1,1,3e-04,H
7284,Aspire Gateway Academy,58,0.9737,0.9341,0.9893,0.9828,0.9661,0.9723,0.9746,0.9743,0.972,0.8912,0.9313,0.9436,0.9481,0.9476,0.9429,0.9715,0.9913,0.9931,0.9937,0.9936,0.993,0,1,1,1,1,1,0.1278,H
7285,aspire huntington park charter,24,0.9848,0.9922,0.9969,0.9167,0.9979,0.9986,0.9987,0.9987,0.9986,0.9757,0.9944,0.9956,0.996,0.996,0.9956,0.9828,0.9995,0.9998,0.9999,0.9999,0.9998,0,1,1,1,1,1,0,H
7286,Aspire Inskeep Academy Charter,52,0.9731,0.9645,0.9826,0.9423,0.9749,0.9797,0.9813,0.9811,0.9794,0.9348,0.9643,0.9709,0.9733,0.973,0.9706,0.9614,0.9839,0.9871,0.9882,0.9881,0.987,0,1,1,1,1,1,3e-04,H
7287,Aspire Juanita Tate Academy Charter,54,0.995,0.99,0.9969,0.9815,0.997,0.9978,0.998,0.9979,0.9977,0.9724,0.992,0.9937,0.9942,0.9942,0.9936,0.9827,0.9994,0.9998,0.9998,0.9998,0.9998,0,1,1,1,1,1,0,H
7288,Aspire Junior Collegiate Academy,52,0.8963,0.8384,0.8911,0.9808,0.8577,0.881,0.8899,0.8888,0.8797,0.7613,0.8282,0.8554,0.8661,0.8649,0.8541,0.8319,0.8849,0.9044,0.9118,0.9109,0.9033,0,1,1,1,1,1,1,L
7291,Aspire Slauson Academy Charter,51,0.9849,0.9897,0.9969,0.9216,0.9969,0.9977,0.9979,0.9978,0.9976,0.9719,0.9916,0.9934,0.9939,0.9939,0.9933,0.9826,0.9994,0.9998,0.9998,0.9998,0.9998,0,1,1,1,1,1,0,H
7292,Aspire Titan Academy,52,0.9939,0.9864,0.9968,0.9808,0.9956,0.9967,0.997,0.9969,0.9966,0.9671,0.9881,0.9905,0.9913,0.9912,0.9904,0.9825,0.9993,0.9997,0.9997,0.9997,0.9997,0,1,1,1,1,1,0,H
7300,Assumption of the Blessed Virgin Mary School,23,0.9454,0.9156,0.9518,0.9565,0.932,0.9441,0.9485,0.948,0.9434,0.8652,0.9113,0.9267,0.9325,0.9318,0.9259,0.9165,0.9505,0.9595,0.9628,0.9625,0.9591,0,1,1,1,1,1,0.959,M
7308,Atwater Avenue Elementary School,79,0.9849,0.9714,0.9922,0.9747,0.9841,0.9872,0.9883,0.9882,0.9871,0.945,0.9718,0.9772,0.979,0.9788,0.9769,0.9756,0.9944,0.9956,0.996,0.9959,0.9956,0,1,1,1,1,1,0,H
7319,Aurelia Pennekamp Elementary School,96,0.977,0.957,0.9836,0.9792,0.9716,0.977,0.9789,0.9787,0.9767,0.9239,0.9562,0.9642,0.9671,0.9667,0.9637,0.9628,0.985,0.9879,0.9889,0.9888,0.9878,0,1,1,1,1,1,0.0027,H
7320,Aurora Elementary School,81,0.9865,0.9567,0.9964,0.9753,0.9862,0.989,0.9899,0.9898,0.9888,0.9231,0.9558,0.9639,0.9669,0.9666,0.9636,0.982,0.999,0.9994,0.9995,0.9995,0.9994,0,1,1,1,1,1,0.0118,H
7325,Avalon Gardens Elementary School,41,0.9835,0.9789,0.9922,0.9512,0.9877,0.9902,0.991,0.9909,0.9901,0.9559,0.9799,0.9837,0.9851,0.985,0.9836,0.9756,0.9943,0.9956,0.996,0.9959,0.9956,0,1,1,1,1,1,0,H
7326,Avalon K-12,35,0.9693,0.9899,0.9968,0.8286,0.9967,0.9976,0.9978,0.9977,0.9975,0.9721,0.9918,0.9936,0.9941,0.994,0.9935,0.9826,0.9994,0.9997,0.9998,0.9998,0.9997,0,1,1,1,1,1,0,H
7332,Aveson School Of Leaders,72,0.9587,0.9396,0.9627,0.9583,0.9505,0.9595,0.9628,0.9624,0.959,0.8991,0.9374,0.9485,0.9527,0.9522,0.9479,0.9324,0.9624,0.9694,0.9718,0.9716,0.969,0,1,1,1,1,1,0.375,H
7359,Badillo Elementary School,78,0.9471,0.919,0.9458,0.9744,0.9302,0.9425,0.9471,0.9466,0.9418,0.8701,0.915,0.9299,0.9354,0.9348,0.9291,0.9078,0.944,0.954,0.9577,0.9573,0.9534,0,1,1,1,1,1,0.9952,M
7363,Bais Chaya Mushka Chabad School,23,0.9889,0.9867,0.996,0.9565,0.9942,0.9955,0.9958,0.9958,0.9954,0.9675,0.9884,0.9907,0.9915,0.9914,0.9906,0.9814,0.9985,0.999,0.9991,0.9991,0.999,0,1,1,1,1,1,0,H
7367,Baker Elementary School,113,0.9905,0.964,0.9967,0.9823,0.9903,0.9923,0.993,0.9929,0.9922,0.9342,0.9637,0.9704,0.9728,0.9726,0.97,0.9824,0.9992,0.9996,0.9996,0.9996,0.9996,0,1,1,1,1,1,0.0058,H
7368,Balboa Elementary School,137,0.9889,0.9761,0.9909,0.9927,0.9856,0.9884,0.9894,0.9893,0.9883,0.9518,0.9769,0.9813,0.9828,0.9827,0.9811,0.9736,0.9929,0.9945,0.9949,0.9949,0.9944,0,1,1,1,1,1,0,H
7372,Baldwin Academy,121,0.9851,0.9927,0.997,0.9174,0.9981,0.9987,0.9988,0.9988,0.9987,0.9765,0.9949,0.9961,0.9964,0.9964,0.9961,0.9828,0.9995,0.9999,0.9999,0.9999,0.9999,0,1,1,1,1,1,0,H
7374,Baldwin Hills Elementary School,63,0.9797,0.9622,0.9962,0.9365,0.9858,0.9886,0.9895,0.9894,0.9885,0.9315,0.9618,0.9688,0.9714,0.9711,0.9685,0.9816,0.9987,0.9992,0.9992,0.9992,0.9991,0,1,1,1,1,1,0.0035,H
7382,Baldwin Stocker Elementary School,123,0.9639,0.9297,0.9695,0.9919,0.9499,0.959,0.9623,0.9619,0.9585,0.8848,0.9266,0.9396,0.9444,0.9439,0.9389,0.9422,0.9697,0.9754,0.9774,0.9772,0.9751,0,1,1,1,1,1,0.4282,H
7388,Bandini Elementary School,50,0.9789,0.9849,0.996,0.9,0.9933,0.9948,0.9952,0.9952,0.9947,0.9648,0.9865,0.9892,0.9901,0.99,0.989,0.9814,0.9985,0.999,0.9991,0.9991,0.999,0,1,1,1,1,1,0,H
7389,Bandini Street Elementary School,65,0.9715,0.9481,0.9756,0.9846,0.9624,0.9694,0.9719,0.9716,0.969,0.9112,0.9466,0.9563,0.9598,0.9593,0.9557,0.9509,0.9763,0.9808,0.9824,0.9822,0.9806,0,1,1,1,1,1,0.0405,H
7398,barack obama charter,76,0.9928,0.9887,0.9966,0.9737,0.9957,0.9968,0.997,0.997,0.9967,0.9705,0.9906,0.9926,0.9932,0.9931,0.9925,0.9823,0.9992,0.9996,0.9996,0.9996,0.9996,0,1,1,1,1,1,0,H
7403,Barfield Elementary School,43,0.9759,0.9145,0.9962,0.9535,0.9763,0.9807,0.9823,0.9821,0.9805,0.8638,0.9101,0.9256,0.9313,0.9306,0.9247,0.9817,0.9987,0.9992,0.9993,0.9993,0.9992,0,1,1,1,1,1,0.1138,H
7406,Barnhart School,11,0.9899,0.961,0.9961,1,0.9853,0.9882,0.9891,0.989,0.988,0.9298,0.9605,0.9678,0.9705,0.9702,0.9675,0.9815,0.9986,0.9991,0.9992,0.9992,0.9991,0,1,1,1,1,1,0.003,H
7407,Barranca Elementary School,103,0.972,0.9495,0.9739,0.9903,0.9619,0.9689,0.9715,0.9712,0.9685,0.9133,0.948,0.9575,0.9609,0.9605,0.957,0.9484,0.9744,0.9793,0.9809,0.9807,0.979,0,1,1,1,1,1,0.0297,H
7408,Barrel Springs Elementary School,134,0.9882,0.9749,0.9905,0.9925,0.9846,0.9876,0.9887,0.9885,0.9875,0.95,0.9756,0.9802,0.9819,0.9817,0.98,0.9731,0.9925,0.9941,0.9946,0.9945,0.994,0,1,1,1,1,1,0,H
7410,Barton Elementary School,90,0.9948,0.992,0.9969,0.9778,0.9977,0.9983,0.9985,0.9985,0.9983,0.9753,0.9941,0.9954,0.9958,0.9958,0.9954,0.9827,0.9995,0.9998,0.9998,0.9998,0.9998,0,1,1,1,1,1,0,H
7412,Barton Hill Elementary School,64,0.9762,0.9612,0.9825,0.9688,0.973,0.9781,0.9799,0.9797,0.9778,0.9301,0.9608,0.9681,0.9707,0.9704,0.9676,0.9611,0.9838,0.987,0.9881,0.988,0.9868,0,1,1,1,1,1,5e-04,H
7420,Bassett Street Elementary School,147,0.9798,0.9617,0.9811,0.9932,0.9723,0.9775,0.9794,0.9792,0.9772,0.9308,0.9613,0.9684,0.971,0.9707,0.968,0.9591,0.9823,0.9857,0.9869,0.9868,0.9855,0,1,1,1,1,1,3e-04,H
7421,Baxter Montessori School,57,0.9423,0.9002,0.9466,0.9825,0.9215,0.9353,0.9404,0.9398,0.9345,0.8435,0.8945,0.9126,0.9193,0.9185,0.9115,0.909,0.9449,0.9548,0.9584,0.958,0.9542,0,1,1,1,1,1,0.989,M
7423,Bay Laurel Elementary School,76,0.9022,0.8217,0.9205,0.9737,0.8676,0.8894,0.8977,0.8967,0.8882,0.74,0.8104,0.84,0.8512,0.8498,0.838,0.8724,0.9166,0.9311,0.9365,0.9358,0.9302,0,1,1,1,1,1,1,M
7436,Beachy Avenue Elementary School,91,0.9535,0.9041,0.9701,0.978,0.9384,0.9493,0.9534,0.9529,0.9487,0.8494,0.8988,0.9163,0.9228,0.9221,0.9154,0.9429,0.9703,0.9759,0.9779,0.9777,0.9757,0,1,1,1,1,1,0.6968,H
7438,Beardslee Dual Language Immersion Academy (Pk-8),72,0.9867,0.9903,0.9969,0.9306,0.9973,0.998,0.9982,0.9982,0.998,0.9727,0.9923,0.994,0.9945,0.9944,0.9939,0.9827,0.9995,0.9998,0.9998,0.9998,0.9998,0,1,1,1,1,1,0,H
7440,Beatitudes Of Our Lord Elementary School,54,0.9878,0.975,0.9931,0.9815,0.9866,0.9893,0.9902,0.9901,0.9892,0.9502,0.9757,0.9803,0.9819,0.9817,0.98,0.977,0.9953,0.9964,0.9967,0.9967,0.9964,0,1,1,1,1,1,0,H
7442,Beckford Charter for Enriched Studies,138,0.956,0.8964,0.9738,0.9928,0.9385,0.9494,0.9534,0.953,0.9488,0.8393,0.8907,0.9092,0.9161,0.9153,0.9081,0.9483,0.9744,0.9793,0.981,0.9807,0.979,0,1,1,1,1,1,0.6478,H
7443,Beethoven Street Elementary School,49,0.9311,0.8913,0.9445,0.9388,0.916,0.9306,0.936,0.9354,0.9298,0.832,0.8852,0.9046,0.9119,0.9112,0.9037,0.906,0.9427,0.953,0.9567,0.9563,0.9523,0,1,1,1,1,1,0.9935,M
7455,Bell Gardens Elementary School,124,0.9918,0.9652,0.9966,0.9919,0.9899,0.992,0.9926,0.9926,0.9919,0.9359,0.965,0.9715,0.9738,0.9736,0.9712,0.9822,0.9991,0.9995,0.9996,0.9996,0.9995,0,1,1,1,1,1,0.0063,H
7460,Bell Gardens Christian Elementary School,13,0.9587,0.9317,0.9822,0.9231,0.9588,0.9663,0.9691,0.9687,0.9659,0.8879,0.9288,0.9414,0.946,0.9454,0.9406,0.9606,0.9835,0.9867,0.9878,0.9877,0.9865,0,1,1,1,1,1,0.2232,H
7465,Bell Tower Trilingual School,25,0.9498,0.9103,0.9639,0.96,0.9374,0.9485,0.9526,0.9522,0.9479,0.8578,0.9056,0.9219,0.9279,0.9272,0.9209,0.9337,0.9636,0.9704,0.9728,0.9725,0.97,0,1,1,1,1,1,0.765,M
7466,Bella Vista Elementary School,98,0.9927,0.9852,0.9964,0.9796,0.9941,0.9954,0.9958,0.9958,0.9954,0.9654,0.9868,0.9894,0.9903,0.9902,0.9893,0.982,0.999,0.9994,0.9995,0.9995,0.9994,0,1,1,1,1,1,0,H
7479,Bellingham Elementary School,112,0.9502,0.9311,0.9716,0.9018,0.9518,0.9605,0.9637,0.9634,0.9601,0.8871,0.928,0.9408,0.9455,0.945,0.9401,0.9451,0.972,0.9773,0.9791,0.9789,0.977,0,1,1,1,1,1,0.3685,H
7484,Belvedere Elementary School,124,0.9921,0.9702,0.9966,0.9919,0.9903,0.9923,0.9929,0.9929,0.9922,0.943,0.9704,0.9761,0.9781,0.9779,0.9759,0.9822,0.9991,0.9995,0.9996,0.9995,0.9995,0,1,1,1,1,1,0.001,H
7487,Ben Lomond Elementary School,102,0.9514,0.9152,0.953,0.9902,0.9325,0.9445,0.9489,0.9484,0.9438,0.8646,0.9109,0.9265,0.9322,0.9316,0.9256,0.9183,0.9519,0.9607,0.9638,0.9634,0.9601,0,1,1,1,1,1,0.9462,H
7490,Benjamin Franklin Elementary School,91,0.9739,0.9571,0.9767,0.978,0.9675,0.9735,0.9757,0.9755,0.9732,0.9241,0.9562,0.9642,0.9672,0.9668,0.9639,0.9526,0.9775,0.9819,0.9834,0.9832,0.9816,0,1,1,1,1,1,8e-04,H
7493,Bennett/Kew Elementary School,55,0.9391,0.9064,0.9343,0.9818,0.9171,0.9316,0.937,0.9363,0.9308,0.8524,0.9015,0.9183,0.9247,0.924,0.9174,0.8915,0.9316,0.9437,0.9482,0.9476,0.943,0,1,1,1,1,1,1,M
7502,Berenece Carlson Home Hospital,26,0.9712,0.9873,0.9966,0.8462,0.9952,0.9964,0.9967,0.9966,0.9963,0.9683,0.989,0.9913,0.992,0.9919,0.9911,0.9822,0.9991,0.9995,0.9996,0.9996,0.9995,0,1,1,1,1,1,0,H
7503,Berkeley Hall School,23,0.9901,0.9861,0.9968,0.9565,0.996,0.997,0.9972,0.9972,0.9969,0.9664,0.9877,0.9902,0.991,0.9909,0.9901,0.9826,0.9994,0.9997,0.9998,0.9998,0.9997,0,1,1,1,1,1,0,H
7508,Bertrand Avenue Elementary School,80,0.9902,0.9819,0.9956,0.975,0.9916,0.9934,0.9939,0.9939,0.9933,0.9604,0.9832,0.9865,0.9877,0.9875,0.9864,0.9808,0.9981,0.9987,0.9988,0.9988,0.9987,0,1,1,1,1,1,0,H
7509,Beryl Heights Elementary School,65,0.966,0.9431,0.9666,0.9846,0.9546,0.9629,0.9659,0.9656,0.9624,0.9042,0.9411,0.9517,0.9556,0.9552,0.9512,0.938,0.9666,0.9728,0.9751,0.9748,0.9725,0,1,1,1,1,1,0.1673,H
7514,beth hillel day,21,0.9903,0.9905,0.9969,0.9524,0.9972,0.998,0.9981,0.9981,0.9979,0.9731,0.9925,0.9941,0.9946,0.9946,0.9941,0.9827,0.9994,0.9998,0.9998,0.9998,0.9998,0,1,1,1,1,1,0,H
7516,Bethany Baptist Elementary,39,0.8901,0.7917,0.9227,0.9487,0.8567,0.88,0.8889,0.8878,0.8787,0.7021,0.7781,0.8115,0.8247,0.8232,0.8098,0.8751,0.9191,0.9334,0.9386,0.938,0.9325,0,1,1,1,1,1,0.9985,L
7518,Bethany Christian School,21,0.9846,0.978,0.9946,0.9524,0.989,0.9912,0.992,0.9919,0.9911,0.9547,0.9789,0.983,0.9844,0.9843,0.9828,0.9793,0.997,0.9978,0.998,0.998,0.9978,0,1,1,1,1,1,0,H
7519,Bethany Lutheran School,26,0.9856,0.9912,0.9969,0.9231,0.9975,0.9982,0.9984,0.9984,0.9982,0.9742,0.9933,0.9948,0.9952,0.9951,0.9947,0.9827,0.9995,0.9998,0.9998,0.9998,0.9998,0,1,1,1,1,1,0,H
7523,bethel christian school,36,0.9108,0.874,0.9094,0.9444,0.8862,0.9054,0.9126,0.9118,0.9043,0.8082,0.8665,0.8885,0.8968,0.8958,0.8872,0.8568,0.9048,0.9211,0.9272,0.9265,0.9202,0,1,1,1,1,1,1,M
7535,Betty Plasencia Elementary School,98,0.9286,0.8449,0.9572,0.9796,0.9031,0.9196,0.9258,0.925,0.9186,0.7704,0.8351,0.8616,0.8715,0.8704,0.8599,0.9242,0.9564,0.9644,0.9674,0.9671,0.9641,0,1,1,1,1,1,0.946,M
7536,beulah payne steam academy,,0.952,0.9361,0.9657,0.9168,0.9507,0.9596,0.9629,0.9625,0.9592,0.894,0.9336,0.9454,0.9498,0.9493,0.9448,0.9367,0.9656,0.972,0.9743,0.974,0.9716,1,1,1,1,1,1,0.3805,H
7537,beverly christian,,0.9909,0.9823,0.9963,0.9737,0.993,0.9945,0.9949,0.9949,0.9944,0.9609,0.9836,0.9869,0.988,0.9878,0.9867,0.9817,0.9988,0.9992,0.9993,0.9993,0.9992,1,1,1,1,1,1,0,H
7539,"Beverly Christian Academy, Inc.",32,0.9629,0.9507,0.9717,0.9375,0.9614,0.9685,0.9711,0.9708,0.9682,0.9148,0.9493,0.9585,0.9618,0.9614,0.958,0.9453,0.9721,0.9773,0.9792,0.979,0.9771,0,1,1,1,1,1,0.0192,H
7563,Billy Mitchell Elementary School,129,0.9704,0.9381,0.9777,0.9922,0.9591,0.9666,0.9693,0.969,0.9662,0.8966,0.9356,0.9472,0.9514,0.9509,0.9465,0.9541,0.9786,0.9827,0.9841,0.984,0.9825,0,1,1,1,1,1,0.166,H
7565,Birdielee V. Bright Elementary School,70,0.9845,0.9655,0.9912,0.9857,0.9809,0.9846,0.9859,0.9857,0.9844,0.9364,0.9653,0.9717,0.9741,0.9738,0.9714,0.9741,0.9932,0.9947,0.9952,0.9951,0.9947,0,1,1,1,1,1,0,H
7568,Birney Elementary School,68,0.9886,0.9434,0.9967,0.9853,0.9869,0.9895,0.9904,0.9903,0.9894,0.9048,0.9414,0.9519,0.9559,0.9554,0.9514,0.9824,0.9993,0.9996,0.9997,0.9997,0.9996,0,1,1,1,1,1,0.0325,H
7571,Birney Tech Academy,67,0.9688,0.9471,0.9701,0.9851,0.9585,0.9662,0.9689,0.9686,0.9657,0.9099,0.9454,0.9553,0.9589,0.9585,0.9548,0.9431,0.9704,0.976,0.9779,0.9777,0.9757,0,1,1,1,1,1,0.065,H
7579,Bitely (Arlene) Elementary School,105,0.9787,0.9552,0.9841,0.9905,0.9714,0.9768,0.9787,0.9785,0.9765,0.9215,0.9542,0.9625,0.9656,0.9652,0.962,0.9638,0.9856,0.9884,0.9894,0.9893,0.9883,0,1,1,1,1,1,0.005,H
7580,Bixby Elementary School,106,0.9431,0.8793,0.9601,0.9906,0.9208,0.9346,0.9397,0.9392,0.9338,0.8154,0.8721,0.8935,0.9017,0.9008,0.8925,0.9285,0.9595,0.9671,0.9697,0.9694,0.9667,0,1,1,1,1,1,0.893,M
7585,Blandford Elementary School,110,0.9841,0.973,0.9895,0.9727,0.9834,0.9867,0.9878,0.9876,0.9865,0.9472,0.9735,0.9786,0.9803,0.9801,0.9782,0.9717,0.9914,0.9932,0.9938,0.9937,0.9932,0,1,1,1,1,1,0,H
7587,Blessed Sacrament School,21,0.9003,0.941,0.9758,0.5714,0.9591,0.9666,0.9693,0.969,0.9662,0.9009,0.9389,0.9498,0.9538,0.9533,0.9491,0.9513,0.9766,0.9811,0.9827,0.9825,0.9808,0,1,1,1,1,1,0.143,M
7594,Blythe Street Elementary School,74,0.9876,0.9758,0.9906,0.9865,0.9852,0.9881,0.9891,0.989,0.988,0.9515,0.9766,0.981,0.9826,0.9824,0.9808,0.9732,0.9926,0.9942,0.9947,0.9946,0.9941,0,1,1,1,1,1,0,H
7601,bobbie smith elementary,116,0.9824,0.9156,0.9964,0.9914,0.9765,0.9809,0.9824,0.9823,0.9807,0.8652,0.9112,0.9265,0.9322,0.9316,0.9258,0.9819,0.9989,0.9994,0.9994,0.9994,0.9994,0,1,1,1,1,1,0.1057,H
7605,Bonita Street Elementary School,98,0.9908,0.972,0.9966,0.9796,0.9915,0.9933,0.9938,0.9938,0.9932,0.946,0.9725,0.9777,0.9794,0.9792,0.9773,0.9823,0.9992,0.9996,0.9996,0.9996,0.9996,0,1,1,1,1,1,0,H
7613,Born Learners School,23,0.7308,0.5662,0.7971,0.8261,0.6715,0.7143,0.7316,0.7295,0.7117,0.4494,0.5422,0.5919,0.6127,0.6104,0.5891,0.7084,0.7837,0.8168,0.8297,0.8285,0.8154,0,1,1,1,1,1,1,L
7631,Braddock Drive Elementary School,104,0.9955,0.9867,0.9967,0.9904,0.9956,0.9966,0.9969,0.9969,0.9966,0.9676,0.9884,0.9907,0.9915,0.9914,0.9906,0.9824,0.9992,0.9996,0.9997,0.9996,0.9996,0,1,1,1,1,1,0,H
7632,Bradoaks Elementary School,47,0.9575,0.9542,0.9734,0.8936,0.9641,0.9708,0.9732,0.9729,0.9704,0.9199,0.9531,0.9618,0.9649,0.9645,0.9613,0.9479,0.974,0.9789,0.9806,0.9804,0.9786,0,1,1,1,1,1,0.0022,H
7633,Bragg Elementary School,101,0.9333,0.8973,0.9404,0.9505,0.9163,0.9308,0.9363,0.9357,0.93,0.84,0.8914,0.91,0.9169,0.9161,0.909,0.9005,0.9383,0.9493,0.9533,0.9529,0.9487,0,1,1,1,1,1,0.9985,M
7634,Brainard Elementary School,37,0.9682,0.9459,0.9836,0.9459,0.967,0.9731,0.9753,0.975,0.9728,0.9077,0.944,0.9542,0.9578,0.9574,0.9536,0.9629,0.985,0.988,0.9889,0.9888,0.9878,0,1,1,1,1,1,0.0498,H
7642,Brawerman West Elementary of Wilshire BLVD Temple,,0.9573,0.9466,0.967,0.9245,0.9565,0.9645,0.9674,0.967,0.9641,0.909,0.9448,0.9548,0.9584,0.958,0.9542,0.9385,0.967,0.9732,0.9754,0.9751,0.9729,1,1,1,1,1,1,0.0855,H
7643,Brawerman Elementary School - Wilshire Blvd Temple,32,0.9598,0.9411,0.9723,0.9375,0.957,0.9649,0.9677,0.9674,0.9644,0.9011,0.9388,0.9499,0.954,0.9536,0.9494,0.9462,0.9728,0.978,0.9798,0.9796,0.9777,0,1,1,1,1,1,0.1585,H
7644,Bread of Life Church School,11,0.9977,0.9883,0.9968,1,0.9964,0.9973,0.9975,0.9975,0.9973,0.9697,0.9901,0.9921,0.9928,0.9927,0.992,0.9826,0.9994,0.9997,0.9998,0.9998,0.9997,0,1,1,1,1,1,0,H
7646,Breed Street Elementary School,53,0.9815,0.9224,0.9963,0.9811,0.9778,0.9819,0.9834,0.9832,0.9817,0.8751,0.9188,0.9329,0.9381,0.9375,0.9321,0.9819,0.9989,0.9993,0.9994,0.9994,0.9993,0,1,1,1,1,1,0.1027,H
7647,Brentwood School,52,0.9551,0.9256,0.9568,0.9808,0.94,0.9507,0.9547,0.9542,0.9501,0.8791,0.9221,0.9358,0.9408,0.9402,0.9349,0.9237,0.956,0.964,0.9669,0.9666,0.9636,0,1,1,1,1,1,0.837,H
7649,Brentwood Science School,20,0.9666,0.9553,0.972,0.95,0.9637,0.9704,0.9728,0.9726,0.9701,0.9213,0.9543,0.9626,0.9657,0.9653,0.9622,0.9458,0.9724,0.9776,0.9794,0.9792,0.9774,0,1,1,1,1,1,0.0013,H
7650,Bret Harte Elementary School,97,0.9184,0.874,0.9138,0.9794,0.8887,0.9076,0.9147,0.9138,0.9065,0.8085,0.8666,0.8886,0.897,0.8961,0.8874,0.8629,0.9094,0.9251,0.931,0.9303,0.9241,0,1,1,1,1,1,1,M
7659,Bridge Street Elementary School,48,0.9615,0.9365,0.9719,0.9583,0.9544,0.9627,0.9657,0.9654,0.9623,0.8942,0.9339,0.9458,0.9501,0.9496,0.9451,0.9457,0.9723,0.9776,0.9795,0.9792,0.9773,0,1,1,1,1,1,0.2692,H
7660,Bridgeport Elementary School,138,0.969,0.9047,0.9954,0.9638,0.964,0.9705,0.9729,0.9726,0.9702,0.8506,0.8996,0.9168,0.9232,0.9225,0.9158,0.9804,0.9978,0.9984,0.9986,0.9986,0.9984,0,1,1,1,1,1,0.25,H
7661,Bridgeport School,13,0.962,0.9546,0.9719,0.9231,0.9635,0.9703,0.9727,0.9724,0.9699,0.9205,0.9536,0.9621,0.9651,0.9648,0.9616,0.9457,0.9724,0.9776,0.9794,0.9792,0.9773,0,1,1,1,1,1,0.0015,H
7684,Brighter Days Montessori School,14,0.8784,0.9885,0.9968,0.2857,0.996,0.997,0.9973,0.9972,0.997,0.9701,0.9903,0.9924,0.993,0.9929,0.9923,0.9825,0.9993,0.9997,0.9997,0.9997,0.9997,0,1,1,1,1,1,0,L
7688,Brightwood Elementary School,66,0.996,0.9914,0.9969,0.9848,0.9976,0.9983,0.9984,0.9984,0.9982,0.9745,0.9935,0.9949,0.9953,0.9953,0.9948,0.9827,0.9995,0.9998,0.9998,0.9998,0.9998,0,1,1,1,1,1,0,H
7692,Broad Avenue Elementary School,122,0.9927,0.9868,0.9967,0.9754,0.9952,0.9963,0.9966,0.9966,0.9963,0.9677,0.9885,0.9909,0.9916,0.9915,0.9907,0.9823,0.9992,0.9996,0.9996,0.9996,0.9996,0,1,1,1,1,1,0,H
7693,Broadacres Avenue Elementary School,67,0.9686,0.9706,0.991,0.8806,0.9831,0.9864,0.9876,0.9874,0.9863,0.9437,0.9709,0.9764,0.9783,0.9781,0.9761,0.9739,0.9931,0.9946,0.995,0.995,0.9945,0,1,1,1,1,1,0,H
7696,Broadoaks School Of Whittier College,24,0.982,0.9712,0.9919,0.9583,0.9838,0.987,0.988,0.9879,0.9868,0.9447,0.9716,0.9769,0.9788,0.9786,0.9767,0.9752,0.994,0.9954,0.9958,0.9957,0.9953,0,1,1,1,1,1,0,H
7698,Broadway Elementary School,108,0.9845,0.9691,0.9868,0.9907,0.9797,0.9836,0.985,0.9848,0.9834,0.9416,0.9693,0.9751,0.9771,0.9769,0.9748,0.9675,0.9885,0.9908,0.9916,0.9915,0.9907,0,1,1,1,1,1,0,H
7699,Brockton Avenue Elementary School,56,0.9762,0.9557,0.9807,0.9821,0.9698,0.9755,0.9775,0.9773,0.9752,0.9219,0.9548,0.963,0.966,0.9656,0.9625,0.9586,0.9819,0.9855,0.9867,0.9866,0.9853,0,1,1,1,1,1,0.0032,H
7701,Brooklyn Avenue Elementary School,62,0.9842,0.9689,0.9887,0.9839,0.9808,0.9845,0.9858,0.9857,0.9844,0.9413,0.9691,0.9749,0.977,0.9767,0.9746,0.9705,0.9906,0.9926,0.9932,0.9931,0.9925,0,1,1,1,1,1,0,H
7705,Bryant Elementary School,54,0.9755,0.9707,0.9897,0.9259,0.9823,0.9857,0.9869,0.9868,0.9855,0.944,0.9711,0.9765,0.9784,0.9782,0.9762,0.972,0.9917,0.9935,0.994,0.994,0.9934,0,1,1,1,1,1,0,H
7706,Bryson Avenue Elementary School,161,0.9325,0.89,0.935,0.9752,0.9095,0.9251,0.931,0.9303,0.9242,0.8297,0.8836,0.9032,0.9107,0.9098,0.9023,0.8923,0.9322,0.9443,0.9488,0.9483,0.9437,0,1,1,1,1,1,1,M
7708,Buchanan Street Elementary School,63,0.9881,0.9417,0.9967,0.9841,0.9865,0.9892,0.99,0.9899,0.989,0.9022,0.9396,0.9503,0.9542,0.9537,0.9496,0.9823,0.9992,0.9996,0.9996,0.9996,0.9996,0,1,1,1,1,1,0.0338,H
7709,"Buckley School, The",39,0.9035,0.8427,0.9162,0.9487,0.8751,0.8959,0.9038,0.9029,0.8947,0.7673,0.8328,0.8596,0.8699,0.8686,0.8578,0.8661,0.912,0.9273,0.933,0.9324,0.9265,0,1,1,1,1,1,1,M
7712,Buckner Educational Christian Academy,24,0.9736,0.9595,0.9815,0.9583,0.9717,0.977,0.9789,0.9787,0.9767,0.9277,0.9589,0.9664,0.9692,0.9689,0.9661,0.9598,0.9827,0.9861,0.9873,0.9871,0.986,0,1,1,1,1,1,3e-04,H
7718,Budlong Avenue Elementary School,124,0.9831,0.9725,0.9897,0.9677,0.9831,0.9864,0.9875,0.9874,0.9862,0.9465,0.9729,0.9781,0.9799,0.9797,0.9779,0.9719,0.9916,0.9934,0.9939,0.9939,0.9933,0,1,1,1,1,1,0,H
7719,Buena Vista Elementary School,97,0.9826,0.9685,0.9875,0.9794,0.9797,0.9836,0.985,0.9848,0.9834,0.9408,0.9686,0.9745,0.9766,0.9764,0.9742,0.9687,0.9893,0.9915,0.9922,0.9921,0.9914,0,1,1,1,1,1,0,H
7724,Buford Elementary School,92,0.9821,0.9686,0.9865,0.9783,0.9792,0.9832,0.9846,0.9844,0.983,0.9409,0.9688,0.9746,0.9767,0.9764,0.9743,0.9672,0.9882,0.9906,0.9914,0.9913,0.9905,0,1,1,1,1,1,0,H
7738,Burbank Elementary School,115,0.9919,0.9804,0.9963,0.9826,0.9922,0.9939,0.9944,0.9943,0.9938,0.9582,0.9816,0.9851,0.9863,0.9862,0.9849,0.9818,0.9989,0.9993,0.9994,0.9994,0.9993,0,1,1,1,1,1,0,H
7743,Burbank Boulevard Elementary School,57,0.7162,0.6203,0.6608,0.9825,0.6188,0.6657,0.6849,0.6827,0.6629,0.5057,0.5977,0.6459,0.6658,0.6635,0.6431,0.55,0.6401,0.6857,0.7042,0.702,0.6828,0,1,1,1,1,1,1,L
7749,Burbank (Luther) Elementary School,48,0.9631,0.9021,0.9934,0.9583,0.9568,0.9646,0.9675,0.9671,0.9642,0.8471,0.8969,0.9144,0.9213,0.9205,0.9137,0.9773,0.9956,0.9967,0.997,0.997,0.9967,0,1,1,1,1,1,0.3378,H
7758,Burcham Elementary School,70,0.7937,0.593,0.8611,0.9857,0.7191,0.7577,0.773,0.7712,0.7554,0.4764,0.5688,0.6187,0.6395,0.637,0.6163,0.7922,0.8531,0.8765,0.8855,0.8843,0.8747,0,1,1,1,1,1,1,L
7763,Burnett Elementary School,196,0.9709,0.9663,0.9927,0.898,0.9823,0.9858,0.987,0.9868,0.9856,0.9376,0.9663,0.9726,0.9747,0.9745,0.9722,0.9764,0.9949,0.9961,0.9964,0.9964,0.9961,0,1,1,1,1,1,5e-04,H
7770,Bursch Elementary School,47,0.9383,0.9047,0.9442,0.9574,0.9217,0.9354,0.9405,0.9399,0.9347,0.8503,0.8995,0.9167,0.9232,0.9225,0.9158,0.9054,0.9423,0.9526,0.9564,0.956,0.952,0,1,1,1,1,1,0.9962,M
7772,Burton Street Elementary School,70,0.9785,0.9591,0.9876,0.9714,0.9756,0.9802,0.9819,0.9817,0.98,0.9271,0.9584,0.966,0.9688,0.9685,0.9656,0.9688,0.9893,0.9915,0.9922,0.9922,0.9914,0,1,1,1,1,1,0.0015,H
7773,Bushnell Way Elementary School,41,0.9908,0.9931,0.997,0.9512,0.9982,0.9988,0.9989,0.9989,0.9988,0.977,0.9954,0.9964,0.9967,0.9967,0.9964,0.9828,0.9995,0.9998,0.9999,0.9999,0.9998,0,1,1,1,1,1,0,H
7775,Busy Bees Wonderland Day Care,,0.9942,0.9889,0.9968,0.9787,0.9965,0.9974,0.9976,0.9976,0.9974,0.9708,0.9908,0.9927,0.9933,0.9933,0.9926,0.9826,0.9994,0.9997,0.9998,0.9998,0.9997,1,1,1,1,1,1,0,H
7783,C. And E. Merdinian Armenian Evangelical School,42,0.9632,0.9928,0.997,0.7857,0.9982,0.9988,0.9989,0.9989,0.9988,0.9766,0.995,0.9962,0.9965,0.9965,0.9961,0.9829,0.9995,0.9999,0.9999,0.9999,0.9999,0,1,1,1,1,1,0,H
7788,Cabrillo Avenue Elementary School,70,0.9753,0.9555,0.9781,0.9857,0.9677,0.9737,0.9759,0.9756,0.9734,0.9217,0.9546,0.9628,0.9659,0.9655,0.9624,0.9549,0.9791,0.9831,0.9846,0.9844,0.983,0,1,1,1,1,1,0.0022,H
7791,Cahuenga Elementary School,70,0.9728,0.9558,0.9721,0.9857,0.9641,0.9707,0.9731,0.9728,0.9704,0.9224,0.955,0.9632,0.9661,0.9657,0.9626,0.9458,0.9724,0.9777,0.9795,0.9794,0.9775,0,1,1,1,1,1,3e-04,H
7800,Calabash Charter Academy,82,0.9648,0.9371,0.9718,0.9756,0.955,0.9632,0.9662,0.9659,0.9628,0.8961,0.9347,0.9462,0.9505,0.95,0.9456,0.9455,0.9723,0.9775,0.9793,0.9791,0.9772,0,1,1,1,1,1,0.2382,H
7801,Calahan Street Elementary,104,0.9565,0.9378,0.9649,0.9423,0.9511,0.9599,0.9632,0.9628,0.9595,0.8964,0.9354,0.9468,0.951,0.9505,0.9461,0.9355,0.9647,0.9713,0.9736,0.9733,0.9708,0,1,1,1,1,1,0.356,H
7812,California Elementary School,68,0.9916,0.9932,0.997,0.9559,0.9983,0.9989,0.999,0.9989,0.9988,0.9772,0.9955,0.9966,0.9968,0.9968,0.9965,0.9829,0.9996,0.9999,0.9999,0.9999,0.9999,0,1,1,1,1,1,0,H
7823,California Creative Learning Academy,90,0.9935,0.9871,0.9968,0.9778,0.9957,0.9967,0.997,0.997,0.9967,0.9681,0.9889,0.9911,0.9919,0.9918,0.991,0.9825,0.9994,0.9997,0.9997,0.9997,0.9997,0,1,1,1,1,1,0,H
7832,california pacific charter- los angeles,25,0.9653,0.9922,0.9969,0.8,0.9978,0.9985,0.9986,0.9986,0.9984,0.9757,0.9944,0.9956,0.996,0.996,0.9956,0.9828,0.9995,0.9998,0.9999,0.9998,0.9998,0,1,1,1,1,1,0,H
7842,Calvary Baptist Christian,,0.9513,0.9416,0.9603,0.9158,0.95,0.9591,0.9624,0.962,0.9586,0.9019,0.9395,0.9503,0.9543,0.9538,0.9497,0.9288,0.9598,0.9672,0.9699,0.9696,0.9668,1,1,1,1,1,1,0.3855,H
7844,Calvary Chapel Christian,65,0.9283,0.8738,0.9453,0.9538,0.9085,0.9243,0.9302,0.9295,0.9234,0.8077,0.866,0.8885,0.8968,0.8958,0.8871,0.9072,0.9435,0.9536,0.9573,0.9569,0.953,0,1,1,1,1,1,0.9905,M
7857,Calvary Christian School,54,0.9697,0.9532,0.9756,0.963,0.965,0.9715,0.9739,0.9736,0.9712,0.9184,0.952,0.9607,0.9639,0.9636,0.9603,0.9511,0.9763,0.9808,0.9824,0.9822,0.9806,0,1,1,1,1,1,0.007,H
7870,Calvert Charter For Enriched Studies,58,0.9632,0.943,0.9676,0.9655,0.9551,0.9633,0.9663,0.966,0.9629,0.9039,0.941,0.9516,0.9554,0.955,0.951,0.9393,0.9676,0.9737,0.9759,0.9756,0.9734,0,1,1,1,1,1,0.158,H
7872,Camellia Avenue Elementary School,113,0.9907,0.9641,0.9964,0.9912,0.9885,0.9908,0.9916,0.9915,0.9907,0.9345,0.9639,0.9705,0.9729,0.9726,0.9701,0.982,0.999,0.9994,0.9995,0.9995,0.9994,0,1,1,1,1,1,0.0037,H
7876,Cameron Elementary School,77,0.9942,0.9912,0.997,0.974,0.9976,0.9983,0.9984,0.9984,0.9983,0.9741,0.9932,0.9947,0.9951,0.9951,0.9946,0.9828,0.9995,0.9999,0.9999,0.9999,0.9999,0,1,1,1,1,1,0,H
7880,Camino Grove Elementary School,121,0.98,0.9582,0.9847,0.9917,0.9729,0.978,0.9798,0.9796,0.9777,0.9258,0.9575,0.9653,0.9681,0.9678,0.9649,0.9645,0.9862,0.989,0.9899,0.9898,0.9888,0,1,1,1,1,1,0.0027,H
7895,Campbell Hall (Episcopal),45,0.9774,0.9681,0.9847,0.9556,0.9778,0.982,0.9835,0.9834,0.9818,0.94,0.9682,0.9741,0.9763,0.976,0.9738,0.9646,0.9863,0.989,0.9899,0.9898,0.9888,0,1,1,1,1,1,0,H
7899,Canfield Avenue Elementary School,70,0.9941,0.9826,0.9967,0.9857,0.9946,0.9958,0.9962,0.9962,0.9958,0.9613,0.984,0.9871,0.9882,0.9881,0.987,0.9824,0.9993,0.9996,0.9997,0.9997,0.9996,0,1,1,1,1,1,0,H
7903,Canoga Park Elementary School,123,0.9775,0.9616,0.9761,0.9919,0.9694,0.9751,0.9772,0.9769,0.9748,0.9307,0.9611,0.9683,0.9709,0.9705,0.9679,0.9518,0.9769,0.9813,0.9829,0.9827,0.9811,0,1,1,1,1,1,0,H
7908,Canoga Park Preschool And Kindergarten,,0.9586,0.9471,0.9691,0.9263,0.9579,0.9656,0.9684,0.9681,0.9652,0.9094,0.9453,0.9553,0.9589,0.9585,0.9548,0.9416,0.9692,0.975,0.9771,0.9768,0.9747,1,1,1,1,1,1,0.0693,H
7909,Cantara Street Elementary School,86,0.9424,0.9134,0.9382,0.9767,0.9229,0.9365,0.9415,0.9409,0.9357,0.8624,0.909,0.9247,0.9306,0.93,0.9239,0.8973,0.9358,0.9472,0.9514,0.951,0.9466,0,1,1,1,1,1,1,M
7910,Canterbury Avenue Elementary School,123,0.9728,0.9352,0.9855,0.9837,0.9646,0.9711,0.9735,0.9732,0.9708,0.8925,0.9326,0.9445,0.9489,0.9484,0.9438,0.9658,0.9871,0.9897,0.9906,0.9905,0.9896,0,1,1,1,1,1,0.138,H
7916,canyon high,,0.9631,0.9419,0.9802,0.9329,0.9628,0.9697,0.9721,0.9719,0.9693,0.9025,0.9399,0.9506,0.9545,0.9541,0.95,0.958,0.9814,0.985,0.9862,0.9861,0.9848,1,1,1,1,1,1,0.0942,H
7930,Canyon Springs Community Elementary School,80,0.9703,0.9531,0.9727,0.975,0.9631,0.9699,0.9724,0.9721,0.9695,0.9184,0.9519,0.9607,0.9639,0.9636,0.9603,0.9468,0.9732,0.9782,0.98,0.9798,0.978,0,1,1,1,1,1,0.0065,H
7933,Canyon View Academy,,0.987,0.9778,0.9943,0.968,0.9887,0.991,0.9918,0.9917,0.9909,0.9543,0.9787,0.9828,0.9842,0.984,0.9825,0.9788,0.9967,0.9975,0.9977,0.9977,0.9975,1,1,1,1,1,1,0,H
7937,Capistrano Avenue Elementary School,82,0.9642,0.8576,0.9958,0.9756,0.9545,0.9625,0.9655,0.9652,0.9621,0.7859,0.8488,0.8737,0.8831,0.882,0.8721,0.9811,0.9983,0.9989,0.999,0.9989,0.9988,0,1,1,1,1,1,0.3365,H
7938,Captain Raymond Collins School,110,0.9924,0.9805,0.9956,0.9909,0.9909,0.9928,0.9934,0.9934,0.9928,0.9583,0.9816,0.9852,0.9865,0.9863,0.985,0.9808,0.9981,0.9987,0.9988,0.9988,0.9987,0,1,1,1,1,1,0,H
7946,Carlos Santana Arts Academy,94,0.9806,0.9682,0.9829,0.9787,0.9769,0.9813,0.9829,0.9827,0.9811,0.9402,0.9683,0.9743,0.9764,0.9762,0.974,0.9617,0.9842,0.9873,0.9884,0.9883,0.9872,0,1,1,1,1,1,0,H
7948,Carmela Elementary School,60,0.9541,0.9254,0.9534,0.9833,0.9379,0.949,0.9531,0.9526,0.9484,0.879,0.922,0.9356,0.9407,0.9402,0.9349,0.9188,0.9523,0.9609,0.9641,0.9637,0.9605,0,1,1,1,1,1,0.923,H
7955,Caroldale Learning Community School,72,0.9967,0.9931,0.997,0.9861,0.9983,0.9989,0.999,0.999,0.9989,0.977,0.9954,0.9965,0.9968,0.9967,0.9964,0.9829,0.9996,0.9999,0.9999,0.9999,0.9999,0,1,1,1,1,1,0,H
7962,Carpenter Elementary School,127,0.984,0.9776,0.9907,0.9606,0.9861,0.9889,0.9898,0.9897,0.9888,0.9541,0.9786,0.9827,0.9841,0.9839,0.9825,0.9734,0.9927,0.9943,0.9948,0.9947,0.9942,0,1,1,1,1,1,0,H
7963,Carpenter Community Charter School,167,0.971,0.9381,0.9822,0.982,0.9624,0.9693,0.9718,0.9715,0.9689,0.8968,0.9357,0.9471,0.9513,0.9508,0.9464,0.9607,0.9834,0.9867,0.9879,0.9878,0.9866,0,1,1,1,1,1,0.127,H
7977,Carson-Gore Academy Of Enviornmental Studies,76,0.9666,0.9474,0.9692,0.9737,0.9581,0.9658,0.9686,0.9682,0.9654,0.9103,0.9458,0.9555,0.9592,0.9587,0.955,0.9415,0.9693,0.9751,0.9772,0.9769,0.9748,0,1,1,1,1,1,0.064,H
7981,Carson Street Elementary School,128,0.9929,0.9754,0.9965,0.9922,0.9914,0.9932,0.9938,0.9937,0.9931,0.9508,0.9761,0.9807,0.9823,0.9821,0.9805,0.9822,0.9991,0.9995,0.9996,0.9995,0.9995,0,1,1,1,1,1,3e-04,H
7982,Carthay Center Elementary,46,0.9719,0.9748,0.9914,0.8913,0.9854,0.9883,0.9893,0.9891,0.9881,0.95,0.9755,0.9802,0.9818,0.9816,0.9799,0.9744,0.9935,0.9949,0.9953,0.9953,0.9948,0,1,1,1,1,1,0,H
7983,Carthrop School,,0.9929,0.9877,0.9966,0.9768,0.9952,0.9963,0.9966,0.9966,0.9962,0.9689,0.9895,0.9917,0.9923,0.9923,0.9916,0.9822,0.9991,0.9995,0.9995,0.9995,0.9995,1,1,1,1,1,1,0,H
7985,Carver Elementary School,39,0.9803,0.9653,0.9947,0.9487,0.9837,0.9869,0.9879,0.9878,0.9867,0.9361,0.9652,0.9717,0.974,0.9737,0.9713,0.9794,0.9971,0.9979,0.9981,0.998,0.9979,0,1,1,1,1,1,3e-04,H
7988,Carver (Charles J.) Elementary School,91,0.9821,0.9639,0.9891,0.978,0.9793,0.9832,0.9846,0.9845,0.983,0.9342,0.9637,0.9704,0.9729,0.9726,0.9701,0.971,0.9909,0.9928,0.9934,0.9934,0.9928,0,1,1,1,1,1,0,H
7997,Casa Montessori,21,0.98,0.9855,0.9961,0.9048,0.9937,0.9951,0.9955,0.9955,0.9951,0.9658,0.9871,0.9897,0.9905,0.9904,0.9895,0.9815,0.9986,0.9991,0.9992,0.9992,0.9991,0,1,1,1,1,1,0,H
8000,Castaic Elementary School,85,0.9908,0.9808,0.9963,0.9765,0.9921,0.9938,0.9943,0.9942,0.9937,0.9587,0.9819,0.9855,0.9867,0.9865,0.9853,0.9817,0.9988,0.9992,0.9993,0.9993,0.9992,0,1,1,1,1,1,0,H
8007,Castelar Street Elementary School,93,0.9947,0.9904,0.9969,0.9785,0.9973,0.998,0.9982,0.9982,0.998,0.9731,0.9924,0.994,0.9945,0.9945,0.994,0.9827,0.9994,0.9998,0.9998,0.9998,0.9998,0,1,1,1,1,1,0,H
8010,Castle Heights Elementary School,101,0.9856,0.9728,0.9869,0.9901,0.9814,0.985,0.9862,0.9861,0.9848,0.9471,0.9733,0.9784,0.9802,0.9799,0.9781,0.9676,0.9886,0.9909,0.9916,0.9916,0.9908,0,1,1,1,1,1,0,H
8012,Castle Rock Elementary School,69,0.9799,0.96,0.985,0.9855,0.9743,0.9791,0.9809,0.9807,0.9789,0.9284,0.9595,0.967,0.9697,0.9694,0.9666,0.9648,0.9865,0.9892,0.9901,0.99,0.9891,0,1,1,1,1,1,5e-04,H
8013,Castlebay Lane Charter School,120,0.9516,0.9074,0.9602,0.9917,0.9325,0.9444,0.9488,0.9483,0.9438,0.8539,0.9025,0.9193,0.9256,0.9249,0.9184,0.9286,0.9596,0.967,0.9696,0.9693,0.9665,0,1,1,1,1,1,0.8702,H
8020,Cathedral Chapel Elementary School,20,0.969,0.9583,0.9752,0.95,0.9672,0.9733,0.9755,0.9752,0.973,0.9259,0.9575,0.9653,0.9681,0.9678,0.9649,0.9505,0.9759,0.9805,0.9821,0.9819,0.9802,0,1,1,1,1,1,3e-04,H
8024,Catskill Avenue Elementary School,111,0.9462,0.8505,0.98,0.982,0.9274,0.94,0.9447,0.9441,0.9393,0.7768,0.841,0.8667,0.8765,0.8755,0.8655,0.9576,0.9812,0.9848,0.986,0.9859,0.9845,0,1,1,1,1,1,0.6908,M
8064,Cedarcreek Elementary School,63,0.9667,0.9419,0.9703,0.9841,0.9558,0.9639,0.9668,0.9665,0.9634,0.9025,0.9398,0.9506,0.9546,0.9541,0.95,0.9432,0.9705,0.976,0.978,0.9778,0.9757,0,1,1,1,1,1,0.1818,H
8067,Cedargrove Elementary School,94,0.9895,0.9807,0.9937,0.9787,0.9897,0.9918,0.9925,0.9924,0.9917,0.9585,0.9819,0.9854,0.9866,0.9864,0.9852,0.9778,0.9959,0.9969,0.9972,0.9972,0.9969,0,1,1,1,1,1,0,H
8070,Cedarlane Academy,42,0.9158,0.8759,0.9164,0.9524,0.8913,0.9098,0.9167,0.9159,0.9087,0.8108,0.8685,0.8904,0.8985,0.8975,0.8889,0.8668,0.9123,0.9275,0.9332,0.9325,0.9265,0,1,1,1,1,1,1,M
8072,celerity dyad charter,101,0.9946,0.9811,0.9961,1,0.992,0.9937,0.9942,0.9942,0.9936,0.9592,0.9823,0.9857,0.9869,0.9868,0.9856,0.9815,0.9986,0.9991,0.9992,0.9992,0.9991,0,1,1,1,1,1,0,H
8073,celerity exa charter,79,0.989,0.9794,0.995,0.9747,0.99,0.992,0.9927,0.9926,0.9919,0.9566,0.9805,0.9843,0.9856,0.9854,0.9841,0.9799,0.9974,0.9982,0.9983,0.9983,0.9981,0,1,1,1,1,1,0,H
8074,celerity rolas charter,41,0.9455,0.9908,0.9969,0.6829,0.9974,0.9981,0.9983,0.9983,0.9981,0.9736,0.9928,0.9944,0.9949,0.9948,0.9943,0.9828,0.9995,0.9998,0.9998,0.9998,0.9998,0,1,1,1,1,1,0,M
8075,celerity sirius charter,90,0.9965,0.9912,0.9969,0.9889,0.9974,0.9981,0.9983,0.9983,0.9981,0.9742,0.9933,0.9947,0.9952,0.9951,0.9947,0.9827,0.9995,0.9998,0.9998,0.9998,0.9998,0,1,1,1,1,1,0,H
8076,celerity troika charter,62,0.8906,0.7815,0.9775,0.7903,0.8943,0.9118,0.9184,0.9177,0.9108,0.6896,0.7675,0.8022,0.8158,0.8142,0.8002,0.9538,0.9784,0.9825,0.9839,0.9838,0.9822,0,1,1,1,1,1,0.8435,L
8081,Center For Advanced Learning,35,0.9842,0.9746,0.9965,0.9429,0.9908,0.9927,0.9933,0.9932,0.9926,0.9494,0.9752,0.9799,0.9816,0.9814,0.9797,0.982,0.999,0.9994,0.9995,0.9995,0.9994,0,1,1,1,1,1,0,H
8084,The Center For Early Education,60,0.9876,0.9546,0.9964,0.9833,0.9859,0.9887,0.9896,0.9895,0.9886,0.9203,0.9535,0.962,0.9652,0.9649,0.9617,0.982,0.9989,0.9994,0.9994,0.9994,0.9994,0,1,1,1,1,1,0.0155,H
8090,Center Street Elementary,176,0.9668,0.9456,0.967,0.983,0.9561,0.9641,0.967,0.9667,0.9637,0.9077,0.9439,0.954,0.9576,0.9572,0.9534,0.9385,0.967,0.9732,0.9754,0.9752,0.9729,0,1,1,1,1,1,0.1155,H
8092,Centers Of Learning,11,0.9814,0.9821,0.9968,0.9091,0.9948,0.996,0.9964,0.9963,0.996,0.9606,0.9834,0.9867,0.9878,0.9876,0.9865,0.9825,0.9993,0.9997,0.9997,0.9997,0.9997,0,1,1,1,1,1,0,H
8093,Centinela Elementary School,56,0.9789,0.9877,0.9963,0.8929,0.995,0.9962,0.9965,0.9965,0.9961,0.9689,0.9894,0.9916,0.9923,0.9922,0.9915,0.9818,0.9988,0.9993,0.9994,0.9993,0.9993,0,1,1,1,1,1,0,H
8098,Central Elementary School,54,0.9682,0.9459,0.9709,0.9815,0.9585,0.9661,0.9689,0.9685,0.9657,0.908,0.9441,0.9542,0.9579,0.9575,0.9536,0.9444,0.9712,0.9766,0.9786,0.9784,0.9764,0,1,1,1,1,1,0.0823,H
8115,Century Park Elementary School,79,0.9909,0.9873,0.9968,0.962,0.9958,0.9968,0.9971,0.997,0.9968,0.9684,0.989,0.9913,0.992,0.9919,0.9912,0.9825,0.9993,0.9997,0.9997,0.9997,0.9997,0,1,1,1,1,1,0,H
8116,Ceres Elementary School,73,0.9751,0.9557,0.9773,0.9863,0.9672,0.9733,0.9755,0.9753,0.973,0.9222,0.9549,0.9631,0.9661,0.9658,0.9627,0.9535,0.9781,0.9823,0.9838,0.9836,0.9821,0,1,1,1,1,1,0.0018,H
8117,Cerritos Elementary School,77,0.9856,0.9704,0.9937,0.974,0.9853,0.9882,0.9892,0.9891,0.9881,0.9434,0.9707,0.9762,0.9782,0.978,0.9759,0.978,0.9961,0.997,0.9973,0.9972,0.997,0,1,1,1,1,1,0,H
8124,Cesar Chavez Elementary School,41,0.974,0.9629,0.9826,0.9512,0.974,0.9789,0.9806,0.9804,0.9786,0.9326,0.9625,0.9695,0.972,0.9717,0.9691,0.9614,0.9839,0.9871,0.9882,0.9881,0.987,0,1,1,1,1,1,0,H
8129,Cesar E. Chavez Elementary School,133,0.9606,0.9385,0.9603,0.9774,0.9487,0.958,0.9613,0.961,0.9574,0.8975,0.9362,0.9476,0.9517,0.9513,0.947,0.9288,0.9597,0.9671,0.9698,0.9695,0.9667,0,1,1,1,1,1,0.476,H
8136,chabad israel center,,0.8871,0.8646,0.9075,0.8264,0.8807,0.9007,0.9082,0.9074,0.8996,0.7961,0.8563,0.8798,0.8889,0.8878,0.8786,0.8542,0.9027,0.9195,0.9258,0.9251,0.9187,1,1,1,1,1,1,1,L
8140,Chadwick School,38,0.9855,0.9832,0.9948,0.9474,0.9915,0.9933,0.9939,0.9938,0.9932,0.9623,0.9845,0.9876,0.9886,0.9885,0.9875,0.9795,0.9971,0.9979,0.9981,0.9981,0.9979,0,1,1,1,1,1,0,H
8148,Chamlian Armenian School,63,0.987,0.9581,0.9962,0.9841,0.9848,0.9878,0.9888,0.9887,0.9877,0.9255,0.9573,0.9652,0.9681,0.9678,0.9648,0.9816,0.9987,0.9992,0.9992,0.9992,0.9992,0,1,1,1,1,1,0.0078,H
8151,Chandler Elementary,80,0.9807,0.9714,0.9915,0.95,0.984,0.9871,0.9882,0.9881,0.987,0.9448,0.9717,0.9771,0.979,0.9787,0.9768,0.9746,0.9935,0.995,0.9954,0.9954,0.9949,0,1,1,1,1,1,0,H
8152,Chandler School,50,0.9879,0.9762,0.993,0.98,0.9871,0.9897,0.9905,0.9904,0.9895,0.952,0.977,0.9814,0.983,0.9828,0.9812,0.9767,0.9952,0.9963,0.9966,0.9966,0.9963,0,1,1,1,1,1,0,H
8154,Chaparral Elementary School,63,0.9469,0.8948,0.9589,0.9841,0.9276,0.9403,0.9451,0.9445,0.9396,0.8364,0.8891,0.9077,0.9148,0.9139,0.9066,0.9266,0.9582,0.9659,0.9687,0.9684,0.9655,0,1,1,1,1,1,0.8868,M
8162,Chapman Elementary School,88,0.925,0.8689,0.9348,0.9773,0.8984,0.9157,0.9222,0.9215,0.9148,0.8019,0.8607,0.8838,0.8927,0.8917,0.8826,0.8921,0.932,0.944,0.9484,0.9479,0.9433,0,1,1,1,1,1,1,M
8165,Charles Bursch Elementary School,71,0.8929,0.6842,0.9647,0.9859,0.8529,0.8759,0.8847,0.8837,0.8745,0.5751,0.664,0.7083,0.7264,0.7246,0.7065,0.9351,0.9644,0.9711,0.9735,0.9732,0.9708,0,1,1,1,1,1,0.9308,L
8168,Charles H. Kim Elementary School,95,0.9127,0.8607,0.9106,0.9789,0.8809,0.9009,0.9084,0.9076,0.8998,0.7907,0.8521,0.8762,0.8856,0.8846,0.875,0.8584,0.906,0.9222,0.9282,0.9274,0.9211,0,1,1,1,1,1,1,M
8169,Charles H. Lee Elementary School,96,0.9839,0.9675,0.9906,0.9792,0.9815,0.9851,0.9863,0.9862,0.9849,0.9395,0.9676,0.9736,0.9757,0.9755,0.9732,0.9732,0.9926,0.9942,0.9947,0.9946,0.9941,0,1,1,1,1,1,0,H
8170,Charles Helmers Elementary School,96,0.9921,0.9797,0.9966,0.9792,0.9933,0.9948,0.9952,0.9952,0.9947,0.9571,0.9808,0.9844,0.9857,0.9856,0.9842,0.9823,0.9992,0.9996,0.9996,0.9996,0.9996,0,1,1,1,1,1,0,H
8175,Charles W. Barrett Elementary School,117,0.9297,0.7913,0.9877,0.9316,0.9161,0.9303,0.9356,0.935,0.9295,0.7022,0.7779,0.8113,0.8245,0.8229,0.8094,0.969,0.9895,0.9916,0.9923,0.9922,0.9915,0,1,1,1,1,1,0.6685,M
8179,Charnock Road Elementary School,71,0.9886,0.9438,0.9967,0.9859,0.9867,0.9893,0.9902,0.9901,0.9892,0.9048,0.9418,0.9523,0.9562,0.9558,0.9518,0.9823,0.9992,0.9996,0.9996,0.9996,0.9996,0,1,1,1,1,1,0.035,H
8192,Chase Street Elementary School,118,0.927,0.8594,0.9487,0.9661,0.9039,0.9204,0.9265,0.9258,0.9194,0.7896,0.8508,0.875,0.8843,0.8833,0.8736,0.9121,0.9471,0.9567,0.9602,0.9598,0.9561,0,1,1,1,1,1,0.9805,M
8195,Chatsworth Park Elementary School,77,0.9733,0.921,0.9953,0.961,0.9707,0.9762,0.9781,0.9779,0.9759,0.8732,0.9172,0.9316,0.937,0.9364,0.9309,0.9804,0.9977,0.9984,0.9985,0.9985,0.9984,0,1,1,1,1,1,0.1455,H
8196,Chavez Elementary School,63,0.9732,0.9346,0.9872,0.9841,0.9651,0.9715,0.9738,0.9736,0.9712,0.892,0.932,0.9441,0.9485,0.9479,0.9432,0.9683,0.9889,0.9912,0.992,0.9919,0.9912,0,1,1,1,1,1,0.1332,H
8198,Cheder Menachem School,21,0.9013,0.8211,0.926,0.9524,0.8713,0.8925,0.9006,0.8997,0.8913,0.7396,0.8098,0.8395,0.8508,0.8497,0.8378,0.8796,0.9226,0.9363,0.9414,0.9408,0.9355,0,1,1,1,1,1,0.9998,M
8199,Cheder Of Los Angeles,28,0.966,0.9772,0.9968,0.8214,0.9936,0.995,0.9954,0.9954,0.995,0.9534,0.9782,0.9823,0.9837,0.9835,0.982,0.9825,0.9993,0.9997,0.9997,0.9997,0.9997,0,1,1,1,1,1,5e-04,H
8201,Cheerful Helpers,,0.9898,0.982,0.9957,0.9721,0.9917,0.9935,0.994,0.994,0.9934,0.9604,0.9833,0.9865,0.9876,0.9875,0.9864,0.9809,0.9981,0.9987,0.9988,0.9988,0.9987,1,1,1,1,1,1,0,H
8202,Cheremoya Avenue Elementary School,30,0.9844,0.9825,0.9965,0.9333,0.9933,0.9948,0.9952,0.9952,0.9947,0.9612,0.9838,0.987,0.9881,0.988,0.9868,0.9821,0.999,0.9994,0.9995,0.9995,0.9994,0,1,1,1,1,1,0,H
8205,Cherrylee Elementary School,35,0.874,0.8255,0.8642,0.9429,0.8357,0.862,0.8721,0.871,0.8605,0.745,0.8145,0.8434,0.8547,0.8534,0.8418,0.7954,0.856,0.8796,0.8885,0.8875,0.8781,0,1,1,1,1,1,1,L
8229,children of promise preparatory academy,43,0.9883,0.9862,0.9962,0.9535,0.9941,0.9954,0.9958,0.9958,0.9954,0.9668,0.9879,0.9904,0.9912,0.9911,0.9902,0.9816,0.9987,0.9992,0.9993,0.9993,0.9992,0,1,1,1,1,1,0,H
8241,Childrens Academy,,0.9516,0.935,0.9664,0.9163,0.9504,0.9594,0.9626,0.9623,0.9589,0.8925,0.9323,0.9443,0.9487,0.9482,0.9437,0.9378,0.9664,0.9726,0.9749,0.9746,0.9723,1,1,1,1,1,1,0.4125,H
8242,Children's Academy Of Success,10,0.9946,0.971,0.9967,1,0.9919,0.9936,0.9942,0.9941,0.9936,0.9442,0.9713,0.9767,0.9786,0.9784,0.9764,0.9824,0.9993,0.9996,0.9997,0.9997,0.9996,0,1,1,1,1,1,0.0013,H
8256,Children's Community School,20,0.9276,0.9004,0.9245,0.95,0.9085,0.9243,0.9302,0.9295,0.9234,0.8445,0.895,0.9129,0.9196,0.9188,0.9118,0.8779,0.9209,0.9348,0.94,0.9394,0.934,0,1,1,1,1,1,1,M
8280,Child's World School,32,0.9672,0.945,0.9853,0.9375,0.9675,0.9735,0.9757,0.9755,0.9732,0.9066,0.9432,0.9535,0.9573,0.9569,0.953,0.9654,0.9868,0.9895,0.9904,0.9903,0.9894,0,1,1,1,1,1,0.0552,H
8291,CHIME Institute's Schwarzenegger Community School,123,0.9654,0.9353,0.9754,0.9756,0.9559,0.964,0.9669,0.9666,0.9635,0.893,0.9326,0.9446,0.9489,0.9484,0.9438,0.9508,0.9761,0.9806,0.9822,0.9821,0.9804,0,1,1,1,1,1,0.25,H
8300,Christ Lutheran Elementary School,22,0.9877,0.9739,0.9968,0.9545,0.9929,0.9945,0.9949,0.9949,0.9944,0.9485,0.9745,0.9793,0.981,0.9808,0.9791,0.9825,0.9993,0.9997,0.9997,0.9997,0.9997,0,1,1,1,1,1,8e-04,H
8302,Christ Lutheran Church And School,23,0.5754,0.3153,0.6352,0.9565,0.4522,0.5017,0.523,0.5204,0.4986,0.2223,0.2907,0.3356,0.3554,0.3531,0.333,0.522,0.6126,0.6606,0.6797,0.6772,0.6573,0,1,1,1,1,1,1,L
8306,Christ The King Elementary School,37,0.9612,0.9323,0.9684,0.973,0.9506,0.9595,0.9628,0.9624,0.959,0.8887,0.9294,0.9419,0.9465,0.9458,0.941,0.9407,0.9686,0.9744,0.9765,0.9763,0.9741,0,1,1,1,1,1,0.3972,H
8317,Christian Sorensen Elementary School,51,0.9813,0.921,0.9963,0.9804,0.9776,0.9818,0.9833,0.9832,0.9816,0.873,0.9173,0.9317,0.9372,0.9366,0.9311,0.9818,0.9988,0.9992,0.9993,0.9993,0.9992,0,1,1,1,1,1,0.1008,H
8321,Christopher Dena Elementary School,62,0.9896,0.9779,0.9939,0.9839,0.9887,0.991,0.9917,0.9916,0.9909,0.9546,0.9789,0.983,0.9844,0.9842,0.9828,0.9782,0.9961,0.9971,0.9973,0.9973,0.9971,0,1,1,1,1,1,0,H
8328,Cienega Elementary School,108,0.9706,0.9265,0.9884,0.9815,0.962,0.9689,0.9715,0.9712,0.9686,0.8808,0.9232,0.9366,0.9417,0.9411,0.936,0.97,0.9902,0.9922,0.9929,0.9928,0.9921,0,1,1,1,1,1,0.212,H
8331,Cimarron Elementary School,94,0.9418,0.8986,0.948,0.9787,0.9217,0.9354,0.9405,0.9399,0.9346,0.8417,0.8929,0.9113,0.918,0.9173,0.9103,0.9108,0.9464,0.956,0.9596,0.9592,0.9555,0,1,1,1,1,1,0.986,M
8333,Cimarron Avenue Elementary School,64,0.9875,0.9739,0.9922,0.9844,0.9855,0.9884,0.9894,0.9892,0.9882,0.9483,0.9745,0.9794,0.9811,0.9809,0.9791,0.9757,0.9944,0.9957,0.996,0.996,0.9956,0,1,1,1,1,1,0,H
8342,Citizens of the World Charter School East Valley,153,0.988,0.9385,0.9967,0.9869,0.9857,0.9885,0.9894,0.9893,0.9883,0.8971,0.9362,0.9476,0.9517,0.9512,0.9469,0.9823,0.9992,0.9996,0.9996,0.9996,0.9996,0,1,1,1,1,1,0.0448,H
8343,Citizens of the World Charter School Hollywood,107,0.9845,0.9691,0.9865,0.9907,0.9796,0.9836,0.9849,0.9848,0.9834,0.9419,0.9693,0.9751,0.9771,0.9769,0.9748,0.9673,0.9882,0.9906,0.9914,0.9913,0.9905,0,1,1,1,1,1,0,H
8344,Citizens of the World Charter School Mar Vista,86,0.9896,0.9811,0.9948,0.9767,0.9904,0.9924,0.993,0.993,0.9923,0.9591,0.9823,0.9857,0.9869,0.9868,0.9856,0.9795,0.9971,0.9979,0.9981,0.9981,0.9979,0,1,1,1,1,1,0,H
8345,Citizens Of The World Charter School Silver Lake,103,0.9823,0.9556,0.9954,0.9709,0.9813,0.9849,0.9861,0.986,0.9847,0.9221,0.9547,0.963,0.966,0.9656,0.9625,0.9804,0.9978,0.9984,0.9986,0.9986,0.9984,0,1,1,1,1,1,0.011,H
8346,Citizens of the World Charter School West Valley,142,0.9797,0.9629,0.9796,0.993,0.9723,0.9775,0.9794,0.9791,0.9772,0.9326,0.9626,0.9695,0.9721,0.9718,0.9692,0.957,0.9807,0.9844,0.9857,0.9855,0.9842,0,1,1,1,1,1,0,H
8352,the city school,15,0.8475,0.9299,0.9536,0.3333,0.9404,0.9511,0.955,0.9545,0.9505,0.8854,0.9269,0.9398,0.9445,0.944,0.939,0.9191,0.9525,0.9611,0.9643,0.9639,0.9607,0,1,1,1,1,1,0.9025,L
8357,City Language Immersion Charter (CLIC),,0.8943,0.8444,0.9369,0.8364,0.8884,0.9072,0.9143,0.9135,0.9061,0.7691,0.8344,0.8611,0.8713,0.8701,0.8596,0.8955,0.9345,0.9461,0.9504,0.9499,0.9455,1,1,1,1,1,1,0.9968,L
8361,City of Knowledge School,16,0.9147,0.8822,0.9138,0.9375,0.8933,0.9115,0.9183,0.9175,0.9104,0.8194,0.8753,0.8961,0.904,0.9031,0.895,0.8627,0.9094,0.9251,0.931,0.9303,0.9243,0,1,1,1,1,1,1,M
8362,City Terrace Elementary School,85,0.9938,0.9886,0.9969,0.9765,0.9965,0.9974,0.9976,0.9976,0.9974,0.9703,0.9904,0.9924,0.993,0.993,0.9923,0.9826,0.9994,0.9998,0.9998,0.9998,0.9998,0,1,1,1,1,1,0,H
8371,Clairbourn School,31,0.9884,0.9939,0.997,0.9355,0.9985,0.999,0.9991,0.9991,0.999,0.9782,0.9962,0.9971,0.9974,0.9974,0.9971,0.9829,0.9996,0.9999,0.9999,0.9999,0.9999,0,1,1,1,1,1,0,H
8384,clemente charter,69,0.9273,0.9768,0.9904,0.6232,0.9856,0.9884,0.9894,0.9893,0.9883,0.9527,0.9776,0.9819,0.9834,0.9832,0.9817,0.973,0.9924,0.994,0.9945,0.9945,0.9939,0,1,1,1,1,1,0,M
8385,Cleminson Elementary School,61,0.9851,0.9731,0.9884,0.9836,0.9823,0.9857,0.9869,0.9868,0.9856,0.9473,0.9736,0.9786,0.9804,0.9802,0.9783,0.97,0.9902,0.9922,0.9929,0.9928,0.9922,0,1,1,1,1,1,0,H
8386,Cleophas Oliver Learning Academy,10,0.9379,0.8896,0.9376,1,0.9111,0.9265,0.9323,0.9316,0.9257,0.8296,0.8833,0.9029,0.9103,0.9094,0.9017,0.8961,0.9351,0.9467,0.951,0.9506,0.9462,0,1,1,1,1,1,0.9992,M
8389,Cleveland Elementary School,89,0.9928,0.9861,0.9966,0.9775,0.9948,0.996,0.9963,0.9963,0.9959,0.9667,0.9878,0.9902,0.9911,0.991,0.9901,0.9823,0.9991,0.9995,0.9996,0.9995,0.9995,0,1,1,1,1,1,0,H
8394,Clifford D. Murray Elementary School,88,0.9949,0.9923,0.9969,0.9773,0.9979,0.9985,0.9986,0.9986,0.9985,0.9759,0.9945,0.9958,0.9961,0.9961,0.9957,0.9828,0.9995,0.9998,0.9998,0.9998,0.9998,0,1,1,1,1,1,0,H
8395,Clifford Street Elementary School,21,0.9588,0.9419,0.9634,0.9524,0.952,0.9607,0.9639,0.9636,0.9603,0.9024,0.9398,0.9506,0.9546,0.9541,0.95,0.9332,0.9632,0.97,0.9724,0.9721,0.9696,0,1,1,1,1,1,0.2778,H
8399,"clinton, william jefferson",102,0.9957,0.9884,0.9968,0.9902,0.996,0.9969,0.9972,0.9972,0.9969,0.97,0.9902,0.9922,0.9929,0.9928,0.9922,0.9824,0.9993,0.9997,0.9997,0.9997,0.9997,0,1,1,1,1,1,0,H
8403,Clover Avenue Elementary School,101,0.9883,0.9763,0.9904,0.9901,0.9853,0.9882,0.9892,0.9891,0.9881,0.9521,0.9771,0.9815,0.983,0.9829,0.9813,0.973,0.9924,0.9941,0.9946,0.9945,0.994,0,1,1,1,1,1,0,H
8406,Clyde Woodworth Elementary School,70,0.6087,0.3831,0.6767,0.8857,0.5062,0.556,0.577,0.5745,0.5529,0.2784,0.3569,0.4059,0.4271,0.4247,0.4031,0.5669,0.6567,0.7013,0.7195,0.7175,0.699,0,1,1,1,1,1,1,L
8411,Coeur D'Alene Avenue Elementary School,78,0.8379,0.7714,0.8139,0.9744,0.7795,0.8127,0.8257,0.8242,0.8108,0.6779,0.7567,0.7924,0.8063,0.8047,0.7901,0.7305,0.8019,0.8326,0.8444,0.843,0.8307,0,1,1,1,1,1,1,L
8412,cogswell elementary,45,0.9674,0.9217,0.9914,0.9556,0.9635,0.9702,0.9726,0.9724,0.9699,0.8738,0.918,0.9322,0.9376,0.9369,0.9314,0.9746,0.9935,0.9949,0.9953,0.9953,0.9948,0,1,1,1,1,1,0.2087,H
8414,Cohasset Street Elementary School,124,0.4368,0.2582,0.3649,0.9758,0.2874,0.3309,0.3505,0.3481,0.3281,0.1778,0.2368,0.2758,0.2935,0.2915,0.273,0.2643,0.3402,0.3873,0.4082,0.4057,0.384,0,1,1,1,1,1,1,L
8415,Coldwater Canyon Elementary School,159,0.9446,0.9127,0.9476,0.9686,0.928,0.9407,0.9454,0.9449,0.94,0.8613,0.9082,0.9242,0.9302,0.9295,0.9235,0.9105,0.946,0.9558,0.9593,0.9589,0.9552,0,1,1,1,1,1,0.9888,M
8419,Colfax Charter Elementary School,172,0.6106,0.3603,0.6778,0.9651,0.4927,0.5423,0.5633,0.5608,0.5392,0.2603,0.3357,0.3825,0.4033,0.4006,0.3791,0.5694,0.6578,0.7023,0.7201,0.7178,0.699,0,1,1,1,1,1,1,L
8421,Coliseum Street Elementary School,53,0.9795,0.9727,0.9968,0.9057,0.9929,0.9944,0.9949,0.9948,0.9944,0.9468,0.9732,0.9783,0.9801,0.9799,0.9781,0.9825,0.9993,0.9997,0.9997,0.9997,0.9997,0,1,1,1,1,1,0.0015,H
8432,Collegewood Elementary School,111,0.9909,0.9783,0.9948,0.991,0.9888,0.9911,0.9918,0.9918,0.991,0.955,0.9793,0.9833,0.9847,0.9846,0.9831,0.9795,0.9971,0.9979,0.9981,0.9981,0.9979,0,1,1,1,1,1,0,H
8442,Columbia Elementary School,110,0.9927,0.9788,0.9963,0.9909,0.9915,0.9933,0.9938,0.9938,0.9932,0.9558,0.9798,0.9837,0.985,0.9849,0.9835,0.9817,0.9988,0.9992,0.9993,0.9993,0.9992,0,1,1,1,1,1,0,H
8445,Columbus Elementary School,93,0.9773,0.9578,0.9832,0.9785,0.9723,0.9775,0.9793,0.9791,0.9772,0.9252,0.9571,0.9649,0.9677,0.9674,0.9644,0.9623,0.9846,0.9877,0.9887,0.9886,0.9876,0,1,1,1,1,1,0.0018,H
8447,Columbus Avenue School,78,0.9726,0.9584,0.9961,0.8974,0.9849,0.9879,0.9889,0.9888,0.9877,0.9262,0.9577,0.9654,0.9682,0.9678,0.9649,0.9814,0.9986,0.9991,0.9992,0.9992,0.9991,0,1,1,1,1,1,0.008,H
8450,Commonwealth Avenue Elementary School,120,0.9945,0.992,0.997,0.975,0.9979,0.9985,0.9987,0.9986,0.9985,0.9753,0.9941,0.9954,0.9958,0.9958,0.9954,0.9828,0.9995,0.9999,0.9999,0.9999,0.9999,0,1,1,1,1,1,0,H
8465,Community Magnet Charter Elementary School,69,0.995,0.9863,0.9969,0.9855,0.996,0.997,0.9972,0.9972,0.997,0.9669,0.988,0.9904,0.9913,0.9911,0.9903,0.9827,0.9994,0.9998,0.9998,0.9998,0.9998,0,1,1,1,1,1,0,H
8466,community preparatory academy,32,0.9841,0.981,0.9961,0.9375,0.9919,0.9936,0.9941,0.9941,0.9935,0.9589,0.9821,0.9856,0.9868,0.9867,0.9854,0.9815,0.9986,0.9991,0.9992,0.9992,0.9991,0,1,1,1,1,1,0,H
8470,compass charter schools of los angeles,84,0.8437,0.9142,0.988,0.2381,0.9577,0.9654,0.9682,0.9679,0.965,0.8638,0.91,0.9254,0.9312,0.9305,0.9245,0.9695,0.9898,0.9919,0.9926,0.9925,0.9918,0,1,1,1,1,1,0.2865,L
8477,Compton Avenue Elementary School,64,0.9396,0.8974,0.9422,0.9844,0.9173,0.9317,0.9371,0.9365,0.9309,0.8405,0.8919,0.9101,0.9171,0.9164,0.9093,0.9026,0.9402,0.951,0.9549,0.9544,0.9503,0,1,1,1,1,1,0.9982,M
8489,computer science virtual academy,35,0.9092,0.9832,0.9958,0.4857,0.9924,0.9941,0.9946,0.9945,0.994,0.9623,0.9846,0.9877,0.9887,0.9886,0.9875,0.981,0.9982,0.9988,0.9989,0.9989,0.9988,0,1,1,1,1,1,0,M
8493,Concordia Christian School,,0.993,0.9822,0.9968,0.9768,0.9952,0.9963,0.9966,0.9966,0.9963,0.9607,0.9834,0.9867,0.9879,0.9877,0.9866,0.9826,0.9994,0.9997,0.9998,0.9998,0.9997,1,1,1,1,1,1,0,H
8498,Condit Elementary School,55,0.9907,0.9635,0.9967,0.9818,0.9907,0.9926,0.9933,0.9932,0.9926,0.9336,0.9633,0.9701,0.9725,0.9722,0.9696,0.9824,0.9992,0.9996,0.9996,0.9996,0.9996,0,1,1,1,1,1,0.0082,H
8511,Coolidge Elementary School,56,0.9137,0.7425,0.9735,0.9821,0.8822,0.9013,0.9086,0.9078,0.9002,0.6433,0.7261,0.7648,0.7799,0.7781,0.7623,0.9481,0.9741,0.979,0.9808,0.9806,0.9789,0,1,1,1,1,1,0.87,M
8522,Cornerstone At Pedregal Elementary School,64,0.9845,0.9664,0.9912,0.9844,0.9812,0.9848,0.9861,0.9859,0.9846,0.9375,0.9663,0.9726,0.9748,0.9746,0.9722,0.9742,0.9933,0.9947,0.9952,0.9951,0.9947,0,1,1,1,1,1,3e-04,H
8539,Corpus Christi Elementary School,23,0.9594,0.9313,0.9714,0.9565,0.9519,0.9606,0.9638,0.9634,0.9602,0.8874,0.9283,0.9409,0.9456,0.9451,0.9402,0.945,0.9717,0.977,0.9789,0.9787,0.9767,0,1,1,1,1,1,0.3592,H
8540,Cortada Elementary School,57,0.9941,0.986,0.9968,0.9825,0.9954,0.9965,0.9968,0.9968,0.9965,0.9665,0.9876,0.9901,0.991,0.9909,0.99,0.9825,0.9993,0.9997,0.9997,0.9997,0.9997,0,1,1,1,1,1,0,H
8544,cortez elementary,70,0.99,0.9678,0.9964,0.9857,0.9887,0.991,0.9918,0.9917,0.9909,0.9399,0.9679,0.9739,0.976,0.9758,0.9736,0.9819,0.9989,0.9994,0.9994,0.9994,0.9994,0,1,1,1,1,1,8e-04,H
8549,Cottonwood Elementary School,95,0.9628,0.938,0.9651,0.9789,0.9513,0.9602,0.9634,0.963,0.9597,0.897,0.9356,0.9471,0.9513,0.9508,0.9465,0.9358,0.9649,0.9715,0.9738,0.9736,0.9712,0,1,1,1,1,1,0.3465,H
8551,"Country School, The",22,0.9206,0.8593,0.9393,0.9545,0.8976,0.9151,0.9216,0.9209,0.9141,0.7889,0.8505,0.8748,0.8842,0.8833,0.8739,0.8986,0.937,0.9482,0.9525,0.952,0.9478,0,1,1,1,1,1,0.9958,M
8573,Cowan Avenue Elementary School,60,0.9884,0.9444,0.9967,0.9833,0.987,0.9896,0.9904,0.9903,0.9895,0.9053,0.9424,0.9527,0.9565,0.9561,0.9523,0.9824,0.9992,0.9996,0.9997,0.9997,0.9996,0,1,1,1,1,1,0.0325,H
8577,Craig Williams Elementary School,71,0.9699,0.9438,0.9746,0.9859,0.9599,0.9672,0.9699,0.9696,0.9668,0.9051,0.9418,0.9523,0.9561,0.9556,0.9517,0.9495,0.9752,0.9799,0.9816,0.9814,0.9797,0,1,1,1,1,1,0.0905,H
8588,Creative Beginnings,30,0.993,0.9809,0.9937,1,0.9896,0.9917,0.9924,0.9924,0.9917,0.9588,0.9821,0.9856,0.9868,0.9867,0.9854,0.978,0.996,0.997,0.9973,0.9972,0.997,0,1,1,1,1,1,0,H
8603,Creative Corners,10,0.9904,0.9765,0.9909,1,0.9859,0.9887,0.9897,0.9896,0.9886,0.9525,0.9773,0.9817,0.9832,0.983,0.9814,0.9737,0.993,0.9945,0.9949,0.9949,0.9944,0,1,1,1,1,1,0,H
8604,Creative Day Academy,12,0.9286,0.9382,0.9956,0.6667,0.9769,0.9813,0.9828,0.9826,0.981,0.8973,0.9358,0.9472,0.9515,0.951,0.9467,0.9806,0.998,0.9986,0.9987,0.9987,0.9986,0,1,1,1,1,1,0.0688,M
8645,Crescent Heights Boulevard Elementary School,21,0.989,0.9837,0.9968,0.9524,0.9953,0.9964,0.9967,0.9967,0.9964,0.9631,0.9851,0.9881,0.9891,0.989,0.9879,0.9826,0.9994,0.9997,0.9998,0.9998,0.9997,0,1,1,1,1,1,0,H
8652,Cresson Elementary School,59,0.983,0.9694,0.9863,0.9831,0.9794,0.9833,0.9847,0.9846,0.9831,0.942,0.9696,0.9753,0.9773,0.9771,0.975,0.9669,0.9879,0.9904,0.9912,0.9911,0.9902,0,1,1,1,1,1,0,H
8654,Crestview Preparatory School,21,0.9843,0.9785,0.9937,0.9524,0.9886,0.9909,0.9917,0.9916,0.9908,0.9552,0.9795,0.9835,0.9848,0.9847,0.9833,0.978,0.996,0.997,0.9972,0.9972,0.997,0,1,1,1,1,1,0,H
8657,Crestwood Street Elementary School,46,0.9808,0.9698,0.9905,0.9565,0.9826,0.986,0.9871,0.987,0.9858,0.9428,0.9701,0.9757,0.9777,0.9775,0.9755,0.9732,0.9926,0.9942,0.9947,0.9946,0.9941,0,1,1,1,1,1,0,H
8658,Crete Academy,84,0.9051,0.8695,0.924,0.881,0.893,0.9112,0.918,0.9172,0.9102,0.8029,0.8616,0.8845,0.8932,0.8919,0.8828,0.8774,0.9205,0.9343,0.9395,0.9389,0.9335,0,1,1,1,1,1,1,M
8665,the cross christian school,14,0.9881,0.9695,0.9908,1,0.9825,0.9859,0.9871,0.987,0.9858,0.9422,0.9697,0.9754,0.9775,0.9772,0.9751,0.9736,0.9928,0.9944,0.9948,0.9948,0.9943,0,1,1,1,1,1,0,H
8670,Crossroads School For Arts And Sciences,53,0.9922,0.9827,0.9963,0.9811,0.9931,0.9946,0.9951,0.995,0.9945,0.9615,0.9841,0.9872,0.9882,0.9881,0.987,0.9818,0.9988,0.9993,0.9994,0.9993,0.9993,0,1,1,1,1,1,0,H
8679,Cubberley K-8,108,0.8797,0.6698,0.9538,0.9907,0.8337,0.8592,0.8691,0.868,0.8578,0.5603,0.6497,0.6944,0.7128,0.7106,0.6917,0.919,0.9527,0.9613,0.9645,0.9641,0.9609,0,1,1,1,1,1,0.967,L
8683,Cullen Elementary School,117,0.9913,0.9909,0.997,0.9573,0.9975,0.9982,0.9983,0.9983,0.9982,0.9737,0.993,0.9945,0.995,0.9949,0.9945,0.9828,0.9995,0.9998,0.9999,0.9999,0.9998,0,1,1,1,1,1,0,H
8690,Culver City Christian School,15,0.9903,0.9725,0.9934,1,0.9858,0.9886,0.9895,0.9894,0.9885,0.9466,0.9729,0.9781,0.9799,0.9797,0.9778,0.9774,0.9956,0.9966,0.9969,0.9969,0.9966,0,1,1,1,1,1,0,H
8702,Curtis School,66,0.9959,0.9919,0.9969,0.9848,0.9975,0.9982,0.9984,0.9983,0.9982,0.9752,0.994,0.9953,0.9957,0.9957,0.9953,0.9827,0.9994,0.9998,0.9998,0.9998,0.9998,0,1,1,1,1,1,0,H
8703,Cypress Elementary School,103,0.9922,0.9869,0.9967,0.9709,0.9955,0.9966,0.9969,0.9968,0.9965,0.9677,0.9886,0.9909,0.9917,0.9916,0.9908,0.9824,0.9993,0.9996,0.9997,0.9997,0.9996,0,1,1,1,1,1,0,H
8710,Cyrus J. Morris Elementary School,92,0.9853,0.9745,0.9893,0.9783,0.9838,0.987,0.988,0.9879,0.9868,0.9494,0.9751,0.9799,0.9815,0.9813,0.9796,0.9714,0.9912,0.9931,0.9937,0.9936,0.993,0,1,1,1,1,1,0,H
8714,D. D. Johnston Elementary School,84,0.9821,0.9634,0.9908,0.9762,0.9797,0.9836,0.985,0.9848,0.9834,0.9332,0.9631,0.9699,0.9724,0.9721,0.9696,0.9737,0.9928,0.9944,0.9949,0.9948,0.9943,0,1,1,1,1,1,3e-04,H
8717,Da Vinci Connect,82,0.9933,0.9866,0.9969,0.9756,0.996,0.997,0.9972,0.9972,0.997,0.9674,0.9883,0.9907,0.9915,0.9914,0.9906,0.9826,0.9994,0.9998,0.9998,0.9998,0.9998,0,1,1,1,1,1,0,H
8723,Dahlia Heights Elementary School,64,0.9027,0.7004,0.9729,0.9844,0.8666,0.8878,0.8959,0.8949,0.8865,0.5948,0.6817,0.7248,0.742,0.7399,0.7218,0.9472,0.9733,0.9784,0.9801,0.9799,0.9781,0,1,1,1,1,1,0.8962,M
8727,Daisy Gibson Elementary School,108,0.961,0.9373,0.9644,0.9722,0.9504,0.9594,0.9627,0.9623,0.9589,0.8958,0.9348,0.9465,0.9507,0.9503,0.9459,0.9346,0.9642,0.9708,0.9733,0.973,0.9705,0,1,1,1,1,1,0.388,H
8731,Danbury Special Education School,13,0.9336,0.9886,0.9968,0.6154,0.9964,0.9973,0.9976,0.9975,0.9973,0.9703,0.9904,0.9924,0.9931,0.993,0.9923,0.9826,0.9994,0.9997,0.9997,0.9997,0.9997,0,1,1,1,1,1,0,M
8738,Daniel Phelan Elementary School,105,0.9759,0.9476,0.9834,0.9905,0.9674,0.9735,0.9756,0.9754,0.9731,0.9104,0.946,0.9558,0.9593,0.9589,0.9552,0.9624,0.9847,0.9878,0.9888,0.9887,0.9876,0,1,1,1,1,1,0.04,H
8740,Daniel Webster School,44,0.9879,0.9843,0.9961,0.9545,0.9932,0.9947,0.9952,0.9951,0.9946,0.9638,0.9857,0.9886,0.9896,0.9895,0.9885,0.9815,0.9986,0.9991,0.9992,0.9992,0.9991,0,1,1,1,1,1,0,H
8741,"Danny J. Bakewell, Sr., Primary Center",162,0.9672,0.9468,0.9726,0.9691,0.96,0.9674,0.97,0.9697,0.967,0.9095,0.9452,0.955,0.9587,0.9582,0.9545,0.9467,0.9731,0.9782,0.9801,0.9799,0.978,0,1,1,1,1,1,0.063,H
8742,Danube Avenue Elementary School,99,0.9614,0.9356,0.9636,0.9798,0.9491,0.9584,0.9617,0.9613,0.9578,0.8934,0.933,0.9449,0.9492,0.9487,0.9442,0.9337,0.9634,0.9701,0.9725,0.9722,0.9697,0,1,1,1,1,1,0.4475,H
8743,Dapplegray Elementary School,120,0.9874,0.9716,0.991,0.9917,0.9836,0.9868,0.9879,0.9878,0.9867,0.9451,0.9721,0.9773,0.9792,0.9789,0.977,0.9739,0.993,0.9945,0.995,0.9949,0.9944,0,1,1,1,1,1,0,H
8745,darby avenue elementary,77,0.9696,0.9458,0.9765,0.974,0.9623,0.9693,0.9718,0.9715,0.9689,0.9077,0.944,0.9541,0.9578,0.9573,0.9535,0.9524,0.9774,0.9817,0.9832,0.983,0.9815,0,1,1,1,1,1,0.0625,H
8746,Darby Avenue Charter School,94,0.9678,0.9465,0.9699,0.9787,0.9586,0.9662,0.969,0.9687,0.9658,0.9094,0.9449,0.9547,0.9584,0.958,0.9543,0.9426,0.9701,0.9758,0.9777,0.9775,0.9754,0,1,1,1,1,1,0.064,H
8747,Darko La,12,0.4384,0.269,0.4778,0.6667,0.3479,0.3949,0.4157,0.4133,0.3919,0.1865,0.2474,0.2873,0.3055,0.3032,0.2844,0.3656,0.4528,0.5031,0.525,0.5223,0.4996,0,1,1,1,1,1,1,L
8759,Dayton Heights Elementary School,45,0.9645,0.9506,0.9683,0.9556,0.9594,0.9668,0.9695,0.9692,0.9664,0.9147,0.9493,0.9584,0.9618,0.9614,0.958,0.9405,0.9685,0.9744,0.9765,0.9762,0.9741,0,1,1,1,1,1,0.0163,H
8765,De Anza Elementary School,60,0.9919,0.9822,0.9958,0.9833,0.9921,0.9938,0.9943,0.9942,0.9937,0.9608,0.9835,0.9868,0.9879,0.9877,0.9866,0.981,0.9982,0.9988,0.9989,0.9989,0.9988,0,1,1,1,1,1,0,H
8766,De La Salle,64,0.9415,0.8634,0.9961,0.8125,0.9609,0.9679,0.9704,0.9701,0.9675,0.7941,0.855,0.8788,0.8878,0.8867,0.8773,0.9815,0.9986,0.9991,0.9992,0.9991,0.9991,0,1,1,1,1,1,0.2748,M
8770,Dearborn Elementary Charter School,,0.9931,0.9884,0.9965,0.977,0.9953,0.9964,0.9967,0.9967,0.9964,0.9701,0.9903,0.9923,0.9929,0.9929,0.9922,0.9821,0.9991,0.9995,0.9995,0.9995,0.9995,1,1,1,1,1,1,0,H
8774,Decker Elementary School,77,0.9896,0.9908,0.9969,0.9481,0.9972,0.998,0.9982,0.9981,0.998,0.9736,0.9929,0.9945,0.9949,0.9949,0.9944,0.9826,0.9994,0.9998,0.9998,0.9998,0.9998,0,1,1,1,1,1,0,H
8778,Del Amo Elementary School,85,0.9936,0.9879,0.9968,0.9765,0.9962,0.9971,0.9974,0.9974,0.9971,0.9692,0.9897,0.9918,0.9925,0.9924,0.9917,0.9826,0.9994,0.9997,0.9998,0.9998,0.9997,0,1,1,1,1,1,0,H
8787,del sur senior elementary,86,0.9715,0.9111,0.9951,0.9767,0.9644,0.9709,0.9733,0.973,0.9706,0.859,0.9066,0.9226,0.9286,0.9278,0.9216,0.98,0.9975,0.9982,0.9984,0.9984,0.9982,0,1,1,1,1,1,0.226,H
8788,Del Valle Elementary School,27,0.9851,0.9699,0.9957,0.963,0.9872,0.9897,0.9906,0.9905,0.9896,0.9427,0.9701,0.9758,0.9778,0.9775,0.9755,0.9809,0.9982,0.9987,0.9989,0.9988,0.9987,0,1,1,1,1,1,0,H
8791,Delevan Drive Elementary School,111,0.9872,0.9735,0.9895,0.991,0.9835,0.9867,0.9878,0.9877,0.9866,0.948,0.9741,0.979,0.9807,0.9805,0.9787,0.9717,0.9915,0.9933,0.9938,0.9938,0.9932,0,1,1,1,1,1,0,H
8795,Delphi Academy Of Los Angeles,26,0.9023,0.9916,0.9969,0.4231,0.9976,0.9983,0.9984,0.9984,0.9983,0.9747,0.9937,0.9951,0.9955,0.9954,0.995,0.9828,0.9995,0.9998,0.9998,0.9998,0.9998,0,1,1,1,1,1,0,M
8805,Denker Avenue Elementary School,161,0.696,0.3767,0.8305,0.9379,0.6053,0.6502,0.6687,0.6665,0.6474,0.2736,0.3512,0.3995,0.4209,0.4186,0.3967,0.7515,0.82,0.8481,0.8588,0.8574,0.8461,0,1,1,1,1,1,1,L
8813,Desert Christian Schools,172,0.9878,0.9736,0.9968,0.9535,0.9933,0.9948,0.9952,0.9952,0.9947,0.9482,0.9742,0.9791,0.9808,0.9806,0.9788,0.9825,0.9994,0.9997,0.9997,0.9997,0.9997,0,1,1,1,1,1,0,H
8814,Desert Montessori Academy,30,0.9636,0.9153,0.9918,0.9333,0.9635,0.9702,0.9726,0.9723,0.9698,0.8646,0.9109,0.9264,0.9321,0.9314,0.9254,0.9751,0.9939,0.9953,0.9957,0.9956,0.9952,0,1,1,1,1,1,0.2155,H
8817,Desert Rose Elementary School,118,0.9938,0.9743,0.9967,0.9915,0.9928,0.9943,0.9948,0.9948,0.9943,0.9493,0.9749,0.9797,0.9815,0.9813,0.9796,0.9825,0.9993,0.9996,0.9997,0.9997,0.9996,0,1,1,1,1,1,3e-04,H
8820,Desert View Elementary School,110,0.9623,0.9403,0.9615,0.9818,0.95,0.9591,0.9624,0.962,0.9586,0.9001,0.9381,0.9491,0.9532,0.9528,0.9485,0.9306,0.9611,0.9683,0.9709,0.9706,0.9679,0,1,1,1,1,1,0.3918,H
8838,Dewey Avenue Elementary School,45,0.9903,0.9889,0.9968,0.9556,0.9964,0.9973,0.9975,0.9975,0.9973,0.9708,0.9908,0.9927,0.9934,0.9933,0.9927,0.9826,0.9994,0.9997,0.9997,0.9997,0.9997,0,1,1,1,1,1,0,H
8844,Diamond Bar Montessori Academy,36,0.9734,0.95,0.9924,0.9444,0.9749,0.9796,0.9813,0.9811,0.9794,0.914,0.9486,0.9579,0.9614,0.9611,0.9576,0.976,0.9946,0.9958,0.9962,0.9961,0.9958,0,1,1,1,1,1,0.025,H
8848,diamond point elementary,37,0.8998,0.8783,0.911,0.8649,0.8894,0.9081,0.9152,0.9143,0.907,0.8145,0.8712,0.8926,0.9008,0.8999,0.8915,0.8591,0.9063,0.9225,0.9287,0.9281,0.9218,0,1,1,1,1,1,1,L
8854,Dickison Elementary School,66,0.9588,0.9513,0.9727,0.9091,0.9623,0.9693,0.9718,0.9715,0.9689,0.9156,0.9499,0.9591,0.9623,0.9619,0.9585,0.9469,0.9733,0.9783,0.9801,0.9799,0.978,0,1,1,1,1,1,0.0142,H
8856,Discovery Elementary School,,0.9867,0.9778,0.9938,0.9675,0.9884,0.9907,0.9915,0.9914,0.9906,0.9545,0.9788,0.9829,0.9843,0.9841,0.9827,0.9781,0.9961,0.997,0.9973,0.9973,0.997,1,1,1,1,1,1,0,H
8857,Discovery School,24,0.9487,0.9528,0.9781,0.8333,0.966,0.9723,0.9746,0.9743,0.972,0.9181,0.9517,0.9604,0.9636,0.9632,0.9599,0.9546,0.979,0.983,0.9844,0.9843,0.9828,0,1,1,1,1,1,0.0105,M
8870,Discovery World Montessori,27,0.9959,0.9768,0.9968,1,0.9938,0.9952,0.9956,0.9955,0.9951,0.953,0.9776,0.9819,0.9834,0.9833,0.9817,0.9825,0.9993,0.9997,0.9997,0.9997,0.9997,0,1,1,1,1,1,3e-04,H
8876,Divine Providence Day Nursery And Kindergarten,34,0.9793,0.9933,0.997,0.8824,0.9982,0.9988,0.9989,0.9989,0.9988,0.9772,0.9955,0.9966,0.9969,0.9968,0.9965,0.9828,0.9995,0.9999,0.9999,0.9999,0.9999,0,1,1,1,1,1,0,H
8877,divine saviour,12,0.9979,0.9885,0.9969,1,0.9967,0.9976,0.9978,0.9978,0.9976,0.97,0.9903,0.9923,0.993,0.9929,0.9922,0.9827,0.9994,0.9998,0.9998,0.9998,0.9998,0,1,1,1,1,1,0,H
8878,Dixie Canyon Community Charter School,133,0.9978,0.9935,0.997,0.9925,0.9983,0.9989,0.999,0.999,0.9989,0.9775,0.9957,0.9967,0.997,0.997,0.9967,0.9829,0.9995,0.9999,0.9999,0.9999,0.9999,0,1,1,1,1,1,0,H
8883,Dolores Huerta Elementary School,39,0.9854,0.9641,0.9967,0.9487,0.991,0.9929,0.9935,0.9934,0.9928,0.9341,0.9638,0.9705,0.9729,0.9727,0.9702,0.9825,0.9993,0.9997,0.9997,0.9997,0.9997,0,1,1,1,1,1,0.0058,H
8888,Dolores Mission,24,0.9589,0.905,0.9846,0.9583,0.9507,0.9596,0.9628,0.9625,0.9591,0.8508,0.9,0.917,0.9235,0.9228,0.9161,0.9644,0.9862,0.9889,0.9898,0.9897,0.9887,0,1,1,1,1,1,0.416,H
8889,Dolores Street Elementary School,114,0.992,0.9759,0.9963,0.9912,0.9903,0.9923,0.993,0.9929,0.9922,0.9514,0.9766,0.9811,0.9826,0.9824,0.9808,0.9818,0.9988,0.9992,0.9993,0.9993,0.9992,0,1,1,1,1,1,0,H
8895,Dominguez Elementary School,107,0.9969,0.9909,0.9969,0.9907,0.9975,0.9982,0.9984,0.9984,0.9982,0.9738,0.993,0.9945,0.995,0.9949,0.9944,0.9828,0.9995,0.9998,0.9998,0.9998,0.9998,0,1,1,1,1,1,0,H
8897,Don Benito Fundamental School,66,0.8907,0.8417,0.8912,0.9394,0.8595,0.8826,0.8913,0.8903,0.8813,0.7658,0.8317,0.8587,0.869,0.8678,0.8572,0.8317,0.885,0.9044,0.9117,0.9107,0.9032,0,1,1,1,1,1,1,L
8900,Don Julian Elementary School,82,0.9644,0.9776,0.9911,0.8415,0.9865,0.9892,0.9901,0.99,0.9891,0.9542,0.9786,0.9826,0.984,0.9839,0.9824,0.9741,0.9932,0.9947,0.9951,0.9951,0.9946,0,1,1,1,1,1,0,H
8903,Donna Ro School,18,0.9947,0.9844,0.9948,1,0.9921,0.9937,0.9943,0.9942,0.9937,0.964,0.9858,0.9887,0.9896,0.9895,0.9885,0.9796,0.9972,0.998,0.9981,0.9981,0.9979,0,1,1,1,1,1,0,H
8905,Dooley Elementary School,159,0.9946,0.9856,0.9967,0.9874,0.9951,0.9962,0.9965,0.9965,0.9962,0.9658,0.9872,0.9897,0.9906,0.9905,0.9896,0.9824,0.9993,0.9996,0.9997,0.9997,0.9996,0,1,1,1,1,1,0,H
8913,Dorris Place Elementary School,47,0.9835,0.9767,0.9912,0.9574,0.9862,0.9889,0.9899,0.9898,0.9888,0.9526,0.9775,0.9818,0.9834,0.9832,0.9816,0.9742,0.9933,0.9947,0.9952,0.9951,0.9947,0,1,1,1,1,1,0,H
8916,Dos Caminos Dual Immersion School,87,0.9869,0.9449,0.9966,0.977,0.9864,0.9891,0.99,0.9899,0.989,0.9061,0.9429,0.9534,0.9571,0.9567,0.9529,0.9822,0.9991,0.9995,0.9996,0.9996,0.9995,0,1,1,1,1,1,0.0348,H
8922,"Dove Day School, Educational Programs, Inc.",14,0.9844,0.9468,0.9954,1,0.9773,0.9816,0.9831,0.983,0.9814,0.9094,0.9453,0.9551,0.9587,0.9583,0.9545,0.9804,0.9978,0.9984,0.9986,0.9986,0.9984,0,1,1,1,1,1,0.037,H
8926,Downey Christian School,22,0.9856,0.9794,0.9948,0.9545,0.9899,0.992,0.9926,0.9926,0.9919,0.9567,0.9805,0.9842,0.9855,0.9854,0.9841,0.9795,0.9972,0.9979,0.9981,0.9981,0.9979,0,1,1,1,1,1,0,H
8935,Downtown Value School,41,0.9787,0.9701,0.9879,0.9512,0.9808,0.9845,0.9858,0.9856,0.9843,0.943,0.9703,0.9759,0.9779,0.9777,0.9756,0.9693,0.9897,0.9918,0.9925,0.9924,0.9917,0,1,1,1,1,1,0,H
8937,Dr. J. Michael McGrath Elementary School,67,0.9937,0.9879,0.9956,0.9851,0.9942,0.9955,0.9959,0.9959,0.9955,0.9693,0.9897,0.9918,0.9925,0.9924,0.9917,0.9807,0.998,0.9986,0.9987,0.9987,0.9986,0,1,1,1,1,1,0,H
8938,Dr. James Edward Jones Primary Center,34,0.9602,0.946,0.9676,0.9412,0.9566,0.9645,0.9674,0.9671,0.9641,0.9081,0.9443,0.9543,0.9579,0.9575,0.9537,0.9395,0.9677,0.9737,0.9758,0.9756,0.9733,0,1,1,1,1,1,0.0995,H
8942,"Dr. Lawrence H. Moore Math, Science, Technology Academy",118,0.9975,0.9929,0.997,0.9915,0.9982,0.9987,0.9989,0.9988,0.9987,0.9767,0.9952,0.9963,0.9966,0.9966,0.9962,0.9828,0.9995,0.9999,0.9999,0.9999,0.9999,0,1,1,1,1,1,0,H
8944,Dr. Owen Lloyd Knox Elementary School,132,0.7407,0.5619,0.7671,0.9773,0.6517,0.696,0.714,0.7119,0.6934,0.4452,0.5375,0.5879,0.6093,0.6067,0.5851,0.6731,0.7523,0.7883,0.8024,0.8009,0.7861,0,1,1,1,1,1,1,L
8947,Dr. Sammy Lee Medical And Health Science Magnet Elementary,74,0.989,0.9794,0.991,0.9865,0.9872,0.9898,0.9906,0.9905,0.9896,0.9567,0.9804,0.9842,0.9855,0.9854,0.984,0.9738,0.993,0.9945,0.995,0.9949,0.9945,0,1,1,1,1,1,0,H
8948,"Dr. Theo. T. Alexander Junior, Science Center",,0.9945,0.9895,0.9968,0.9791,0.9968,0.9977,0.9979,0.9978,0.9976,0.9717,0.9914,0.9932,0.9938,0.9938,0.9932,0.9826,0.9994,0.9998,0.9998,0.9998,0.9998,1,1,1,1,1,1,0,H
8964,Duarte Montessori School Inc.,10,0.9832,0.9657,0.9826,1,0.9755,0.9802,0.9818,0.9816,0.9799,0.9366,0.9656,0.972,0.9743,0.974,0.9717,0.9615,0.9839,0.9871,0.9882,0.9881,0.987,0,1,1,1,1,1,0,H
8969,Duff Language Magnet Academy,48,0.936,0.8844,0.9529,0.9583,0.9183,0.9325,0.9378,0.9372,0.9317,0.8223,0.8776,0.8981,0.9059,0.905,0.8969,0.9177,0.9516,0.9605,0.9637,0.9633,0.96,0,1,1,1,1,1,0.9615,M
8972,Dunsmore Elementary School,76,0.9893,0.9794,0.9955,0.9737,0.9906,0.9925,0.9932,0.9931,0.9924,0.9567,0.9805,0.9843,0.9856,0.9855,0.9841,0.9806,0.9979,0.9985,0.9987,0.9986,0.9985,0,1,1,1,1,1,0,H
8975,Durfee Elementary School,65,0.9949,0.9889,0.9967,0.9846,0.9961,0.9971,0.9973,0.9973,0.997,0.9707,0.9907,0.9927,0.9933,0.9932,0.9926,0.9824,0.9992,0.9996,0.9996,0.9996,0.9996,0,1,1,1,1,1,0,H
8977,Dyer Street Elementary School,122,0.9683,0.9173,0.985,0.9918,0.9562,0.9642,0.9671,0.9667,0.9637,0.8674,0.9133,0.9282,0.934,0.9333,0.9275,0.965,0.9865,0.9892,0.9901,0.99,0.9891,0,1,1,1,1,1,0.3132,H
8987,eagle rock elementary,119,0.9931,0.9924,0.9969,0.9664,0.998,0.9986,0.9987,0.9987,0.9986,0.976,0.9946,0.9958,0.9962,0.9961,0.9958,0.9828,0.9995,0.9998,0.9999,0.9999,0.9998,0,1,1,1,1,1,0,H
8998,Earl E. Edmondson Elementary School,78,0.9904,0.9824,0.9959,0.9744,0.9921,0.9938,0.9943,0.9943,0.9937,0.961,0.9837,0.9869,0.988,0.9879,0.9868,0.9811,0.9983,0.9989,0.999,0.999,0.9989,0,1,1,1,1,1,0,H
9037,Eastman Avenue Elementary School,138,0.9954,0.9879,0.9962,0.9928,0.9949,0.996,0.9964,0.9963,0.996,0.9693,0.9897,0.9918,0.9925,0.9924,0.9917,0.9817,0.9987,0.9992,0.9993,0.9993,0.9992,0,1,1,1,1,1,0,H
9039,Eastside Elementary School,49,0.9824,0.9773,0.9952,0.9388,0.9891,0.9913,0.992,0.992,0.9912,0.9535,0.9781,0.9824,0.9838,0.9836,0.9821,0.9802,0.9976,0.9983,0.9984,0.9984,0.9983,0,1,1,1,1,1,0,H
9045,Eastwood Elementary School,77,0.9941,0.9908,0.9969,0.974,0.9974,0.9981,0.9983,0.9983,0.9981,0.9736,0.9929,0.9944,0.9949,0.9948,0.9944,0.9827,0.9995,0.9998,0.9998,0.9998,0.9998,0,1,1,1,1,1,0,H
9051,Echo Horizon School,20,0.8873,0.7911,0.9207,0.95,0.8525,0.8763,0.8854,0.8844,0.875,0.7023,0.7776,0.8112,0.8242,0.8226,0.8092,0.8725,0.9168,0.9313,0.9367,0.9361,0.9304,0,1,1,1,1,1,0.9995,L
9068,Edgewood Academy,71,0.976,0.9553,0.9844,0.9718,0.972,0.9772,0.9791,0.9789,0.977,0.9217,0.9544,0.9627,0.9657,0.9654,0.9623,0.9641,0.9859,0.9887,0.9897,0.9896,0.9886,0,1,1,1,1,1,0.004,H
9069,Edison Elementary School,101,0.9905,0.9793,0.9957,0.9802,0.9907,0.9927,0.9933,0.9932,0.9926,0.9566,0.9804,0.9842,0.9854,0.9853,0.9839,0.9809,0.9981,0.9987,0.9988,0.9988,0.9987,0,1,1,1,1,1,0,H
9104,"Egremont Schools, Inc.",25,0.9756,0.9642,0.9822,0.96,0.9743,0.9792,0.9809,0.9807,0.9789,0.9343,0.9639,0.9706,0.973,0.9727,0.9702,0.9609,0.9836,0.9868,0.9879,0.9877,0.9866,0,1,1,1,1,1,0,H
9120,El Dorado Elementary School,122,0.9883,0.9767,0.9893,0.9918,0.9848,0.9878,0.9888,0.9887,0.9877,0.9526,0.9775,0.9818,0.9833,0.9832,0.9816,0.9715,0.9913,0.9931,0.9937,0.9936,0.993,0,1,1,1,1,1,0,H
9122,El Dorado Avenue Elementary School,105,0.9829,0.9648,0.9867,0.9905,0.9774,0.9817,0.9832,0.9831,0.9815,0.9352,0.9647,0.9713,0.9736,0.9734,0.9709,0.9674,0.9884,0.9908,0.9915,0.9914,0.9906,0,1,1,1,1,1,0,H
9123,El Marino Elementary School,153,0.9956,0.9882,0.9969,0.9869,0.9965,0.9974,0.9976,0.9976,0.9974,0.9696,0.99,0.9921,0.9928,0.9927,0.992,0.9827,0.9994,0.9998,0.9998,0.9998,0.9998,0,1,1,1,1,1,0,H
9133,El Oro Way Charter For Enriched Studies,80,0.9816,0.9647,0.9897,0.975,0.9793,0.9833,0.9846,0.9845,0.9831,0.9352,0.9645,0.9711,0.9734,0.9731,0.9706,0.972,0.9916,0.9934,0.994,0.9939,0.9934,0,1,1,1,1,1,0,H
9142,El Rincon Elementary School,128,0.9887,0.975,0.9916,0.9922,0.9854,0.9883,0.9892,0.9891,0.9881,0.9502,0.9757,0.9803,0.9819,0.9817,0.98,0.9747,0.9937,0.9951,0.9955,0.9955,0.995,0,1,1,1,1,1,0,H
9143,El Rio Community,64,0.9421,0.9597,0.9829,0.7656,0.9727,0.9778,0.9797,0.9795,0.9776,0.9279,0.9591,0.9666,0.9693,0.969,0.9661,0.9616,0.9842,0.9874,0.9884,0.9883,0.9872,0,1,1,1,1,1,0.001,M
9145,El Rodeo Elementary School,29,0.9886,0.9792,0.9962,0.9655,0.9916,0.9934,0.994,0.9939,0.9933,0.9565,0.9802,0.984,0.9853,0.9852,0.9838,0.9817,0.9987,0.9992,0.9993,0.9993,0.9992,0,1,1,1,1,1,0,H
9152,El Sereno Elementary School,47,0.9823,0.966,0.9945,0.9574,0.9845,0.9875,0.9886,0.9885,0.9874,0.9369,0.9659,0.9723,0.9746,0.9744,0.972,0.979,0.9968,0.9977,0.9979,0.9978,0.9976,0,1,1,1,1,1,5e-04,H
9167,Elizabeth Learning Center,98,0.9925,0.9845,0.9964,0.9796,0.9938,0.9952,0.9956,0.9955,0.9951,0.9643,0.9859,0.9887,0.9897,0.9896,0.9886,0.9819,0.9989,0.9993,0.9994,0.9994,0.9993,0,1,1,1,1,1,0,H
9169,Ellen Ochoa Learning Center,59,0.9931,0.9822,0.9967,0.9831,0.9939,0.9952,0.9956,0.9956,0.9952,0.9608,0.9835,0.9868,0.9878,0.9877,0.9866,0.9823,0.9992,0.9996,0.9996,0.9996,0.9996,0,1,1,1,1,1,0,H
9175,Elliott (William F) Elementary School,53,0.9916,0.9825,0.996,0.9811,0.9922,0.9938,0.9943,0.9943,0.9938,0.9613,0.9839,0.987,0.9881,0.988,0.9869,0.9813,0.9985,0.999,0.9991,0.9991,0.999,0,1,1,1,1,1,0,H
9177,elwin elementary,28,0.9774,0.9595,0.9873,0.9643,0.9757,0.9804,0.982,0.9818,0.9801,0.9275,0.9588,0.9665,0.9692,0.9689,0.966,0.9684,0.9891,0.9913,0.9921,0.992,0.9912,0,1,1,1,1,1,0.001,H
9178,Elysian Heights ES Arts Magnet,69,0.9961,0.9911,0.9969,0.9855,0.9976,0.9983,0.9984,0.9984,0.9983,0.974,0.9931,0.9946,0.9951,0.995,0.9946,0.9828,0.9995,0.9998,0.9999,0.9999,0.9998,0,1,1,1,1,1,0,H
9180,Emblem Academy,105,0.9887,0.957,0.9965,0.981,0.9881,0.9905,0.9913,0.9912,0.9904,0.9239,0.9561,0.9641,0.9671,0.9668,0.9638,0.9822,0.9991,0.9995,0.9995,0.9995,0.9995,0,1,1,1,1,1,0.0155,H
9183,Emek Hebrew Academyteichman Family Torah Center,79,0.984,0.9707,0.9901,0.9747,0.9827,0.9861,0.9872,0.9871,0.9859,0.9438,0.971,0.9765,0.9784,0.9781,0.9761,0.9724,0.992,0.9938,0.9943,0.9942,0.9937,0,1,1,1,1,1,0,H
9185,Emelita Academy Charter School,70,0.9833,0.9713,0.9945,0.9571,0.986,0.9888,0.9897,0.9896,0.9887,0.945,0.9718,0.977,0.9789,0.9786,0.9766,0.9791,0.9969,0.9977,0.9979,0.9979,0.9976,0,1,1,1,1,1,3e-04,H
9186,emelita street elementary,56,0.9949,0.9886,0.9969,0.9821,0.9968,0.9976,0.9978,0.9978,0.9976,0.9704,0.9905,0.9925,0.9931,0.993,0.9924,0.9827,0.9994,0.9998,0.9998,0.9998,0.9998,0,1,1,1,1,1,0,H
9187,Emerson Elementary School,56,0.9821,0.9681,0.9851,0.9821,0.9782,0.9824,0.9839,0.9837,0.9822,0.9402,0.9683,0.9742,0.9763,0.9761,0.9739,0.9651,0.9867,0.9894,0.9902,0.9901,0.9892,0,1,1,1,1,1,0,H
9194,Emerson Parkside Academy,75,0.9235,0.8829,0.931,0.9467,0.9035,0.9201,0.9263,0.9255,0.9191,0.8208,0.8762,0.8967,0.9046,0.9036,0.8955,0.8869,0.9281,0.9407,0.9454,0.9449,0.9401,0,1,1,1,1,1,0.9998,M
9195,Emerson (Ralph Waldo) Elementary School,49,0.9853,0.9781,0.9939,0.9592,0.9884,0.9908,0.9915,0.9915,0.9907,0.9547,0.979,0.983,0.9845,0.9843,0.9828,0.9782,0.9962,0.9971,0.9974,0.9973,0.9971,0,1,1,1,1,1,0,H
9200,Emery Park Elementary School,62,0.9889,0.971,0.9966,0.9677,0.9916,0.9933,0.9939,0.9938,0.9933,0.9444,0.9714,0.9768,0.9787,0.9785,0.9765,0.9823,0.9992,0.9996,0.9996,0.9996,0.9996,0,1,1,1,1,1,0.0013,H
9203,Emma W. Shuey Elementary School,75,0.9869,0.95,0.9965,0.9867,0.9841,0.9872,0.9883,0.9882,0.9871,0.9137,0.9486,0.9579,0.9613,0.961,0.9575,0.9821,0.999,0.9994,0.9995,0.9995,0.9994,0,1,1,1,1,1,0.0253,H
9206,Emmaus Lutheran,20,0.9707,0.8996,0.9961,0.95,0.9697,0.9753,0.9773,0.977,0.975,0.8433,0.8941,0.9122,0.9187,0.9181,0.9112,0.9815,0.9986,0.9991,0.9992,0.9992,0.9991,0,1,1,1,1,1,0.189,H
9208,Emperor Elementary School,86,0.9946,0.9915,0.9969,0.9767,0.9976,0.9983,0.9985,0.9984,0.9983,0.9746,0.9936,0.995,0.9955,0.9954,0.995,0.9828,0.9995,0.9998,0.9999,0.9998,0.9998,0,1,1,1,1,1,0,H
9217,Enadia Technology Enriched Charter School,46,0.9915,0.9925,0.9969,0.9565,0.9979,0.9986,0.9987,0.9987,0.9986,0.9761,0.9947,0.9959,0.9963,0.9962,0.9959,0.9828,0.9995,0.9998,0.9998,0.9998,0.9998,0,1,1,1,1,1,0,H
9220,Encinita Elementary School,65,0.9955,0.9897,0.9969,0.9846,0.997,0.9978,0.998,0.9979,0.9978,0.9719,0.9916,0.9934,0.994,0.9939,0.9934,0.9827,0.9994,0.9998,0.9998,0.9998,0.9998,0,1,1,1,1,1,0,H
9222,Encino Charter Elementary School,94,0.9885,0.9791,0.9928,0.9787,0.9882,0.9906,0.9914,0.9913,0.9905,0.9564,0.9802,0.984,0.9853,0.9852,0.9838,0.9764,0.995,0.9961,0.9964,0.9964,0.9961,0,1,1,1,1,1,0,H
9227,Endeavor College Preparatory Charter School,61,0.9803,0.9868,0.9966,0.9016,0.9949,0.9961,0.9964,0.9964,0.9961,0.9675,0.9885,0.9909,0.9916,0.9915,0.9907,0.9822,0.9991,0.9995,0.9996,0.9995,0.9995,0,1,1,1,1,1,0,H
9233,Enterprise Elementary,124,0.9288,0.9029,0.9312,0.9355,0.9134,0.9285,0.9341,0.9334,0.9276,0.8475,0.8977,0.9151,0.9217,0.921,0.9142,0.8871,0.9283,0.941,0.9457,0.9451,0.9403,0,1,1,1,1,1,1,M
9241,Epiphany Catholic,16,0.997,0.9884,0.9965,1,0.9954,0.9965,0.9968,0.9967,0.9964,0.97,0.9902,0.9922,0.9929,0.9928,0.9922,0.982,0.999,0.9994,0.9995,0.9995,0.9994,0,1,1,1,1,1,0,H
9246,Equitas Academy 5,38,0.9845,0.9816,0.9938,0.9474,0.99,0.9921,0.9928,0.9927,0.992,0.9599,0.9828,0.9862,0.9874,0.9872,0.9861,0.9781,0.9961,0.997,0.9973,0.9973,0.997,0,1,1,1,1,1,0,H
9248,Equitas Academy 6,39,0.9853,0.9815,0.9948,0.9487,0.9909,0.9928,0.9934,0.9934,0.9927,0.9598,0.9827,0.9861,0.9872,0.9871,0.9859,0.9796,0.9972,0.998,0.9981,0.9981,0.9979,0,1,1,1,1,1,0,H
9249,Equitas Academy Charter School,111,0.9882,0.9863,0.9957,0.955,0.9936,0.995,0.9954,0.9954,0.9949,0.967,0.988,0.9904,0.9912,0.9911,0.9903,0.9809,0.9982,0.9987,0.9988,0.9988,0.9987,0,1,1,1,1,1,0,H
9258,Ernest R. Geddes Elementary School,108,0.9888,0.9773,0.9904,0.9907,0.9859,0.9887,0.9896,0.9895,0.9886,0.9536,0.9782,0.9824,0.9839,0.9837,0.9822,0.9729,0.9924,0.994,0.9945,0.9944,0.9939,0,1,1,1,1,1,0,H
9259,Ernie Pyle Elementary School,68,0.9947,0.9867,0.9968,0.9853,0.9957,0.9967,0.997,0.9969,0.9967,0.9675,0.9884,0.9908,0.9915,0.9914,0.9906,0.9825,0.9993,0.9997,0.9997,0.9997,0.9997,0,1,1,1,1,1,0,H
9262,Erwin Elementary School,115,0.9831,0.963,0.9961,0.9565,0.9859,0.9887,0.9896,0.9895,0.9885,0.9327,0.9627,0.9696,0.9721,0.9718,0.9692,0.9815,0.9986,0.9991,0.9992,0.9992,0.9991,0,1,1,1,1,1,0.0018,H
9264,Escalona Elementary School,90,0.9947,0.9912,0.9969,0.9778,0.9975,0.9982,0.9983,0.9983,0.9982,0.9742,0.9933,0.9947,0.9952,0.9951,0.9947,0.9828,0.9995,0.9998,0.9998,0.9998,0.9998,0,1,1,1,1,1,0,H
9269,Eshelman Avenue Elementary School,109,0.9891,0.9908,0.9969,0.945,0.9973,0.9981,0.9982,0.9982,0.9981,0.9736,0.9928,0.9944,0.9949,0.9948,0.9943,0.9827,0.9995,0.9998,0.9998,0.9998,0.9998,0,1,1,1,1,1,0,H
9270,Esperanza Elementary School,108,0.328,0.0926,0.306,0.9815,0.1685,0.1985,0.2125,0.2108,0.1965,0.0593,0.0828,0.0998,0.108,0.1068,0.0984,0.2155,0.283,0.3261,0.3454,0.3426,0.3223,0,1,1,1,1,1,1,L
9276,Esther Lindstrom Elementary School,70,0.8596,0.7291,0.8959,0.9857,0.8066,0.8363,0.8478,0.8465,0.8346,0.6277,0.712,0.7518,0.7677,0.7659,0.7494,0.8385,0.8901,0.9086,0.9157,0.9149,0.9076,0,1,1,1,1,1,1,L
9279,Estrella Elementary School,82,0.9772,0.9585,0.9839,0.9756,0.9728,0.978,0.9798,0.9796,0.9777,0.9259,0.9577,0.9655,0.9683,0.968,0.9651,0.9633,0.9853,0.9882,0.9892,0.9891,0.9881,0,1,1,1,1,1,0.0018,H
9280,Eucalyptus School,133,0.9881,0.9731,0.9914,0.9925,0.9844,0.9875,0.9885,0.9884,0.9873,0.9473,0.9736,0.9786,0.9804,0.9802,0.9784,0.9745,0.9935,0.9949,0.9954,0.9953,0.9949,0,1,1,1,1,1,0,H
9281,Euclid Avenue Elementary School,133,0.9938,0.988,0.9968,0.9774,0.9962,0.9971,0.9974,0.9974,0.9971,0.9694,0.9898,0.9919,0.9926,0.9925,0.9918,0.9825,0.9993,0.9997,0.9997,0.9997,0.9997,0,1,1,1,1,1,0,H
9288,Evelyn Carr Elementary School,92,0.9936,0.9891,0.9965,0.9783,0.9957,0.9967,0.997,0.997,0.9967,0.9711,0.991,0.9929,0.9935,0.9934,0.9928,0.9822,0.9991,0.9995,0.9995,0.9995,0.9995,0,1,1,1,1,1,0,H
9290,Everest Value School,45,0.9811,0.9744,0.9883,0.9556,0.9832,0.9865,0.9876,0.9875,0.9863,0.9494,0.9751,0.9798,0.9814,0.9812,0.9795,0.9699,0.9902,0.9922,0.9929,0.9928,0.9921,0,1,1,1,1,1,0,H
9291,Evergreen Elementary School,97,0.958,0.9322,0.9584,0.9794,0.9444,0.9544,0.9581,0.9577,0.9539,0.8888,0.9294,0.942,0.9466,0.946,0.9412,0.9261,0.9578,0.9655,0.9683,0.968,0.9651,0,1,1,1,1,1,0.7078,H
9294,Evergreen Avenue Elementary School,120,0.9952,0.986,0.9965,0.9917,0.9949,0.9961,0.9964,0.9964,0.996,0.9664,0.9876,0.9901,0.9909,0.9908,0.99,0.9821,0.9991,0.9995,0.9995,0.9995,0.9995,0,1,1,1,1,1,0,H
9300,everyday ibaadah academy,47,0.8452,0.9708,0.9878,0.1489,0.9811,0.9847,0.986,0.9859,0.9846,0.9442,0.9712,0.9766,0.9785,0.9783,0.9763,0.969,0.9895,0.9917,0.9924,0.9923,0.9916,0,1,1,1,1,1,0,L
9302,excelencia charter academy,27,0.966,0.9749,0.9925,0.8519,0.9863,0.989,0.9899,0.9898,0.9889,0.9501,0.9756,0.9802,0.9818,0.9816,0.98,0.9761,0.9947,0.9959,0.9962,0.9962,0.9959,0,1,1,1,1,1,0,H
9318,Extera Public Schools,25,0.99,0.9866,0.9966,0.96,0.995,0.9962,0.9965,0.9965,0.9961,0.9673,0.9883,0.9907,0.9915,0.9914,0.9906,0.9822,0.9991,0.9995,0.9996,0.9996,0.9995,0,1,1,1,1,1,0,H
9319,Extera Public School No. 2,31,0.9803,0.976,0.9928,0.9355,0.9868,0.9894,0.9903,0.9902,0.9893,0.9518,0.9767,0.9812,0.9827,0.9826,0.981,0.9765,0.995,0.9961,0.9965,0.9964,0.9961,0,1,1,1,1,1,0,H
9322,F. D. Roosevelt Elementary School,94,0.953,0.8789,0.9828,0.9787,0.9376,0.9486,0.9527,0.9522,0.948,0.8148,0.8719,0.8932,0.9014,0.9005,0.8921,0.962,0.9842,0.9873,0.9884,0.9882,0.9872,0,1,1,1,1,1,0.6098,H
9324,Fair Avenue Elementary School,110,0.9909,0.9822,0.9918,0.9909,0.9889,0.9912,0.9919,0.9918,0.991,0.9608,0.9835,0.9867,0.9878,0.9877,0.9865,0.9751,0.9939,0.9953,0.9956,0.9956,0.9952,0,1,1,1,1,1,0,H
9328,Fair Oaks Ranch Community,150,0.9904,0.9731,0.9962,0.9867,0.9891,0.9913,0.9921,0.992,0.9912,0.9472,0.9736,0.9786,0.9804,0.9802,0.9784,0.9817,0.9988,0.9992,0.9993,0.9993,0.9992,0,1,1,1,1,1,0,H
9330,Fairburn Avenue Elementary School,103,0.9843,0.961,0.9946,0.9806,0.9818,0.9853,0.9865,0.9864,0.9851,0.9297,0.9605,0.9679,0.9704,0.9701,0.9674,0.9793,0.997,0.9978,0.998,0.998,0.9978,0,1,1,1,1,1,0.002,H
9340,Fairgrove Academy,52,0.9897,0.9807,0.9934,0.9808,0.9895,0.9916,0.9923,0.9923,0.9915,0.9585,0.9819,0.9854,0.9866,0.9865,0.9852,0.9775,0.9957,0.9967,0.997,0.997,0.9967,0,1,1,1,1,1,0,H
9349,Faith Baptist School,112,0.9942,0.9922,0.997,0.9732,0.9979,0.9985,0.9986,0.9986,0.9985,0.9757,0.9944,0.9957,0.996,0.996,0.9956,0.9828,0.9995,0.9998,0.9999,0.9999,0.9998,0,1,1,1,1,1,0,H
9374,Farmdale Elementary School,69,0.954,0.9254,0.9527,0.9855,0.9374,0.9485,0.9526,0.9522,0.9479,0.8788,0.9219,0.9357,0.9407,0.9401,0.9349,0.918,0.9516,0.9604,0.9637,0.9633,0.96,0,1,1,1,1,1,0.9375,H
9375,Farragut Elementary School,106,0.9828,0.9671,0.9843,0.9906,0.9773,0.9816,0.9832,0.983,0.9814,0.9388,0.9672,0.9733,0.9755,0.9752,0.973,0.964,0.9857,0.9886,0.9895,0.9894,0.9885,0,1,1,1,1,1,0,H
9385,Felton Elementary School,56,0.901,0.8457,0.8949,0.9821,0.8639,0.8863,0.8949,0.8939,0.8851,0.7711,0.8361,0.8623,0.8722,0.8711,0.8605,0.8371,0.8892,0.9079,0.9149,0.9141,0.9069,0,1,1,1,1,1,1,M
9386,Fenton Avenue Charter School,59,0.8792,0.8352,0.8849,0.8983,0.853,0.877,0.8861,0.885,0.8756,0.7575,0.8246,0.8527,0.8634,0.8621,0.8512,0.8231,0.8782,0.8987,0.9064,0.9055,0.8975,0,1,1,1,1,1,1,L
9387,Fenton Primary Center,219,0.8743,0.8413,0.8719,0.8904,0.8481,0.8728,0.8822,0.8811,0.8714,0.7654,0.8314,0.8582,0.8686,0.8675,0.8567,0.806,0.8642,0.8866,0.8951,0.8941,0.8853,0,1,1,1,1,1,1,L
9388,Fenton Charter Leadership Academy,55,0.9803,0.9595,0.9935,0.9636,0.9802,0.984,0.9853,0.9852,0.9838,0.9275,0.9589,0.9665,0.9692,0.9689,0.9661,0.9776,0.9957,0.9968,0.9971,0.997,0.9967,0,1,1,1,1,1,0.0035,H
9389,Fenton Stem Academy: Elementary Center For Science Technology Engineering And Mathematics,43,0.9742,0.9233,0.9958,0.9535,0.9739,0.9788,0.9805,0.9803,0.9785,0.877,0.9199,0.9338,0.9391,0.9385,0.9331,0.9811,0.9983,0.9989,0.999,0.999,0.9989,0,1,1,1,1,1,0.1113,H
9390,Fern Elementary School,99,0.9902,0.9784,0.9958,0.9798,0.9906,0.9925,0.9931,0.9931,0.9924,0.9552,0.9794,0.9833,0.9847,0.9845,0.9831,0.9811,0.9983,0.9989,0.999,0.999,0.9989,0,1,1,1,1,1,0,H
9394,Fernangeles Elementary School,89,0.9183,0.8353,0.9425,0.9775,0.8891,0.9077,0.9147,0.9139,0.9067,0.7582,0.825,0.8527,0.8637,0.8626,0.8514,0.9034,0.9406,0.9511,0.955,0.9545,0.9505,0,1,1,1,1,1,0.9925,M
9398,Field (Eugene) Elementary School,94,0.9499,0.9028,0.9634,0.9787,0.9332,0.945,0.9494,0.9489,0.9444,0.847,0.8973,0.9151,0.9217,0.9208,0.914,0.9331,0.9631,0.9699,0.9724,0.9721,0.9696,0,1,1,1,1,1,0.8118,M
9400,Fifteenth Street Elementary School,83,0.9923,0.9907,0.9969,0.9639,0.9973,0.998,0.9982,0.9982,0.998,0.9733,0.9927,0.9943,0.9947,0.9947,0.9942,0.9827,0.9995,0.9998,0.9998,0.9998,0.9998,0,1,1,1,1,1,0,H
9401,Fifty-Fourth Street Elementary School,44,0.9329,0.8625,0.9703,0.9318,0.9203,0.9341,0.9393,0.9387,0.9333,0.7934,0.8543,0.8778,0.887,0.886,0.8768,0.9432,0.9705,0.9761,0.9781,0.9779,0.9759,0,1,1,1,1,1,0.83,M
9402,Fifty-Ninth Street Elementary School,40,0.9797,0.9724,0.9885,0.95,0.9824,0.9859,0.987,0.9869,0.9857,0.9464,0.9729,0.9781,0.9799,0.9797,0.9778,0.9701,0.9903,0.9923,0.993,0.9929,0.9922,0,1,1,1,1,1,0,H
9403,Fifty-Second Street Elementary School,162,0.9291,0.8858,0.9299,0.9753,0.9046,0.921,0.9271,0.9264,0.9201,0.8243,0.8791,0.8994,0.907,0.9061,0.8981,0.8855,0.9268,0.9397,0.9445,0.944,0.9391,0,1,1,1,1,1,1,M
9406,Figueroa Street Elementary School,61,0.9738,0.9159,0.9942,0.9836,0.966,0.9723,0.9745,0.9743,0.9719,0.8661,0.9116,0.9272,0.9331,0.9323,0.9264,0.9786,0.9965,0.9974,0.9976,0.9976,0.9973,0,1,1,1,1,1,0.1822,H
9419,First Baptist Church School,10,0.971,0.9483,0.9683,1,0.9581,0.9658,0.9685,0.9682,0.9653,0.9113,0.9467,0.9564,0.96,0.9596,0.956,0.9405,0.9685,0.9743,0.9765,0.9762,0.9741,0,1,1,1,1,1,0.0495,H
9435,First Lutheran,53,0.9777,0.9618,0.9809,0.9811,0.9722,0.9774,0.9793,0.9791,0.9772,0.931,0.9614,0.9685,0.971,0.9707,0.9681,0.9587,0.9821,0.9856,0.9868,0.9866,0.9854,0,1,1,1,1,1,0,H
9460,First Steps,57,0.9826,0.9808,0.9958,0.9298,0.9915,0.9933,0.9939,0.9938,0.9932,0.9587,0.982,0.9855,0.9867,0.9866,0.9853,0.981,0.9983,0.9989,0.999,0.9989,0.9988,0,1,1,1,1,1,0,H
9463,First Street Elementary School,65,0.9695,0.943,0.9904,0.9385,0.9707,0.9762,0.9781,0.9779,0.9759,0.9042,0.9412,0.9516,0.9554,0.9549,0.951,0.9732,0.9925,0.9941,0.9946,0.9945,0.994,0,1,1,1,1,1,0.0528,H
9465,first united methodist church/glenoaks christian elementary school,21,0.8661,0.7574,0.8971,0.9524,0.8229,0.8507,0.8614,0.8601,0.8491,0.66,0.7418,0.779,0.7939,0.792,0.7767,0.8396,0.8913,0.9099,0.9168,0.9161,0.9089,0,1,1,1,1,1,1,L
9469,Fishburn Avenue Elementary School,94,0.9877,0.9794,0.9911,0.9787,0.9872,0.9898,0.9906,0.9905,0.9896,0.9568,0.9805,0.9843,0.9856,0.9854,0.9841,0.974,0.9931,0.9946,0.9951,0.995,0.9946,0,1,1,1,1,1,0,H
9474,Fletcher Drive Elementary School,41,0.9765,0.9693,0.9833,0.9512,0.9776,0.9819,0.9834,0.9832,0.9816,0.9422,0.9696,0.9753,0.9773,0.977,0.975,0.9624,0.9847,0.9877,0.9887,0.9886,0.9876,0,1,1,1,1,1,0,H
9475,Flintridge Montessori School,28,0.9022,0.849,0.9018,0.9643,0.8696,0.8912,0.8994,0.8985,0.89,0.7756,0.8396,0.8653,0.8753,0.8742,0.864,0.8461,0.8964,0.9141,0.9207,0.9199,0.9129,0,1,1,1,1,1,1,M
9478,Florence Avenue Elementary School,110,0.9888,0.9776,0.9936,0.9818,0.988,0.9904,0.9912,0.9911,0.9903,0.954,0.9785,0.9826,0.9841,0.9839,0.9824,0.9777,0.9959,0.9969,0.9972,0.9971,0.9968,0,1,1,1,1,1,0,H
9480,Florence Griffith Joyner Elementary School,81,0.9895,0.9823,0.9941,0.9753,0.9905,0.9925,0.9931,0.9931,0.9924,0.961,0.9836,0.9868,0.9879,0.9878,0.9867,0.9784,0.9964,0.9973,0.9975,0.9975,0.9972,0,1,1,1,1,1,0,H
9491,Foothill Christian,75,0.9618,0.9359,0.9668,0.9733,0.9513,0.9602,0.9634,0.963,0.9597,0.8939,0.9334,0.9451,0.9494,0.9489,0.9444,0.9384,0.9669,0.9729,0.9751,0.9749,0.9725,0,1,1,1,1,1,0.3538,H
9495,Foothill Country Day School,35,0.9813,0.9751,0.9928,0.9429,0.9866,0.9893,0.9902,0.99,0.9891,0.9506,0.9759,0.9804,0.9821,0.9818,0.9801,0.9765,0.995,0.9961,0.9965,0.9964,0.9961,0,1,1,1,1,1,0,H
9506,Foothill Progressive Montessori Schools,28,0.9896,0.9826,0.9966,0.9643,0.9933,0.9948,0.9952,0.9952,0.9947,0.9614,0.9839,0.9871,0.9882,0.9881,0.987,0.9822,0.9991,0.9995,0.9996,0.9996,0.9995,0,1,1,1,1,1,0,H
9509,Ford Boulevard Elementary School,167,0.9507,0.91,0.9658,0.9641,0.9378,0.9488,0.9529,0.9525,0.9482,0.8576,0.9053,0.9216,0.9277,0.927,0.9207,0.9367,0.9657,0.9721,0.9744,0.9742,0.9719,0,1,1,1,1,1,0.7458,H
9512,Forty-Ninth Street Elementary School,133,0.9942,0.9884,0.9963,0.985,0.9951,0.9962,0.9965,0.9965,0.9962,0.9701,0.9903,0.9923,0.9929,0.9929,0.9922,0.9818,0.9988,0.9993,0.9993,0.9993,0.9993,0,1,1,1,1,1,0,H
9513,Forty-Second Street Elementary School,47,0.9775,0.9919,0.997,0.8723,0.9979,0.9986,0.9987,0.9987,0.9985,0.9752,0.9941,0.9954,0.9958,0.9957,0.9953,0.9828,0.9995,0.9998,0.9999,0.9999,0.9998,0,1,1,1,1,1,0,H
9515,Foshay Learning Center,20,0.965,0.9518,0.9708,0.95,0.9614,0.9685,0.9711,0.9708,0.9681,0.9163,0.9505,0.9595,0.9627,0.9623,0.959,0.9439,0.971,0.9765,0.9784,0.9782,0.9762,0,1,1,1,1,1,0.0112,H
9516,Foster Elementary School,66,0.9442,0.9105,0.9415,0.9848,0.9236,0.937,0.942,0.9414,0.9363,0.8582,0.9058,0.9221,0.9282,0.9275,0.9213,0.902,0.9394,0.9502,0.9542,0.9538,0.9497,0,1,1,1,1,1,0.9998,M
9519,Foster Road Elementary School,62,0.9938,0.9863,0.9965,0.9839,0.9947,0.9959,0.9963,0.9963,0.9959,0.967,0.988,0.9904,0.9912,0.9911,0.9903,0.9821,0.999,0.9994,0.9995,0.9995,0.9994,0,1,1,1,1,1,0,H
9527,Fourth Street Elementary School,156,0.9784,0.9624,0.9842,0.9744,0.9748,0.9796,0.9813,0.9811,0.9794,0.9319,0.9621,0.9691,0.9717,0.9714,0.9688,0.9637,0.9856,0.9885,0.9895,0.9894,0.9884,0,1,1,1,1,1,0,H
9528,Fourth Street Primary Center,114,0.9949,0.985,0.9966,0.9912,0.9946,0.9958,0.9962,0.9961,0.9957,0.965,0.9865,0.9893,0.9901,0.99,0.9891,0.9823,0.9992,0.9996,0.9996,0.9996,0.9996,0,1,1,1,1,1,0,H
9537,frank d. parent,61,0.9553,0.9856,0.9965,0.7541,0.9944,0.9957,0.9961,0.996,0.9956,0.9659,0.9872,0.9897,0.9906,0.9905,0.9896,0.9821,0.9991,0.9995,0.9995,0.9995,0.9995,0,1,1,1,1,1,0,H
9538,Frank Del Olmo Elementary School,94,0.9908,0.9797,0.9962,0.9787,0.9916,0.9934,0.9939,0.9939,0.9933,0.9571,0.9808,0.9845,0.9857,0.9856,0.9843,0.9816,0.9987,0.9991,0.9992,0.9992,0.9991,0,1,1,1,1,1,0,H
9539,Frank E. Woodruff Elementary School,63,0.9912,0.9775,0.9963,0.9841,0.9909,0.9928,0.9934,0.9933,0.9927,0.9539,0.9785,0.9826,0.984,0.9838,0.9824,0.9818,0.9988,0.9993,0.9993,0.9993,0.9993,0,1,1,1,1,1,0,H
9543,Franklin Elementary School,105,0.9921,0.9773,0.9967,0.981,0.993,0.9945,0.995,0.9949,0.9945,0.9536,0.9782,0.9824,0.9839,0.9837,0.9822,0.9824,0.9992,0.9996,0.9997,0.9997,0.9996,0,1,1,1,1,1,0,H
9548,Franklin Avenue Elementary School,86,0.9903,0.9812,0.9957,0.9767,0.9913,0.9931,0.9937,0.9936,0.993,0.9594,0.9824,0.9858,0.987,0.9869,0.9856,0.9809,0.9982,0.9987,0.9988,0.9988,0.9987,0,1,1,1,1,1,0,H
9559,Fred Ekstrand Elementary School,153,0.9331,0.8562,0.9568,0.9869,0.9076,0.9235,0.9294,0.9287,0.9226,0.7847,0.8474,0.8722,0.8815,0.8803,0.8706,0.9242,0.9559,0.964,0.9669,0.9666,0.9635,0,1,1,1,1,1,0.9402,M
9567,freeman (daniel) elementary,78,0.967,0.9573,0.9767,0.9359,0.9676,0.9737,0.9758,0.9756,0.9734,0.9244,0.9564,0.9644,0.9673,0.967,0.964,0.9528,0.9776,0.9818,0.9834,0.9832,0.9816,0,1,1,1,1,1,8e-04,H
9569,Fremont Elementary School,73,0.9954,0.9885,0.9968,0.9863,0.9964,0.9973,0.9976,0.9975,0.9973,0.97,0.9903,0.9923,0.9929,0.9928,0.9922,0.9826,0.9994,0.9997,0.9998,0.9998,0.9997,0,1,1,1,1,1,0,H
9586,Fries Avenue Elementary School,91,0.9229,0.8592,0.9401,0.967,0.8978,0.9152,0.9218,0.921,0.9142,0.7886,0.8506,0.875,0.8843,0.8833,0.8737,0.8999,0.9378,0.949,0.953,0.9525,0.9483,0,1,1,1,1,1,0.9958,M
9592,Fullbright Avenue Elementary School,68,0.95,0.9234,0.9503,0.9706,0.9352,0.9467,0.951,0.9505,0.9461,0.8761,0.9197,0.9338,0.9391,0.9385,0.9331,0.9143,0.9488,0.9581,0.9615,0.9611,0.9576,0,1,1,1,1,1,0.9715,H
9607,Furgeson (Venn W.) Elementary School,48,0.9889,0.9774,0.9968,0.9583,0.9938,0.9952,0.9956,0.9956,0.9951,0.9538,0.9782,0.9825,0.9839,0.9838,0.9823,0.9825,0.9993,0.9997,0.9997,0.9997,0.9997,0,1,1,1,1,1,3e-04,H
9642,Gabriella Charter School,38,0.9657,0.9235,0.989,0.9474,0.9631,0.9699,0.9723,0.972,0.9695,0.8768,0.9201,0.9339,0.9391,0.9385,0.9331,0.9708,0.9909,0.9928,0.9934,0.9934,0.9927,0,1,1,1,1,1,0.1918,H
9643,Gabriella Charter 2,53,0.9891,0.9797,0.9928,0.9811,0.9886,0.9909,0.9917,0.9916,0.9908,0.9572,0.9808,0.9845,0.9858,0.9857,0.9844,0.9766,0.995,0.9961,0.9965,0.9964,0.9961,0,1,1,1,1,1,0,H
9649,Gallatin Elementary School,158,0.9132,0.8747,0.9132,0.9494,0.8884,0.9073,0.9144,0.9136,0.9062,0.8094,0.8674,0.8893,0.8976,0.8967,0.888,0.862,0.9088,0.9246,0.9305,0.9298,0.9236,0,1,1,1,1,1,1,M
9657,Gan Israel Hebrew,24,0.9418,0.9775,0.9906,0.7083,0.986,0.9888,0.9897,0.9896,0.9886,0.954,0.9784,0.9825,0.984,0.9838,0.9823,0.9732,0.9926,0.9942,0.9947,0.9946,0.9941,0,1,1,1,1,1,0,M
9665,Gant Elementary School,132,0.9374,0.8979,0.9364,0.9848,0.914,0.9289,0.9345,0.9339,0.9281,0.8407,0.8922,0.9106,0.9174,0.9165,0.9094,0.8943,0.9339,0.9457,0.95,0.9495,0.9449,0,1,1,1,1,1,1,M
9671,Garden Grove Elementary School,67,0.9575,0.9336,0.9658,0.9552,0.9494,0.9586,0.9619,0.9616,0.9581,0.8903,0.9308,0.9431,0.9477,0.9472,0.9425,0.9367,0.9658,0.9722,0.9744,0.9742,0.9718,0,1,1,1,1,1,0.4495,H
9673,Garden Of Angels School,22,0.9493,0.9372,0.9614,0.9091,0.9488,0.958,0.9614,0.961,0.9575,0.8955,0.9347,0.9464,0.9507,0.9502,0.9457,0.9304,0.9609,0.9681,0.9707,0.9704,0.9677,0,1,1,1,1,1,0.473,M
9676,Gardena Elementary School,99,0.9855,0.9726,0.9907,0.9798,0.9838,0.9869,0.988,0.9879,0.9868,0.9467,0.973,0.9782,0.98,0.9798,0.9779,0.9735,0.9928,0.9943,0.9948,0.9948,0.9943,0,1,1,1,1,1,0,H
9680,Gardena Christian Academy,26,0.9827,0.9713,0.9916,0.9615,0.9841,0.9872,0.9883,0.9882,0.9871,0.9447,0.9716,0.977,0.9789,0.9787,0.9768,0.9748,0.9937,0.9951,0.9955,0.9955,0.995,0,1,1,1,1,1,0,H
9681,gardena valley christian school,20,0.9071,0.8577,0.8917,1,0.8682,0.89,0.8983,0.8973,0.8888,0.7871,0.8491,0.8736,0.8829,0.8818,0.8721,0.8327,0.8857,0.9049,0.9122,0.9114,0.9039,0,1,1,1,1,1,1,M
9683,Gardenhill Elementary School,117,0.993,0.9816,0.9957,0.9915,0.9918,0.9935,0.9941,0.994,0.9934,0.96,0.9829,0.9862,0.9873,0.9872,0.986,0.9808,0.9982,0.9987,0.9988,0.9988,0.9987,0,1,1,1,1,1,0,H
9685,Gardner Street Elementary School,76,0.9413,0.9138,0.9473,0.9474,0.9284,0.9411,0.9457,0.9452,0.9403,0.8626,0.9094,0.9251,0.931,0.9302,0.9241,0.91,0.9457,0.9555,0.9591,0.9586,0.9549,0,1,1,1,1,1,0.9918,M
9687,Garfield Elementary School,101,0.8695,0.814,0.8434,0.9901,0.8187,0.8472,0.8582,0.8569,0.8456,0.7306,0.8023,0.8326,0.8446,0.8431,0.831,0.7686,0.8338,0.8602,0.8704,0.8692,0.8586,0,1,1,1,1,1,1,L
9695,Garvanza Elementary School,61,0.9884,0.9448,0.9967,0.9836,0.987,0.9896,0.9905,0.9904,0.9895,0.9067,0.943,0.9532,0.9569,0.9565,0.9526,0.9824,0.9992,0.9996,0.9996,0.9996,0.9996,0,1,1,1,1,1,0.0338,H
9698,Garza (Carmen Lomas) Primary Center,57,0.9829,0.9603,0.9922,0.9825,0.9793,0.9833,0.9847,0.9845,0.9831,0.9288,0.9597,0.9671,0.9698,0.9695,0.9667,0.9756,0.9943,0.9956,0.996,0.996,0.9956,0,1,1,1,1,1,0.0013,H
9700,Gates Street Elementary School,107,0.9801,0.9537,0.9885,0.9907,0.9733,0.9783,0.9801,0.9799,0.9781,0.9193,0.9526,0.9612,0.9643,0.964,0.9607,0.9701,0.9903,0.9924,0.993,0.993,0.9923,0,1,1,1,1,1,0.0092,H
9706,Gauldin Elementary School,80,0.9898,0.9807,0.9953,0.975,0.991,0.9929,0.9935,0.9934,0.9928,0.9587,0.9819,0.9854,0.9866,0.9865,0.9853,0.9804,0.9977,0.9984,0.9985,0.9985,0.9984,0,1,1,1,1,1,0,H
9707,Gault Street Elementary School,46,0.9845,0.9821,0.9964,0.9348,0.993,0.9946,0.995,0.995,0.9945,0.9606,0.9834,0.9867,0.9878,0.9877,0.9865,0.982,0.999,0.9994,0.9994,0.9994,0.9994,0,1,1,1,1,1,0,H
9714,George De La Torre Jr. Elementary School,88,0.9276,0.8836,0.9278,0.9773,0.902,0.9188,0.9251,0.9244,0.9179,0.8213,0.8768,0.8974,0.9053,0.9045,0.8965,0.8823,0.9245,0.9378,0.9428,0.9422,0.9371,0,1,1,1,1,1,1,M
9721,George Washington Elementary School,176,0.9375,0.8759,0.9522,0.9886,0.9133,0.9283,0.9339,0.9333,0.9275,0.8109,0.8684,0.8903,0.8986,0.8976,0.889,0.9172,0.9509,0.9599,0.9632,0.9628,0.9594,0,1,1,1,1,1,0.9635,M
9724,"Gerald A. Lawson Academy Of The Arts, Mathematics And Science",83,0.9759,0.9626,0.9869,0.9518,0.9767,0.9811,0.9827,0.9825,0.9809,0.9321,0.9622,0.9692,0.9717,0.9714,0.9688,0.9677,0.9886,0.9909,0.9917,0.9916,0.9908,0,1,1,1,1,1,0.001,H
9725,Germain Academy For Academic Achievement,158,0.9623,0.9278,0.9793,0.9557,0.9562,0.9642,0.9671,0.9668,0.9638,0.8822,0.9246,0.9379,0.9429,0.9424,0.9373,0.9565,0.9803,0.9841,0.9855,0.9853,0.984,0,1,1,1,1,1,0.2685,H
9729,Giant Steps Children's Center,12,0.9874,0.9679,0.9903,1,0.9816,0.9852,0.9864,0.9863,0.985,0.9399,0.968,0.9739,0.976,0.9758,0.9736,0.9729,0.9923,0.994,0.9945,0.9944,0.9939,0,1,1,1,1,1,0,H
9730,Gidley Elementary School,43,0.9411,0.8996,0.9555,0.9535,0.9267,0.9396,0.9444,0.9438,0.9389,0.8431,0.894,0.9121,0.9189,0.9182,0.9112,0.9218,0.9545,0.9628,0.9658,0.9655,0.9624,0,1,1,1,1,1,0.9318,M
9737,Gil Garcetti Learning Academy,112,0.9866,0.9743,0.9936,0.9732,0.9868,0.9895,0.9904,0.9903,0.9893,0.9493,0.9749,0.9797,0.9813,0.9811,0.9794,0.9778,0.9959,0.9969,0.9972,0.9971,0.9968,0,1,1,1,1,1,0,H
9744,Gladstone Elementary School,94,0.9772,0.9612,0.9813,0.9787,0.9721,0.9774,0.9792,0.979,0.9771,0.93,0.9608,0.968,0.9706,0.9703,0.9676,0.9595,0.9826,0.986,0.9871,0.987,0.9858,0,1,1,1,1,1,3e-04,H
9747,gladstone street elementary,73,0.9962,0.9909,0.9969,0.9863,0.9976,0.9983,0.9984,0.9984,0.9982,0.9738,0.993,0.9945,0.995,0.9949,0.9945,0.9828,0.9995,0.9998,0.9999,0.9999,0.9998,0,1,1,1,1,1,0,H
9749,Glassell Park Elementary School,77,0.9821,0.9748,0.9962,0.9351,0.9896,0.9917,0.9924,0.9923,0.9916,0.9499,0.9754,0.9801,0.9818,0.9816,0.9799,0.9816,0.9987,0.9992,0.9993,0.9993,0.9992,0,1,1,1,1,1,0,H
9753,Gledhill Street Elementary School,66,0.9841,0.9529,0.9954,0.9848,0.9805,0.9843,0.9856,0.9854,0.9841,0.9182,0.9517,0.9606,0.9637,0.9634,0.9601,0.9804,0.9978,0.9985,0.9986,0.9986,0.9984,0,1,1,1,1,1,0.0163,H
9755,Glen Alta Elementary School,23,0.9633,0.9444,0.97,0.9565,0.9574,0.9652,0.9681,0.9677,0.9648,0.9057,0.9425,0.9529,0.9567,0.9563,0.9523,0.943,0.9703,0.9759,0.9779,0.9776,0.9756,0,1,1,1,1,1,0.112,H
9756,Glen Oak Elementary School,64,0.9875,0.9741,0.9922,0.9844,0.9854,0.9883,0.9893,0.9892,0.9882,0.9487,0.9746,0.9794,0.9811,0.9809,0.9792,0.9757,0.9944,0.9956,0.996,0.996,0.9956,0,1,1,1,1,1,0,H
9758,Glendale Adventist Academy,33,0.9683,0.9919,0.9969,0.8182,0.9977,0.9984,0.9985,0.9985,0.9984,0.9752,0.994,0.9954,0.9957,0.9957,0.9953,0.9828,0.9995,0.9998,0.9999,0.9999,0.9998,0,1,1,1,1,1,0,H
9778,Glenfeliz Boulevard Elementary School,40,0.9853,0.9759,0.9963,0.95,0.9905,0.9925,0.9931,0.9931,0.9924,0.9517,0.9767,0.9812,0.9827,0.9825,0.9809,0.9818,0.9988,0.9993,0.9994,0.9993,0.9993,0,1,1,1,1,1,0,H
9781,Glenoaks Elementary School,98,0.9919,0.9863,0.9967,0.9694,0.9954,0.9965,0.9968,0.9968,0.9965,0.9669,0.988,0.9904,0.9912,0.9911,0.9903,0.9825,0.9993,0.9996,0.9997,0.9997,0.9997,0,1,1,1,1,1,0,H
9783,Glenwood Elementary School,55,0.9866,0.9734,0.9917,0.9818,0.9848,0.9878,0.9888,0.9887,0.9877,0.9478,0.974,0.9789,0.9807,0.9805,0.9787,0.9749,0.9939,0.9952,0.9956,0.9956,0.9952,0,1,1,1,1,1,0,H
9786,Global Education Academy,43,0.9491,0.9016,0.9712,0.9535,0.938,0.949,0.9531,0.9526,0.9484,0.8459,0.896,0.9139,0.9205,0.9197,0.9129,0.9447,0.9716,0.9769,0.9788,0.9787,0.9767,0,1,1,1,1,1,0.6908,M
9788,Global Education Academy 2,27,0.963,0.9511,0.9957,0.8519,0.982,0.9855,0.9867,0.9866,0.9853,0.9155,0.9498,0.9589,0.9622,0.9618,0.9583,0.9809,0.9982,0.9988,0.9989,0.9989,0.9988,0,1,1,1,1,1,0.023,H
9799,Goethe International Charter School,59,0.9237,0.8048,0.9678,0.9831,0.8956,0.9131,0.9197,0.9189,0.9121,0.7184,0.792,0.8241,0.8364,0.8349,0.8223,0.9396,0.9678,0.9739,0.9761,0.9758,0.9736,0,1,1,1,1,1,0.896,M
9807,Golden Oak Community School,102,0.8303,0.6075,0.921,0.9902,0.767,0.8004,0.8136,0.812,0.7984,0.4919,0.5845,0.6331,0.6528,0.6503,0.6298,0.8726,0.9171,0.9317,0.9371,0.9365,0.931,0,1,1,1,1,1,0.9968,L
9808,Golden Poppy Elementary School,83,0.9828,0.9687,0.9891,0.9759,0.9808,0.9845,0.9858,0.9856,0.9843,0.9409,0.9688,0.9746,0.9767,0.9765,0.9743,0.9711,0.9909,0.9928,0.9934,0.9934,0.9927,0,1,1,1,1,1,3e-04,H
9810,Golden Springs Elementary School,46,0.9746,0.964,0.9808,0.9565,0.9735,0.9785,0.9803,0.9801,0.9783,0.9342,0.9638,0.9705,0.9729,0.9726,0.9701,0.9588,0.982,0.9855,0.9867,0.9865,0.9853,0,1,1,1,1,1,0,H
9819,Gompers Elementary School,,0.9795,0.9679,0.9895,0.9569,0.9806,0.9843,0.9856,0.9855,0.9842,0.9396,0.9679,0.974,0.9761,0.9759,0.9736,0.9716,0.9914,0.9932,0.9938,0.9937,0.9931,1,1,1,1,1,1,0,H
9821,Gonsalves (Joe A.) Elementary School,90,0.9706,0.961,0.9868,0.9222,0.9761,0.9806,0.9822,0.9821,0.9804,0.9298,0.9605,0.9678,0.9704,0.9701,0.9674,0.9677,0.9885,0.9908,0.9916,0.9915,0.9907,0,1,1,1,1,1,0,H
9833,Good Shepherd Catholic School,20,0.9877,0.981,0.9967,0.95,0.994,0.9954,0.9957,0.9957,0.9953,0.9591,0.9822,0.9856,0.9868,0.9867,0.9855,0.9825,0.9993,0.9997,0.9997,0.9997,0.9997,0,1,1,1,1,1,0,H
9843,"Gooden School, The",21,0.9763,0.9686,0.983,0.9524,0.977,0.9814,0.983,0.9828,0.9812,0.9408,0.9687,0.9745,0.9766,0.9764,0.9742,0.962,0.9844,0.9875,0.9885,0.9884,0.9873,0,1,1,1,1,1,0,H
9847,Gorman Elementary School,14,0.974,0.9711,0.9849,0.9286,0.9795,0.9834,0.9848,0.9846,0.9832,0.9446,0.9714,0.9768,0.9787,0.9786,0.9766,0.9649,0.9865,0.9892,0.9901,0.99,0.989,0,1,1,1,1,1,0,H
9854,grace academy,,0.9956,0.9929,0.9969,0.9807,0.998,0.9986,0.9988,0.9987,0.9986,0.9768,0.9951,0.9963,0.9966,0.9965,0.9962,0.9828,0.9995,0.9998,0.9999,0.9999,0.9998,1,1,1,1,1,1,0,H
9883,Grace Miller Elementary School,96,0.9224,0.8939,0.9269,0.9271,0.9064,0.9226,0.9286,0.9279,0.9217,0.8352,0.8876,0.9068,0.914,0.9132,0.9059,0.8811,0.9236,0.937,0.9419,0.9414,0.9362,0,1,1,1,1,1,1,M
9888,Graham Elementary School,121,0.941,0.8681,0.9729,0.9669,0.9234,0.9367,0.9417,0.9411,0.936,0.8012,0.8603,0.8832,0.8917,0.8906,0.8815,0.9471,0.9735,0.9784,0.9802,0.98,0.9782,0,1,1,1,1,1,0.7892,M
9893,granada elementary,73,0.9868,0.9903,0.9969,0.9315,0.9972,0.998,0.9982,0.9981,0.998,0.9727,0.9923,0.9939,0.9944,0.9944,0.9938,0.9827,0.9995,0.9998,0.9998,0.9998,0.9998,0,1,1,1,1,1,0,H
9894,Granada Elementary Community Charter,,0.9769,0.9689,0.9842,0.953,0.9777,0.982,0.9835,0.9833,0.9818,0.9411,0.9691,0.9749,0.977,0.9768,0.9746,0.9637,0.9857,0.9885,0.9895,0.9894,0.9884,1,1,1,1,1,1,0,H
9896,Granada Hills Charter High School,,0.9827,0.9751,0.989,0.9616,0.9841,0.9872,0.9883,0.9882,0.9871,0.9503,0.9757,0.9804,0.982,0.9818,0.9801,0.971,0.9909,0.9928,0.9934,0.9934,0.9928,1,1,1,1,1,1,0,H
9904,Grand View Elementary School,105,0.9754,0.9548,0.9772,0.9905,0.9667,0.9729,0.9751,0.9748,0.9725,0.9207,0.9537,0.9622,0.9653,0.9649,0.9618,0.9533,0.978,0.9823,0.9837,0.9836,0.9821,0,1,1,1,1,1,0.0025,H
9906,Grand View Boulevard Elementary School,159,0.9898,0.9775,0.994,0.9874,0.988,0.9905,0.9912,0.9912,0.9903,0.954,0.9784,0.9826,0.984,0.9839,0.9824,0.9784,0.9963,0.9972,0.9975,0.9974,0.9972,0,1,1,1,1,1,0,H
9911,"Grandview, College Preparatory Academy",30,0.8513,0.7708,0.8592,0.9333,0.8069,0.8369,0.8484,0.8471,0.8351,0.6781,0.7564,0.7918,0.8059,0.8045,0.7901,0.7894,0.8507,0.8749,0.8841,0.8829,0.8733,0,1,1,1,1,1,1,L
9915,Grant Elementary School,103,0.9923,0.9799,0.9967,0.9806,0.9933,0.9948,0.9952,0.9951,0.9947,0.9574,0.981,0.9847,0.986,0.9858,0.9845,0.9823,0.9992,0.9996,0.9996,0.9996,0.9996,0,1,1,1,1,1,0,H
9923,Grape Street Elementary School,74,0.9779,0.976,0.9886,0.9324,0.9841,0.9872,0.9883,0.9882,0.9871,0.9516,0.9768,0.9812,0.9827,0.9826,0.981,0.9702,0.9904,0.9924,0.9931,0.993,0.9923,0,1,1,1,1,1,0,H
9925,Gratts Learning Academy For Young Scholars (GLAYS),37,0.9886,0.9897,0.9967,0.9459,0.9963,0.9972,0.9974,0.9974,0.9972,0.9719,0.9916,0.9934,0.994,0.9939,0.9933,0.9824,0.9993,0.9996,0.9997,0.9997,0.9996,0,1,1,1,1,1,0,H
9928,Grazide Elementary School,106,0.9919,0.9809,0.995,0.9906,0.9903,0.9923,0.993,0.9929,0.9922,0.9588,0.9821,0.9856,0.9868,0.9867,0.9854,0.9798,0.9974,0.9981,0.9983,0.9983,0.9981,0,1,1,1,1,1,0,H
9954,Greenwood Elementary School,155,0.9718,0.9636,0.9829,0.9355,0.9746,0.9794,0.9811,0.9809,0.9792,0.9335,0.9633,0.9702,0.9726,0.9722,0.9697,0.9618,0.9842,0.9873,0.9884,0.9883,0.9872,0,1,1,1,1,1,3e-04,H
9957,Gregg Anderson Academy,130,0.9894,0.9776,0.9937,0.9846,0.9882,0.9906,0.9913,0.9913,0.9904,0.9539,0.9785,0.9826,0.984,0.9838,0.9824,0.9779,0.996,0.997,0.9972,0.9972,0.9969,0,1,1,1,1,1,0,H
9960,Gridley Street Elementary School,111,0.9832,0.9778,0.991,0.955,0.9864,0.9891,0.99,0.9899,0.989,0.9542,0.9787,0.9828,0.9843,0.9841,0.9826,0.9739,0.9931,0.9946,0.995,0.995,0.9945,0,1,1,1,1,1,0,H
9961,Griffin Avenue Elementary School,84,0.984,0.9576,0.9965,0.9524,0.9882,0.9905,0.9913,0.9912,0.9904,0.9249,0.9569,0.9647,0.9675,0.9672,0.9642,0.9821,0.9991,0.9995,0.9995,0.9995,0.9995,0,1,1,1,1,1,0.0127,H
9967,Grovecenter Elementary School,116,0.9695,0.9502,0.9699,0.9828,0.9601,0.9674,0.9701,0.9698,0.967,0.9142,0.9489,0.9581,0.9614,0.9611,0.9576,0.9427,0.9701,0.9757,0.9777,0.9775,0.9754,0,1,1,1,1,1,0.0225,H
9977,Guardian Angel Elementary School,25,0.9771,0.9644,0.9852,0.96,0.9764,0.9809,0.9824,0.9823,0.9806,0.9346,0.9641,0.9708,0.9732,0.9729,0.9704,0.9653,0.9867,0.9894,0.9903,0.9902,0.9893,0,1,1,1,1,1,0,H
9979,guidance charter,42,0.9436,0.9132,0.9505,0.9524,0.9304,0.9427,0.9472,0.9467,0.942,0.8619,0.9088,0.9245,0.9305,0.9299,0.9237,0.9145,0.9492,0.9584,0.9618,0.9614,0.9579,0,1,1,1,1,1,0.9695,M
9984,Gulf Avenue Elementary School,161,0.9662,0.9437,0.9656,0.9876,0.9542,0.9625,0.9656,0.9652,0.9621,0.9047,0.9417,0.9522,0.956,0.9556,0.9516,0.9364,0.9655,0.9719,0.9742,0.974,0.9716,0,1,1,1,1,1,0.1718,H
9998,Haddon Avenue Elementary School,148,0.9825,0.9162,0.9963,0.9932,0.9763,0.9807,0.9823,0.9821,0.9805,0.866,0.912,0.9273,0.933,0.9323,0.9264,0.9817,0.9988,0.9993,0.9993,0.9993,0.9992,0,1,1,1,1,1,0.1192,H
10001,Halldale Elementary School,100,0.9562,0.9293,0.9682,0.95,0.9488,0.9581,0.9615,0.9611,0.9576,0.8848,0.9263,0.939,0.9438,0.9433,0.9383,0.9402,0.9683,0.9742,0.9763,0.9761,0.9739,0,1,1,1,1,1,0.4728,H
10006,Hamilton Elementary School,69,0.9477,0.9152,0.9461,0.9855,0.9284,0.9411,0.9457,0.9452,0.9404,0.8646,0.9109,0.9263,0.9322,0.9316,0.9257,0.9083,0.9444,0.9544,0.9582,0.9578,0.954,0,1,1,1,1,1,0.995,M
10014,Hamlin Charter Academy,79,0.9325,0.9031,0.9294,0.962,0.9125,0.9277,0.9333,0.9327,0.9268,0.8481,0.8979,0.9153,0.9219,0.9212,0.9144,0.8846,0.9263,0.9393,0.9442,0.9436,0.9386,0,1,1,1,1,1,1,M
10015,Hancock Park Elementary School,104,0.9663,0.9447,0.9681,0.9808,0.956,0.9641,0.967,0.9666,0.9636,0.9062,0.9428,0.9531,0.9569,0.9565,0.9526,0.9402,0.9683,0.9742,0.9763,0.9761,0.9739,0,1,1,1,1,1,0.1265,H
10042,Harbor Church Schools,17,0.9987,0.9925,0.9969,1,0.9979,0.9985,0.9987,0.9986,0.9985,0.9761,0.9947,0.9959,0.9963,0.9962,0.9959,0.9828,0.9995,0.9998,0.9999,0.9999,0.9998,0,1,1,1,1,1,0,H
10044,Harbor City Elementary School,95,0.9863,0.9772,0.9893,0.9789,0.985,0.988,0.989,0.9889,0.9879,0.9533,0.978,0.9822,0.9837,0.9835,0.982,0.9713,0.9912,0.9931,0.9937,0.9936,0.993,0,1,1,1,1,1,0,H
10057,Harding Street Elementary School,77,0.896,0.8502,0.8986,0.9351,0.8678,0.8897,0.898,0.897,0.8884,0.7766,0.8407,0.8664,0.8762,0.875,0.8648,0.8423,0.8931,0.9113,0.918,0.9171,0.9099,0,1,1,1,1,1,1,L
10060,Harkham Hillel Hebrew Academy,93,0.9892,0.9726,0.9963,0.9785,0.9894,0.9915,0.9922,0.9922,0.9914,0.9466,0.9731,0.9781,0.9799,0.9797,0.9779,0.9817,0.9988,0.9993,0.9993,0.9993,0.9993,0,1,1,1,1,1,0,H
10062,Harmony Elementary School,77,0.9901,0.9791,0.9964,0.974,0.9917,0.9934,0.994,0.9939,0.9933,0.9562,0.9802,0.9839,0.9852,0.9851,0.9837,0.982,0.999,0.9994,0.9994,0.9994,0.9994,0,1,1,1,1,1,0,H
10065,Harriet Tubman,17,0.9773,0.9724,0.9868,0.9412,0.9812,0.9848,0.9861,0.986,0.9847,0.9464,0.9728,0.978,0.9798,0.9796,0.9777,0.9676,0.9885,0.9908,0.9916,0.9915,0.9907,0,1,1,1,1,1,0,H
10070,Harrison Elementary School,40,0.9209,0.8956,0.9328,0.9,0.9107,0.9261,0.9319,0.9312,0.9253,0.8377,0.8897,0.9085,0.9156,0.9148,0.9075,0.8894,0.9299,0.9424,0.947,0.9464,0.9415,0,1,1,1,1,1,1,M
10071,Harrison Street Elementary School,57,0.9909,0.967,0.9967,0.9825,0.9909,0.9928,0.9934,0.9933,0.9927,0.9386,0.967,0.9732,0.9754,0.9751,0.9729,0.9824,0.9992,0.9996,0.9997,0.9997,0.9996,0,1,1,1,1,1,0.0035,H
10072,Harry Bridges Span,149,0.9861,0.9689,0.9893,0.9933,0.9813,0.9849,0.9862,0.986,0.9847,0.9414,0.9691,0.975,0.977,0.9768,0.9746,0.9714,0.9912,0.9931,0.9937,0.9936,0.993,0,1,1,1,1,1,0,H
10074,Harry Wirtz Elementary School,85,0.9877,0.9785,0.9923,0.9765,0.9876,0.9901,0.9909,0.9908,0.99,0.9553,0.9795,0.9834,0.9848,0.9846,0.9832,0.9758,0.9944,0.9957,0.9961,0.9961,0.9957,0,1,1,1,1,1,0,H
10076,Hart Street Elementary School,146,0.9957,0.9852,0.9967,0.9932,0.9952,0.9963,0.9966,0.9966,0.9962,0.9652,0.9868,0.9894,0.9903,0.9902,0.9893,0.9824,0.9993,0.9996,0.9997,0.9997,0.9996,0,1,1,1,1,1,0,H
10077,Harte Elementary School,141,0.9711,0.9522,0.9765,0.9716,0.965,0.9715,0.9738,0.9736,0.9712,0.9171,0.951,0.9598,0.963,0.9626,0.9592,0.9523,0.9773,0.9816,0.9831,0.9829,0.9814,0,1,1,1,1,1,0.0135,H
10078,Harvard Elementary School,49,0.9826,0.9864,0.9963,0.9184,0.9943,0.9955,0.9959,0.9959,0.9955,0.9671,0.988,0.9905,0.9913,0.9912,0.9904,0.9818,0.9988,0.9993,0.9993,0.9993,0.9993,0,1,1,1,1,1,0,H
10087,haskell elementary science technology engineering arts and mathematics (steam) magnet,66,0.9871,0.972,0.9925,0.9848,0.9847,0.9877,0.9888,0.9886,0.9876,0.9457,0.9724,0.9776,0.9795,0.9793,0.9774,0.9761,0.9947,0.9959,0.9963,0.9962,0.9959,0,1,1,1,1,1,0,H
10095,Hawaiian Elementary School,51,0.9768,0.967,0.9821,0.9608,0.9757,0.9803,0.982,0.9818,0.9801,0.9384,0.967,0.9731,0.9753,0.975,0.9728,0.9607,0.9834,0.9867,0.9878,0.9876,0.9865,0,1,1,1,1,1,0,H
10096,Hawaiian Avenue Elementary School,113,0.9645,0.9316,0.9697,0.9912,0.951,0.9599,0.9631,0.9627,0.9594,0.8876,0.9285,0.9412,0.9459,0.9454,0.9405,0.9425,0.9699,0.9755,0.9776,0.9774,0.9753,0,1,1,1,1,1,0.394,H
10098,Hawthorne Elementary School,86,0.9622,0.9642,0.9803,0.8837,0.9732,0.9782,0.98,0.9798,0.978,0.9344,0.9639,0.9706,0.9731,0.9728,0.9703,0.958,0.9814,0.985,0.9863,0.9861,0.9848,0,1,1,1,1,1,0,H
10106,haykazunyadz child care center,,0.9953,0.9915,0.997,0.9802,0.9977,0.9983,0.9985,0.9985,0.9983,0.9746,0.9936,0.995,0.9954,0.9953,0.9949,0.9828,0.9995,0.9998,0.9999,0.9999,0.9999,1,1,1,1,1,1,0,H
10107,Haynes Charter for Enriched Studies,98,0.9864,0.9738,0.9949,0.9694,0.9875,0.99,0.9909,0.9908,0.9899,0.9486,0.9744,0.9793,0.9809,0.9807,0.9789,0.9797,0.9973,0.998,0.9982,0.9982,0.998,0,1,1,1,1,1,0,H
10113,Hazeltine Avenue Elementary School,126,0.9883,0.9872,0.996,0.9524,0.9944,0.9956,0.996,0.996,0.9956,0.9683,0.989,0.9912,0.992,0.9919,0.9911,0.9814,0.9985,0.999,0.9991,0.9991,0.999,0,1,1,1,1,1,0,H
10124,Heights Christian Junior High School,,0.9623,0.9323,0.9848,0.9317,0.9619,0.9689,0.9714,0.9711,0.9685,0.8883,0.9294,0.9419,0.9464,0.9459,0.9411,0.9645,0.9863,0.9891,0.99,0.9899,0.9889,1,1,1,1,1,1,0.1745,H
10125,Heights Christian School/ La Mirada Campus,70,0.9631,0.9348,0.9657,0.9857,0.9502,0.9593,0.9625,0.9622,0.9588,0.8921,0.9321,0.9442,0.9486,0.948,0.9434,0.9366,0.9657,0.972,0.9743,0.974,0.9717,0,1,1,1,1,1,0.4032,H
10128,Helen Keller Elementary School,51,0.7707,0.6669,0.7925,0.8627,0.7151,0.7547,0.7705,0.7687,0.7524,0.5564,0.6467,0.6917,0.71,0.7084,0.6895,0.7041,0.7794,0.8124,0.8253,0.8238,0.8104,0,1,1,1,1,1,1,L
10130,Heliotrope Avenue Elementary School,104,0.9897,0.9778,0.9924,0.9904,0.9873,0.9898,0.9907,0.9906,0.9897,0.9543,0.9787,0.9828,0.9842,0.984,0.9826,0.976,0.9946,0.9958,0.9962,0.9962,0.9958,0,1,1,1,1,1,0,H
10139,Henry Dalton Elementary School,74,0.9749,0.954,0.978,0.9865,0.9668,0.973,0.9752,0.975,0.9727,0.9197,0.9529,0.9615,0.9646,0.9643,0.9611,0.9547,0.979,0.983,0.9844,0.9842,0.9828,0,1,1,1,1,1,0.0068,H
10141,Henry K-8,176,0.9636,0.9855,0.9967,0.8011,0.9951,0.9962,0.9966,0.9965,0.9962,0.9657,0.9871,0.9897,0.9905,0.9904,0.9895,0.9824,0.9992,0.9996,0.9996,0.9996,0.9996,0,1,1,1,1,1,0,H
10144,Heritage Christian School,111,0.8654,0.8331,0.8723,0.8559,0.8438,0.869,0.8787,0.8776,0.8676,0.755,0.8226,0.8508,0.8613,0.86,0.8489,0.8063,0.8646,0.8871,0.8955,0.8946,0.8857,0,1,1,1,1,1,1,L
10159,Hermosa View Elementary School,164,0.9805,0.9735,0.9918,0.9451,0.9849,0.9878,0.9889,0.9887,0.9877,0.9482,0.9742,0.9791,0.9809,0.9807,0.9789,0.9751,0.9939,0.9953,0.9957,0.9957,0.9952,0,1,1,1,1,1,0,H
10163,Herrick Avenue Elementary School,89,0.9909,0.977,0.9965,0.9775,0.992,0.9937,0.9943,0.9942,0.9937,0.9533,0.9778,0.9821,0.9836,0.9834,0.9819,0.9821,0.9991,0.9995,0.9995,0.9995,0.9995,0,1,1,1,1,1,0,H
10165,Hesby Oaks Leadership Charter,51,0.9935,0.9868,0.9966,0.9804,0.9951,0.9962,0.9965,0.9965,0.9962,0.9675,0.9884,0.9908,0.9916,0.9915,0.9907,0.9822,0.9991,0.9995,0.9996,0.9996,0.9995,0,1,1,1,1,1,0,H
10167,Hickory Elementary School,137,0.9948,0.9828,0.9966,0.9927,0.994,0.9953,0.9957,0.9957,0.9953,0.9615,0.9841,0.9873,0.9883,0.9882,0.9871,0.9823,0.9991,0.9995,0.9996,0.9996,0.9995,0,1,1,1,1,1,0,H
10169,Hickory Tree School,27,0.9923,0.9914,0.997,0.963,0.9976,0.9983,0.9984,0.9984,0.9982,0.9745,0.9936,0.995,0.9954,0.9953,0.9949,0.9828,0.9995,0.9998,0.9999,0.9999,0.9998,0,1,1,1,1,1,0,H
10178,Highland Elementary School,53,0.969,0.9485,0.9707,0.9811,0.9597,0.9671,0.9698,0.9694,0.9667,0.9118,0.947,0.9565,0.96,0.9596,0.956,0.944,0.9711,0.9765,0.9784,0.9782,0.9762,0,1,1,1,1,1,0.0405,H
10180,Highland Hall Waldorf School,24,0.9811,0.9683,0.9916,0.9583,0.9825,0.9859,0.9871,0.987,0.9857,0.9405,0.9684,0.9743,0.9764,0.9761,0.974,0.9748,0.9937,0.9951,0.9955,0.9955,0.9951,0,1,1,1,1,1,0,H
10181,Highland Oaks Elementary School,111,0.8955,0.8327,0.8903,0.991,0.8542,0.878,0.887,0.886,0.8766,0.7544,0.8221,0.8502,0.8609,0.8598,0.8486,0.8306,0.8842,0.9037,0.9111,0.9102,0.9025,0,1,1,1,1,1,1,L
10185,Highlands Elementary School,85,0.9898,0.98,0.9954,0.9765,0.9907,0.9926,0.9932,0.9932,0.9925,0.9576,0.9811,0.9848,0.9861,0.9859,0.9846,0.9805,0.9979,0.9985,0.9986,0.9986,0.9985,0,1,1,1,1,1,0,H
10193,Hillcrest Elementary School,64,0.9846,0.9655,0.9922,0.9844,0.9813,0.9849,0.9862,0.986,0.9848,0.9363,0.9654,0.9718,0.9741,0.9738,0.9714,0.9756,0.9943,0.9956,0.9959,0.9959,0.9955,0,1,1,1,1,1,3e-04,H
10196,Hillcrest Drive Elementary School,122,0.9903,0.9793,0.9967,0.9672,0.9937,0.9951,0.9955,0.9954,0.995,0.9565,0.9803,0.9841,0.9854,0.9853,0.9839,0.9825,0.9993,0.9997,0.9997,0.9997,0.9997,0,1,1,1,1,1,0,H
10199,Hillery T. Broadous Elementary School,95,0.9755,0.9654,0.9894,0.9368,0.9796,0.9835,0.9849,0.9847,0.9833,0.9361,0.9652,0.9717,0.974,0.9737,0.9713,0.9715,0.9913,0.9932,0.9937,0.9937,0.9931,0,1,1,1,1,1,0,H
10205,Hillside Elementary School,28,0.954,0.8945,0.9947,0.8929,0.9594,0.9668,0.9694,0.9691,0.9664,0.8362,0.8888,0.9074,0.9146,0.9139,0.9067,0.9795,0.9971,0.9979,0.998,0.998,0.9978,0,1,1,1,1,1,0.296,H
10218,Hobart Boulevard Elementary School,71,0.9664,0.9298,0.9765,0.9859,0.9549,0.9632,0.9661,0.9658,0.9627,0.8851,0.9268,0.9397,0.9444,0.9439,0.9389,0.9525,0.9773,0.9816,0.9831,0.983,0.9814,0,1,1,1,1,1,0.2855,H
10223,Hollingworth Elementary School,81,0.8454,0.7662,0.8356,0.9753,0.7895,0.8215,0.834,0.8325,0.8196,0.6713,0.7515,0.7872,0.8017,0.8001,0.7855,0.7583,0.8255,0.8531,0.8638,0.8626,0.8516,0,1,1,1,1,1,1,L
10225,Holly Avenue Elementary School,101,0.9266,0.8675,0.9341,0.9901,0.8977,0.9151,0.9217,0.9209,0.9141,0.8,0.8597,0.8826,0.8913,0.8902,0.8812,0.891,0.9313,0.9436,0.9481,0.9475,0.9429,0,1,1,1,1,1,0.999,M
10226,Hollydale School,89,0.9857,0.9667,0.995,0.9775,0.9845,0.9875,0.9886,0.9885,0.9874,0.938,0.9666,0.9729,0.9751,0.9748,0.9725,0.9798,0.9974,0.9981,0.9983,0.9982,0.9981,0,1,1,1,1,1,0,H
10232,Hollywood Elementary,44,0.9829,0.9671,0.9955,0.9545,0.986,0.9887,0.9897,0.9896,0.9886,0.9386,0.9671,0.9732,0.9754,0.9752,0.9729,0.9805,0.9979,0.9985,0.9987,0.9987,0.9985,0,1,1,1,1,1,8e-04,H
10245,Hollywood Schoolhouse,88,0.9875,0.9729,0.9947,0.9773,0.9873,0.9898,0.9907,0.9906,0.9897,0.947,0.9734,0.9784,0.9803,0.9801,0.9782,0.9794,0.9971,0.9978,0.998,0.998,0.9978,0,1,1,1,1,1,0,H
10248,Holmes Elementary School,84,0.9499,0.8095,0.9938,0.9762,0.9343,0.9455,0.9497,0.9492,0.9449,0.7235,0.7968,0.8286,0.8405,0.8391,0.8267,0.978,0.9961,0.997,0.9973,0.9973,0.997,0,1,1,1,1,1,0.4988,M
10249,Holmes Avenue Elementary School,24,0.8498,0.6308,0.9321,0.9583,0.8004,0.83,0.8416,0.8402,0.8283,0.5171,0.6089,0.6563,0.6754,0.673,0.6529,0.8882,0.9292,0.9418,0.9464,0.9458,0.941,0,1,1,1,1,1,0.9928,L
10252,Holy Angels Elementary School,27,0.9993,0.9946,0.997,1,0.9988,0.9992,0.9993,0.9993,0.9992,0.9793,0.997,0.9978,0.998,0.9979,0.9977,0.9829,0.9996,0.9999,0.9999,0.9999,0.9999,0,1,1,1,1,1,0,H
10254,Holy Family Elementary School,23,0.9851,0.9807,0.9921,0.9565,0.9887,0.991,0.9917,0.9916,0.9909,0.9587,0.9819,0.9854,0.9866,0.9865,0.9852,0.9756,0.9943,0.9956,0.9959,0.9959,0.9955,0,1,1,1,1,1,0,H
10256,Holy Family Catholic School,53,0.986,0.9748,0.9968,0.9434,0.9931,0.9946,0.9951,0.995,0.9946,0.95,0.9755,0.9801,0.9817,0.9815,0.9799,0.9826,0.9994,0.9997,0.9997,0.9997,0.9997,0,1,1,1,1,1,0.0015,H
10259,Holy Innocents Elementary School,26,0.9607,0.9414,0.9647,0.9615,0.9525,0.9612,0.9643,0.964,0.9607,0.9015,0.9393,0.9502,0.9542,0.9537,0.9495,0.9353,0.9645,0.9711,0.9734,0.9732,0.9707,0,1,1,1,1,1,0.264,H
10260,Holy Martyrs Armenian Elementary,42,0.9647,0.9604,0.9812,0.9048,0.9718,0.9771,0.979,0.9788,0.9769,0.9291,0.9599,0.9672,0.9699,0.9696,0.9668,0.9593,0.9824,0.9859,0.987,0.9869,0.9857,0,1,1,1,1,1,0,H
10263,Holy Name Of Jesus Catholic Elementary School,22,0.9604,0.9904,0.9969,0.7727,0.9973,0.998,0.9982,0.9982,0.998,0.973,0.9924,0.994,0.9945,0.9945,0.994,0.9828,0.9995,0.9998,0.9998,0.9998,0.9998,0,1,1,1,1,1,0,H
10264,Holy Name Of Mary,36,0.9491,0.9272,0.9564,0.9444,0.9401,0.9508,0.9548,0.9543,0.9503,0.8813,0.9237,0.9372,0.9422,0.9416,0.9365,0.9229,0.9555,0.9637,0.9666,0.9663,0.9632,0,1,1,1,1,1,0.8525,M
10267,Holy Spirit Elementary School,37,0.9728,0.9614,0.9827,0.9459,0.9735,0.9785,0.9803,0.9801,0.9783,0.9303,0.9609,0.9681,0.9707,0.9704,0.9677,0.9616,0.984,0.9872,0.9882,0.9881,0.987,0,1,1,1,1,1,0,H
10268,Holy Trinity Elementary School,46,0.9862,0.9816,0.9943,0.9565,0.9903,0.9923,0.993,0.9929,0.9923,0.9599,0.9828,0.9862,0.9873,0.9872,0.986,0.9789,0.9967,0.9975,0.9977,0.9977,0.9975,0,1,1,1,1,1,0,H
10270,Holy Trinity Academy,11,0.9536,0.9637,0.9857,0.8182,0.9766,0.981,0.9826,0.9824,0.9808,0.9336,0.9634,0.9702,0.9727,0.9724,0.9699,0.966,0.9873,0.9899,0.9907,0.9906,0.9898,0,1,1,1,1,1,0,H
10295,Hooper Avenue Primary Center,175,0.9716,0.8946,0.995,0.9886,0.9617,0.9687,0.9712,0.9709,0.9683,0.8362,0.8886,0.9075,0.9145,0.9137,0.9063,0.98,0.9974,0.9981,0.9983,0.9983,0.9981,0,1,1,1,1,1,0.273,H
10298,Hoover Street Elementary School,137,0.9797,0.9569,0.9839,0.9927,0.9723,0.9776,0.9794,0.9792,0.9773,0.9236,0.956,0.9641,0.967,0.9667,0.9637,0.9633,0.9853,0.9883,0.9892,0.9891,0.9881,0,1,1,1,1,1,0.0018,H
10304,Hope Lutheran Elementary School,11,0.9468,0.8968,0.9527,1,0.9238,0.9372,0.9421,0.9415,0.9364,0.8397,0.8913,0.9096,0.9165,0.9157,0.9086,0.918,0.9515,0.9603,0.9636,0.9633,0.96,0,1,1,1,1,1,0.959,M
10308,Hope Street Elementary School,88,0.977,0.9892,0.9969,0.875,0.9967,0.9975,0.9977,0.9977,0.9975,0.9712,0.9911,0.9929,0.9935,0.9935,0.9929,0.9827,0.9994,0.9998,0.9998,0.9998,0.9998,0,1,1,1,1,1,0,H
10309,Horace Mann Elementary School,88,0.9405,0.9086,0.9377,0.9773,0.9202,0.9342,0.9393,0.9387,0.9334,0.8555,0.9038,0.9205,0.9267,0.926,0.9196,0.8965,0.9352,0.9468,0.951,0.9505,0.9461,0,1,1,1,1,1,1,M
10323,Howard J. McKibben Elementary School,80,0.9912,0.9734,0.9968,0.975,0.9931,0.9946,0.995,0.995,0.9945,0.9479,0.974,0.9788,0.9805,0.9803,0.9785,0.9825,0.9993,0.9997,0.9997,0.9997,0.9997,0,1,1,1,1,1,0.002,H
10324,Howard Tanner School,108,0.9308,0.899,0.9393,0.9352,0.9164,0.931,0.9364,0.9358,0.9301,0.842,0.8934,0.9117,0.9184,0.9176,0.9105,0.8986,0.937,0.9483,0.9523,0.9518,0.9475,0,1,1,1,1,1,0.9995,M
10325,Howard Wood Elementary School,72,0.9762,0.9564,0.9794,0.9861,0.9688,0.9746,0.9767,0.9765,0.9743,0.9229,0.9555,0.9637,0.9667,0.9663,0.9633,0.9567,0.9805,0.9842,0.9855,0.9854,0.9841,0,1,1,1,1,1,0.0035,H
10331,Hubbard Street Elementary School,108,0.9951,0.9905,0.9969,0.9815,0.9972,0.998,0.9981,0.9981,0.9979,0.9732,0.9926,0.9942,0.9946,0.9946,0.9941,0.9827,0.9994,0.9998,0.9998,0.9998,0.9998,0,1,1,1,1,1,0,H
10334,Hudnall (Claude) Elementary School,68,0.9871,0.9338,0.9966,0.9853,0.9847,0.9876,0.9887,0.9885,0.9875,0.8905,0.9309,0.9433,0.9479,0.9475,0.9429,0.9823,0.9992,0.9996,0.9996,0.9996,0.9996,0,1,1,1,1,1,0.0512,H
10336,hudson elem.,,0.9908,0.9798,0.9966,0.9736,0.9929,0.9944,0.9949,0.9948,0.9944,0.9572,0.9809,0.9846,0.9859,0.9857,0.9844,0.9823,0.9992,0.9996,0.9996,0.9996,0.9996,1,1,1,1,1,1,0,H
10337,Hudson K-8,39,0.9781,0.956,0.995,0.9487,0.9805,0.9843,0.9856,0.9854,0.9841,0.9224,0.955,0.9633,0.9663,0.966,0.9629,0.9799,0.9974,0.9981,0.9983,0.9983,0.9981,0,1,1,1,1,1,0.01,H
10341,Hughes-Elizabeth Lakes Elementary School,,0.9866,0.9578,0.9966,0.9675,0.9883,0.9907,0.9915,0.9914,0.9906,0.9252,0.9569,0.9649,0.9676,0.9673,0.9643,0.9823,0.9992,0.9996,0.9996,0.9996,0.9996,1,1,1,1,1,1,0.0125,H
10343,Hugo Reid Elementary School,101,0.9904,0.9686,0.9963,0.9901,0.9883,0.9907,0.9915,0.9914,0.9906,0.9405,0.9687,0.9746,0.9767,0.9765,0.9744,0.9818,0.9988,0.9993,0.9994,0.9994,0.9993,0,1,1,1,1,1,0.0015,H
10348,Humphreys Avenue Elementary School,81,0.9924,0.9823,0.9968,0.9753,0.9947,0.9959,0.9962,0.9962,0.9958,0.9611,0.9837,0.9869,0.988,0.9878,0.9867,0.9825,0.9994,0.9997,0.9998,0.9997,0.9997,0,1,1,1,1,1,0,H
10351,Huntington Academy,35,0.9352,0.8619,0.9516,1,0.9075,0.9234,0.9293,0.9286,0.9225,0.7921,0.8534,0.8774,0.8866,0.8854,0.8759,0.9166,0.9505,0.9595,0.9628,0.9624,0.9589,0,1,1,1,1,1,0.9678,M
10353,Huntington Drive Elementary School,67,0.8789,0.78,0.8972,0.9851,0.8329,0.8594,0.8696,0.8684,0.8579,0.6881,0.7657,0.8007,0.8145,0.813,0.7989,0.8403,0.8916,0.9098,0.9168,0.9161,0.9089,0,1,1,1,1,1,1,L
10355,Huntington Park Elementary School,46,0.5028,0.3719,0.4105,0.9565,0.3658,0.4144,0.4358,0.4332,0.4113,0.2698,0.3467,0.3946,0.4157,0.4132,0.3917,0.3037,0.3851,0.4342,0.4559,0.4536,0.4314,0,1,1,1,1,1,1,L
10362,Hurley Elementary School,66,0.9136,0.8647,0.9077,0.9848,0.8807,0.9007,0.9083,0.9074,0.8996,0.7962,0.8565,0.8799,0.8888,0.8878,0.8784,0.8545,0.9029,0.9196,0.9258,0.9252,0.9187,0,1,1,1,1,1,1,M
10366,Icc Community School,12,0.9958,0.9803,0.9967,1,0.9938,0.9951,0.9956,0.9955,0.9951,0.958,0.9814,0.985,0.9862,0.9861,0.9848,0.9824,0.9993,0.9996,0.9997,0.9997,0.9996,0,1,1,1,1,1,0,H
10367,ICEF Inglewood Elementary Charter Academy,53,0.9883,0.9642,0.9963,0.9811,0.9874,0.99,0.9908,0.9907,0.9898,0.9345,0.9639,0.9706,0.973,0.9727,0.9702,0.9819,0.9989,0.9993,0.9994,0.9994,0.9993,0,1,1,1,1,1,0.002,H
10369,ICEF Innovation Los Angeles Charter School,39,0.982,0.9766,0.9913,0.9487,0.9861,0.9889,0.9898,0.9897,0.9887,0.9527,0.9775,0.9818,0.9833,0.9831,0.9816,0.9743,0.9934,0.9949,0.9953,0.9952,0.9948,0,1,1,1,1,1,0,H
10370,icef lou dantzler preparatory academy,55,0.9841,0.9603,0.9942,0.9818,0.9812,0.9849,0.9861,0.986,0.9847,0.9288,0.9598,0.9673,0.9699,0.9696,0.9668,0.9787,0.9966,0.9974,0.9977,0.9976,0.9974,0,1,1,1,1,1,0.0027,H
10371,icef view park preparatory elementary,66,0.99,0.9807,0.9927,0.9848,0.9889,0.9912,0.9919,0.9919,0.9911,0.9586,0.9819,0.9854,0.9866,0.9865,0.9852,0.9764,0.9949,0.9961,0.9964,0.9963,0.996,0,1,1,1,1,1,0,H
10374,ICEF Vista Elementary Academy,46,0.9901,0.9871,0.9968,0.9565,0.9959,0.9969,0.9971,0.9971,0.9968,0.9681,0.9888,0.9911,0.9919,0.9918,0.991,0.9826,0.9994,0.9997,0.9998,0.9997,0.9997,0,1,1,1,1,1,0,H
10385,Ilan Ramon Day School,21,0.9823,0.9541,0.9965,0.9524,0.9857,0.9885,0.9894,0.9893,0.9884,0.9197,0.953,0.9617,0.9648,0.9644,0.9612,0.982,0.999,0.9994,0.9995,0.9995,0.9994,0,1,1,1,1,1,0.015,H
10386,iLead Agua Dulce,44,0.4768,0.3406,0.3824,0.9545,0.3364,0.3835,0.4043,0.4018,0.3804,0.2432,0.316,0.3621,0.3826,0.3803,0.3593,0.2788,0.3569,0.4052,0.4265,0.4238,0.4019,0,1,1,1,1,1,1,L
10387,iLEAD Hybrid,422,0.8376,0.8837,0.9548,0.3673,0.9185,0.9327,0.938,0.9374,0.9319,0.8215,0.8768,0.8976,0.9053,0.9045,0.8964,0.9208,0.9539,0.9622,0.9653,0.9649,0.9617,0,1,1,1,1,1,0.949,L
10388,iLEAD Lancaster Charter,68,0.9747,0.9872,0.9966,0.8676,0.9951,0.9962,0.9965,0.9965,0.9962,0.9682,0.9889,0.9912,0.9919,0.9918,0.9911,0.9822,0.9991,0.9995,0.9996,0.9996,0.9995,0,1,1,1,1,1,0,H
10391,Immaculate Conception,50,0.9791,0.9622,0.9837,0.98,0.9744,0.9793,0.981,0.9808,0.979,0.9314,0.9617,0.9689,0.9714,0.9711,0.9684,0.9631,0.9852,0.9881,0.989,0.9889,0.9879,0,1,1,1,1,1,5e-04,H
10396,Immaculate Heart Of Mary Elementary School,25,0.9537,0.9185,0.9668,0.96,0.9429,0.9531,0.9569,0.9565,0.9526,0.8694,0.9145,0.9293,0.9348,0.9342,0.9284,0.9382,0.9669,0.973,0.9752,0.975,0.9727,0,1,1,1,1,1,0.6478,H
10399,Imperial Elementary School,211,0.8062,0.5773,0.8927,0.981,0.7371,0.7735,0.788,0.7863,0.7714,0.4613,0.5538,0.6035,0.6244,0.6218,0.6002,0.834,0.8867,0.9059,0.9133,0.9123,0.9048,0,1,1,1,1,1,0.9995,L
10407,Incarnation Elementary School,43,0.8922,0.7173,0.9711,0.9535,0.8591,0.8814,0.89,0.889,0.8801,0.6133,0.6994,0.7406,0.7571,0.7552,0.7383,0.9446,0.9714,0.9768,0.9787,0.9785,0.9765,0,1,1,1,1,1,0.9158,L
10411,Independence Elementary School,73,0.9838,0.9453,0.9961,0.9863,0.9797,0.9836,0.9849,0.9848,0.9834,0.9071,0.9435,0.9538,0.9575,0.9571,0.9533,0.9814,0.9985,0.999,0.9991,0.9991,0.999,0,1,1,1,1,1,0.0412,H
10423,Ingenium Charter School,47,0.976,0.9417,0.9951,0.9574,0.9755,0.9801,0.9817,0.9815,0.9798,0.9017,0.9395,0.9504,0.9545,0.954,0.9499,0.98,0.9976,0.9983,0.9984,0.9984,0.9982,0,1,1,1,1,1,0.0575,H
10443,Innovations Academy Of Palmdale,26,0.9877,0.9719,0.9966,0.9615,0.9912,0.9931,0.9936,0.9936,0.993,0.9455,0.9724,0.9776,0.9795,0.9793,0.9774,0.9823,0.9992,0.9996,0.9996,0.9996,0.9996,0,1,1,1,1,1,5e-04,H
10446,inspire charter,742,0.8123,0.8583,0.9399,0.3113,0.8961,0.9137,0.9203,0.9196,0.9127,0.7882,0.8497,0.8741,0.8833,0.8821,0.8724,0.8994,0.9377,0.9488,0.9529,0.9524,0.9481,0,1,1,1,1,1,0.995,L
10452,Institute Of Knowledge,25,0.9827,0.9543,0.9963,0.96,0.9845,0.9875,0.9886,0.9885,0.9874,0.9201,0.9531,0.9618,0.9649,0.9645,0.9613,0.9817,0.9988,0.9992,0.9993,0.9993,0.9992,0,1,1,1,1,1,0.016,H
10457,intensive learning center,99,0.9856,0.954,0.9962,0.9798,0.9839,0.987,0.9881,0.988,0.9869,0.9198,0.953,0.9615,0.9647,0.9643,0.9611,0.9816,0.9987,0.9992,0.9993,0.9992,0.9992,0,1,1,1,1,1,0.0145,H
10462,International Elementary School,158,0.9854,0.9744,0.9932,0.9684,0.9863,0.989,0.99,0.9899,0.9889,0.9494,0.9751,0.9798,0.9815,0.9813,0.9796,0.9771,0.9954,0.9965,0.9968,0.9968,0.9965,0,1,1,1,1,1,0,H
10473,International School of Los Angeles-Pas,20,0.9849,0.979,0.9952,0.95,0.99,0.992,0.9927,0.9926,0.9919,0.956,0.9801,0.9839,0.9852,0.9851,0.9837,0.9801,0.9976,0.9983,0.9984,0.9984,0.9982,0,1,1,1,1,1,0,H
10478,Intiwasi Elementary,28,0.9459,0.9818,0.9941,0.7143,0.9904,0.9924,0.9931,0.993,0.9923,0.9602,0.9831,0.9864,0.9875,0.9874,0.9862,0.9784,0.9964,0.9973,0.9975,0.9975,0.9973,0,1,1,1,1,1,0,M
10481,Invictus Leadership Academy,29,0.9694,0.9909,0.9968,0.8276,0.9971,0.9979,0.9981,0.9981,0.9979,0.9737,0.9929,0.9945,0.9949,0.9949,0.9944,0.9826,0.9994,0.9998,0.9998,0.9998,0.9998,0,1,1,1,1,1,0,H
10489,ISANA Achernar Academy,45,0.9563,0.9367,0.9606,0.9556,0.9477,0.9572,0.9606,0.9602,0.9567,0.8948,0.9342,0.9459,0.9502,0.9496,0.9452,0.9292,0.9601,0.9675,0.9701,0.9698,0.967,0,1,1,1,1,1,0.5382,H
10490,ISANA Cardinal Academy,49,0.9898,0.9864,0.9966,0.9592,0.9948,0.996,0.9963,0.9963,0.9959,0.9669,0.988,0.9905,0.9913,0.9911,0.9903,0.9822,0.9991,0.9995,0.9995,0.9995,0.9995,0,1,1,1,1,1,0,H
10492,ISANA Himalia Academy,77,0.9862,0.9729,0.994,0.974,0.9861,0.9889,0.9898,0.9897,0.9887,0.9472,0.9734,0.9784,0.9803,0.9801,0.9782,0.9784,0.9963,0.9972,0.9975,0.9975,0.9972,0,1,1,1,1,1,0,H
10493,ISANA Nascent Academy,71,0.9949,0.9882,0.9967,0.9859,0.9958,0.9968,0.9971,0.997,0.9967,0.9697,0.9901,0.9921,0.9928,0.9927,0.992,0.9824,0.9993,0.9996,0.9997,0.9997,0.9996,0,1,1,1,1,1,0,H
10494,ISANA Octavia Academy,50,0.9884,0.9767,0.9935,0.98,0.9878,0.9903,0.9911,0.991,0.9902,0.9525,0.9776,0.9819,0.9834,0.9833,0.9817,0.9776,0.9958,0.9968,0.997,0.997,0.9967,0,1,1,1,1,1,0,H
10495,ISANA Palmati Academy,38,0.9794,0.9527,0.9958,0.9474,0.9827,0.986,0.9872,0.987,0.9858,0.9178,0.9515,0.9604,0.9636,0.9632,0.9598,0.9811,0.9983,0.9989,0.999,0.999,0.9989,0,1,1,1,1,1,0.018,H
10501,Ivanhoe Elementary School,83,0.9953,0.9946,0.997,0.9759,0.9988,0.9992,0.9993,0.9993,0.9992,0.9792,0.9969,0.9977,0.9979,0.9979,0.9977,0.9829,0.9996,0.9999,0.9999,0.9999,0.9999,0,1,1,1,1,1,0,H
10503,Ivie League Christian Preschool,,0.992,0.9848,0.9965,0.9754,0.9942,0.9955,0.9959,0.9958,0.9954,0.9647,0.9863,0.989,0.9899,0.9898,0.9889,0.982,0.999,0.9994,0.9995,0.9995,0.9994,1,1,1,1,1,1,0,H
10515,J. E. Van Wig Elementary School,76,0.9911,0.9816,0.9965,0.9737,0.9932,0.9947,0.9952,0.9951,0.9947,0.9599,0.9829,0.9862,0.9874,0.9872,0.9861,0.9821,0.9991,0.9995,0.9995,0.9995,0.9995,0,1,1,1,1,1,0,H
10518,J. Marion Roynon Elementary School,221,0.9925,0.9843,0.9966,0.9774,0.9943,0.9956,0.996,0.9959,0.9955,0.9639,0.9858,0.9886,0.9896,0.9895,0.9885,0.9823,0.9992,0.9996,0.9996,0.9996,0.9996,0,1,1,1,1,1,0,H
10522,Jack Northrop Elementary School,147,0.9741,0.955,0.9729,0.9932,0.9641,0.9708,0.9732,0.9729,0.9704,0.921,0.954,0.9624,0.9655,0.9651,0.962,0.9474,0.9735,0.9785,0.9802,0.98,0.9782,0,1,1,1,1,1,0.004,H
10523,Jackson Elementary School,117,0.9751,0.9836,0.9958,0.8803,0.9926,0.9942,0.9947,0.9946,0.9941,0.9628,0.985,0.988,0.989,0.9889,0.9878,0.981,0.9982,0.9988,0.9989,0.9989,0.9988,0,1,1,1,1,1,0,H
10531,Jaime Escalante Elementary School,94,0.9841,0.9718,0.9884,0.9787,0.9819,0.9854,0.9866,0.9865,0.9852,0.9455,0.9721,0.9774,0.9792,0.9791,0.9772,0.9701,0.9903,0.9923,0.9929,0.9929,0.9922,0,1,1,1,1,1,0,H
10536,James Foster Elementary School,77,0.9938,0.9902,0.9969,0.974,0.997,0.9978,0.998,0.998,0.9978,0.9727,0.9921,0.9938,0.9943,0.9943,0.9938,0.9827,0.9995,0.9998,0.9998,0.9998,0.9998,0,1,1,1,1,1,0,H
10545,Janie P. Abbott Elementary School,97,0.9773,0.9795,0.9941,0.9072,0.9893,0.9915,0.9922,0.9921,0.9914,0.9568,0.9805,0.9843,0.9856,0.9855,0.9842,0.9784,0.9964,0.9973,0.9975,0.9975,0.9973,0,1,1,1,1,1,0,H
10546,Jardin De La Infancia,20,0.9729,0.9606,0.9825,0.95,0.9727,0.9779,0.9797,0.9795,0.9776,0.9292,0.96,0.9674,0.97,0.9697,0.967,0.9612,0.9838,0.987,0.9881,0.988,0.9868,0,1,1,1,1,1,0,H
10552,Jefferson Elementary School,50,0.9952,0.9915,0.9969,0.98,0.9977,0.9984,0.9985,0.9985,0.9983,0.9746,0.9935,0.995,0.9954,0.9954,0.9949,0.9828,0.9995,0.9998,0.9998,0.9998,0.9998,0,1,1,1,1,1,0,H
10574,Jellick Elementary School,69,0.9907,0.9697,0.9964,0.9855,0.9899,0.9919,0.9926,0.9925,0.9918,0.9425,0.97,0.9756,0.9776,0.9774,0.9753,0.9821,0.999,0.9994,0.9994,0.9994,0.9994,0,1,1,1,1,1,3e-04,H
10577,jenny oropeza elementary,102,0.9839,0.9779,0.9958,0.9412,0.9907,0.9927,0.9933,0.9932,0.9926,0.9543,0.9788,0.9829,0.9843,0.9841,0.9827,0.981,0.9983,0.9989,0.999,0.9989,0.9989,0,1,1,1,1,1,0,H
10578,jerry voorhis elementary,39,0.9709,0.976,0.9952,0.8718,0.9886,0.9909,0.9917,0.9916,0.9908,0.9517,0.9768,0.9812,0.9828,0.9826,0.981,0.9802,0.9976,0.9983,0.9984,0.9984,0.9983,0,1,1,1,1,1,0,H
10579,Jersey Avenue Elementary School,81,0.9654,0.9632,0.982,0.9012,0.9736,0.9786,0.9804,0.9802,0.9784,0.933,0.9629,0.9698,0.9722,0.9719,0.9694,0.9605,0.9832,0.9865,0.9876,0.9875,0.9864,0,1,1,1,1,1,0,H
10591,Joaquin Miller Elementary School,159,0.9777,0.9616,0.978,0.9874,0.9707,0.9762,0.9781,0.9779,0.9759,0.9305,0.9612,0.9684,0.9709,0.9706,0.9679,0.9547,0.979,0.983,0.9844,0.9843,0.9828,0,1,1,1,1,1,0,H
10599,John Adams Elementary School,67,0.9719,0.946,0.9779,0.9851,0.963,0.9698,0.9723,0.972,0.9694,0.9082,0.9442,0.9543,0.958,0.9575,0.9538,0.9545,0.9788,0.9829,0.9844,0.9842,0.9827,0,1,1,1,1,1,0.0592,H
10603,john and jacquelyn miller k-8,,0.9095,0.8899,0.9279,0.8569,0.9048,0.9212,0.9273,0.9266,0.9203,0.8302,0.8836,0.9032,0.9106,0.9098,0.9022,0.8828,0.9248,0.9379,0.9428,0.9423,0.9372,1,1,1,1,1,1,1,M
10604,John B. Monlux Elementary School,91,0.987,0.9733,0.9936,0.978,0.9862,0.989,0.9899,0.9898,0.9888,0.9479,0.9739,0.9788,0.9806,0.9804,0.9786,0.9777,0.9959,0.9969,0.9972,0.9971,0.9969,0,1,1,1,1,1,0,H
10607,John C. Fremont Elementary School,78,0.9914,0.9852,0.996,0.9744,0.9935,0.9949,0.9954,0.9953,0.9949,0.9653,0.9868,0.9894,0.9903,0.9902,0.9893,0.9814,0.9985,0.999,0.9991,0.9991,0.999,0,1,1,1,1,1,0,H
10610,John Dolland Elementary School,123,0.9825,0.9768,0.9913,0.9512,0.9863,0.989,0.9899,0.9898,0.9889,0.9529,0.9776,0.9819,0.9834,0.9832,0.9817,0.9743,0.9933,0.9948,0.9952,0.9952,0.9947,0,1,1,1,1,1,0,H
10612,John F. Kennedy Elementary School,76,0.9915,0.9903,0.9969,0.9605,0.997,0.9978,0.9979,0.9979,0.9977,0.9728,0.9923,0.9939,0.9944,0.9943,0.9938,0.9826,0.9994,0.9998,0.9998,0.9998,0.9998,0,1,1,1,1,1,0,H
10613,John Foster Dulles Elementary School,62,0.9946,0.9881,0.9967,0.9839,0.9959,0.9969,0.9971,0.9971,0.9968,0.9695,0.9899,0.992,0.9926,0.9926,0.9919,0.9824,0.9993,0.9996,0.9997,0.9997,0.9996,0,1,1,1,1,1,0,H
10617,John H. Nuffer Elementary School,65,0.9722,0.962,0.9779,0.9538,0.9708,0.9763,0.9782,0.978,0.976,0.9312,0.9616,0.9687,0.9712,0.971,0.9683,0.9545,0.9789,0.9829,0.9844,0.9842,0.9827,0,1,1,1,1,1,0,H
10619,John Marshall Elementary School,76,0.9809,0.9688,0.9942,0.9474,0.9849,0.9879,0.9889,0.9888,0.9877,0.9411,0.9689,0.9747,0.9768,0.9766,0.9745,0.9786,0.9965,0.9973,0.9976,0.9976,0.9973,0,1,1,1,1,1,0,H
10621,John Muir Elementary School,125,0.9782,0.9352,0.9932,0.992,0.9704,0.9759,0.9779,0.9776,0.9756,0.8931,0.9327,0.9445,0.9489,0.9483,0.9437,0.9772,0.9955,0.9966,0.9969,0.9968,0.9965,0,1,1,1,1,1,0.1082,H
10629,JOHN THOMAS DYE SCHOOL,,0.995,0.9913,0.9969,0.9799,0.9974,0.9981,0.9983,0.9983,0.9981,0.9744,0.9934,0.9949,0.9953,0.9953,0.9948,0.9827,0.9994,0.9998,0.9998,0.9998,0.9998,1,1,1,1,1,1,0,H
10632,John W. Mack Elementary School,58,0.996,0.9925,0.997,0.9828,0.9981,0.9987,0.9988,0.9988,0.9987,0.9762,0.9947,0.9959,0.9963,0.9962,0.9959,0.9828,0.9995,0.9999,0.9999,0.9999,0.9999,0,1,1,1,1,1,0,H
10636,Jordan Elementary School,84,0.9864,0.9903,0.9969,0.9286,0.9973,0.998,0.9982,0.9982,0.998,0.973,0.9923,0.9939,0.9945,0.9944,0.9939,0.9827,0.9995,0.9998,0.9998,0.9998,0.9998,0,1,1,1,1,1,0,H
10643,Joseph A. Gascon Elementary School,86,0.988,0.9511,0.9967,0.9767,0.988,0.9904,0.9912,0.9911,0.9903,0.9161,0.9499,0.9588,0.9621,0.9617,0.9582,0.9824,0.9992,0.9996,0.9997,0.9996,0.9996,0,1,1,1,1,1,0.0232,H
10645,Joseph Arnold Elementary School,104,0.99,0.9763,0.9938,0.9904,0.9877,0.9902,0.991,0.9909,0.99,0.952,0.9771,0.9815,0.983,0.9828,0.9812,0.978,0.9961,0.997,0.9973,0.9973,0.997,0,1,1,1,1,1,0,H
10648,Joshua Elementary,110,0.9768,0.9275,0.9956,0.9727,0.9729,0.978,0.9798,0.9796,0.9777,0.8817,0.9242,0.9373,0.9422,0.9416,0.9364,0.9808,0.9981,0.9987,0.9988,0.9988,0.9987,0,1,1,1,1,1,0.1075,H
10651,Joshua Hills Elementary School,89,0.6759,0.4382,0.7365,0.9775,0.5702,0.6183,0.6382,0.6359,0.6153,0.3278,0.4122,0.4624,0.484,0.4809,0.4587,0.635,0.7194,0.7593,0.7746,0.7725,0.7562,0,1,1,1,1,1,1,L
10660,Joyland Pre School,,0.9688,0.8723,0.9963,0.9419,0.969,0.9746,0.9766,0.9764,0.9743,0.8056,0.8644,0.887,0.8957,0.8947,0.8858,0.9817,0.9988,0.9992,0.9993,0.9993,0.9992,1,1,1,1,1,1,0.1948,H
10662,juan cabrillo elementary,194,0.9776,0.9532,0.9832,0.9897,0.97,0.9756,0.9776,0.9774,0.9753,0.9185,0.9521,0.9607,0.964,0.9636,0.9603,0.9624,0.9846,0.9877,0.9887,0.9886,0.9875,0,1,1,1,1,1,0.011,H
10665,Juarez (Benito) Elementary School,57,0.9962,0.9936,0.997,0.9825,0.9984,0.999,0.9991,0.9991,0.999,0.9778,0.9959,0.9968,0.9971,0.9971,0.9968,0.9829,0.9996,0.9999,0.9999,0.9999,0.9999,0,1,1,1,1,1,0,H
10666,Jubilee Christian School,29,0.945,0.9151,0.9475,0.9655,0.9292,0.9417,0.9464,0.9458,0.941,0.8643,0.9109,0.9263,0.932,0.9314,0.9254,0.9106,0.946,0.9557,0.9592,0.9588,0.9551,0,1,1,1,1,1,0.9892,M
10669,Judith F. Baca Arts Academy,105,0.9931,0.9888,0.9969,0.9714,0.9966,0.9975,0.9977,0.9977,0.9975,0.9705,0.9906,0.9926,0.9932,0.9931,0.9925,0.9827,0.9995,0.9998,0.9998,0.9998,0.9998,0,1,1,1,1,1,0,H
10673,Julia B. Morrison Elementary School,85,0.99,0.9795,0.996,0.9765,0.991,0.9929,0.9935,0.9934,0.9928,0.9568,0.9806,0.9843,0.9856,0.9855,0.9842,0.9813,0.9985,0.999,0.9991,0.9991,0.999,0,1,1,1,1,1,0,H
10674,Julie Korenstein Elementary School,75,0.9641,0.9367,0.9719,0.9733,0.9545,0.9628,0.9658,0.9655,0.9624,0.8949,0.9341,0.9458,0.9503,0.9498,0.9454,0.9457,0.9723,0.9775,0.9794,0.9792,0.9773,0,1,1,1,1,1,0.2535,H
10685,"Just Beginning, Inc.",15,0.9801,0.9587,0.9813,1,0.9711,0.9765,0.9785,0.9782,0.9762,0.9262,0.958,0.9657,0.9685,0.9682,0.9653,0.9595,0.9825,0.9859,0.9871,0.9869,0.9857,0,1,1,1,1,1,0.0013,H
10692,k. anthony,27,0.9881,0.9831,0.9945,0.963,0.9915,0.9933,0.9938,0.9938,0.9932,0.9624,0.9845,0.9876,0.9887,0.9885,0.9875,0.9792,0.9969,0.9977,0.9979,0.9979,0.9977,0,1,1,1,1,1,0,H
10696,Kabbalah Children's Academy,12,0.8789,0.9714,0.9936,0.3333,0.9854,0.9883,0.9892,0.9891,0.9881,0.9449,0.9718,0.9771,0.979,0.9788,0.9769,0.9778,0.9959,0.9969,0.9972,0.9971,0.9969,0,1,1,1,1,1,0,L
10729,Kehillat Mogen David Education Center,,0.9865,0.9522,0.9967,0.9673,0.9882,0.9906,0.9913,0.9913,0.9905,0.9172,0.951,0.9599,0.9632,0.9629,0.9595,0.9824,0.9992,0.9996,0.9996,0.9996,0.9996,1,1,1,1,1,1,0.021,H
10732,Kellogg Polytechnic Elementary School,43,0.8797,0.786,0.9058,0.9535,0.8412,0.8666,0.8764,0.8753,0.8652,0.6959,0.7721,0.8064,0.8195,0.8179,0.8042,0.8522,0.9008,0.9177,0.924,0.9233,0.9167,0,1,1,1,1,1,1,L
10734,Kelly Elementary School,76,0.6213,0.3509,0.6995,0.9737,0.5042,0.5534,0.5742,0.5718,0.5504,0.2529,0.3266,0.3726,0.3932,0.3905,0.3693,0.5928,0.6805,0.7235,0.7407,0.7387,0.7209,0,1,1,1,1,1,1,L
10735,Kelso (William H.) Elementary School,60,0.8961,0.701,0.9713,0.95,0.8654,0.8868,0.8949,0.894,0.8855,0.5947,0.6816,0.7248,0.7419,0.7402,0.7224,0.9448,0.9716,0.9769,0.9788,0.9786,0.9766,0,1,1,1,1,1,0.8938,L
10738,Kenmore Elementary School,87,0.9941,0.9894,0.9969,0.977,0.9968,0.9976,0.9978,0.9978,0.9976,0.9716,0.9914,0.9932,0.9938,0.9937,0.9931,0.9827,0.9994,0.9998,0.9998,0.9998,0.9998,0,1,1,1,1,1,0,H
10741,kennedy (john f.) elementary,86,0.9171,0.8578,0.9228,0.9767,0.8875,0.9065,0.9136,0.9128,0.9054,0.7871,0.8489,0.8739,0.8832,0.8822,0.8726,0.8751,0.919,0.9334,0.9387,0.9381,0.9327,0,1,1,1,1,1,1,M
10743,Kenter Canyon Elementary School,95,0.9489,0.9699,0.9856,0.7789,0.9792,0.9832,0.9846,0.9844,0.983,0.9427,0.9702,0.9758,0.9777,0.9775,0.9754,0.966,0.9872,0.9898,0.9906,0.9905,0.9897,0,1,1,1,1,1,0,M
10745,Kentwood Elementary School,67,0.9862,0.9732,0.9896,0.9851,0.9834,0.9866,0.9877,0.9876,0.9865,0.9477,0.9737,0.9787,0.9805,0.9803,0.9785,0.9719,0.9915,0.9933,0.9939,0.9938,0.9932,0,1,1,1,1,1,0,H
10749,Kester Avenue Elementary School,128,0.9979,0.9939,0.997,0.9922,0.9986,0.9991,0.9991,0.9991,0.9991,0.9782,0.9962,0.9971,0.9974,0.9973,0.9971,0.9829,0.9996,0.9999,0.9999,0.9999,0.9999,0,1,1,1,1,1,0,H
10751,Kettering Elementary School,82,0.9616,0.9291,0.9715,0.9756,0.9505,0.9595,0.9628,0.9624,0.959,0.8842,0.9257,0.9389,0.9437,0.9431,0.9382,0.945,0.9719,0.9772,0.9791,0.9789,0.9769,0,1,1,1,1,1,0.4192,H
10759,Kid Junction School,16,0.9924,0.9735,0.9961,1,0.9888,0.9911,0.9918,0.9918,0.991,0.9478,0.9741,0.979,0.9807,0.9805,0.9787,0.9814,0.9986,0.9991,0.9991,0.9991,0.9991,0,1,1,1,1,1,0,H
10775,Kids Castle Child Care Center,27,0.964,0.9845,0.9953,0.8148,0.9924,0.994,0.9945,0.9945,0.994,0.9642,0.986,0.9888,0.9897,0.9896,0.9886,0.9803,0.9977,0.9984,0.9985,0.9985,0.9984,0,1,1,1,1,1,0,H
10793,kids'  world school,,0.9942,0.9878,0.9969,0.9787,0.9966,0.9974,0.9977,0.9976,0.9974,0.9691,0.9896,0.9918,0.9924,0.9923,0.9916,0.9827,0.9994,0.9998,0.9998,0.9998,0.9998,1,1,1,1,1,1,0,H
10796,Kidsville Usa,12,0.9427,0.9907,0.9969,0.6667,0.9972,0.998,0.9981,0.9981,0.9979,0.9735,0.9928,0.9943,0.9948,0.9948,0.9943,0.9827,0.9994,0.9998,0.9998,0.9998,0.9998,0,1,1,1,1,1,0,M
10808,Killian Elementary School,74,0.9871,0.9446,0.9966,0.9865,0.9844,0.9875,0.9885,0.9884,0.9873,0.9061,0.9427,0.953,0.9568,0.9563,0.9524,0.9822,0.9991,0.9995,0.9996,0.9996,0.9995,0,1,1,1,1,1,0.0392,H
10839,King Elementary School,122,0.9967,0.9891,0.9969,0.9918,0.997,0.9978,0.998,0.9979,0.9977,0.971,0.991,0.9929,0.9935,0.9934,0.9928,0.9827,0.9995,0.9998,0.9998,0.9998,0.9998,0,1,1,1,1,1,0,H
10847,Kingsley Elementary School,104,0.9412,0.8998,0.96,0.9423,0.9294,0.9418,0.9464,0.9459,0.9411,0.8436,0.8943,0.9123,0.9191,0.9183,0.9112,0.9283,0.9594,0.9669,0.9697,0.9694,0.9666,0,1,1,1,1,1,0.8808,M
10855,KIPP Comienza Community Prep,108,0.9957,0.9886,0.9966,0.9907,0.9958,0.9968,0.9971,0.9971,0.9968,0.9703,0.9904,0.9924,0.9931,0.993,0.9923,0.9823,0.9992,0.9996,0.9996,0.9996,0.9996,0,1,1,1,1,1,0,H
10856,KIPP Compton Community,106,0.972,0.9537,0.9738,0.9811,0.9641,0.9707,0.9731,0.9728,0.9704,0.9193,0.9526,0.9612,0.9643,0.9639,0.9607,0.9484,0.9744,0.9792,0.9809,0.9807,0.9789,0,1,1,1,1,1,0.0048,H
10857,KIPP Corazon Academy,116,0.9426,0.8865,0.953,0.9914,0.9199,0.9339,0.9391,0.9385,0.9331,0.8256,0.8799,0.9001,0.9078,0.9069,0.899,0.9186,0.9519,0.9607,0.9639,0.9636,0.9603,0,1,1,1,1,1,0.9562,M
10858,KIPP Empower Academy,118,0.9567,0.9209,0.9659,0.9746,0.9437,0.9538,0.9575,0.9571,0.9533,0.8732,0.9173,0.9316,0.937,0.9363,0.9309,0.9371,0.9659,0.9722,0.9745,0.9742,0.9719,0,1,1,1,1,1,0.6245,H
10860,KIPP Ignite Academy,86,0.9682,0.9413,0.9756,0.9767,0.9596,0.967,0.9697,0.9694,0.9666,0.9015,0.9392,0.95,0.954,0.9535,0.9494,0.9511,0.9763,0.9808,0.9824,0.9822,0.9806,0,1,1,1,1,1,0.1175,H
10861,KIPP Iluminar Academy,117,0.991,0.9802,0.9928,0.9915,0.9888,0.9911,0.9918,0.9917,0.991,0.958,0.9814,0.985,0.9862,0.9861,0.9848,0.9765,0.995,0.9961,0.9965,0.9964,0.9961,0,1,1,1,1,1,0,H
10864,kipp poder public,77,0.977,0.9607,0.9822,0.974,0.9729,0.978,0.9798,0.9796,0.9777,0.9293,0.9602,0.9675,0.9702,0.9699,0.9672,0.9609,0.9836,0.9868,0.9879,0.9878,0.9866,0,1,1,1,1,1,0,H
10865,KIPP Promesa Prep,94,0.9844,0.9734,0.9881,0.9787,0.9824,0.9858,0.987,0.9869,0.9857,0.9478,0.9739,0.9789,0.9806,0.9804,0.9786,0.9696,0.9899,0.992,0.9927,0.9926,0.9919,0,1,1,1,1,1,0,H
10866,kipp pueblo unido,67,0.9953,0.988,0.9969,0.9851,0.9965,0.9974,0.9976,0.9976,0.9974,0.9694,0.9898,0.9919,0.9925,0.9925,0.9918,0.9826,0.9994,0.9998,0.9998,0.9998,0.9998,0,1,1,1,1,1,0,H
10867,KIPP Raices Academy,129,0.9971,0.9911,0.9969,0.9922,0.9974,0.9981,0.9983,0.9983,0.9981,0.9741,0.9932,0.9947,0.9951,0.9951,0.9946,0.9827,0.9995,0.9998,0.9998,0.9998,0.9998,0,1,1,1,1,1,0,H
10870,KIPP Vida Preparatory Academy,112,0.996,0.9883,0.9968,0.9911,0.9961,0.997,0.9973,0.9973,0.997,0.9699,0.9902,0.9922,0.9928,0.9927,0.9921,0.9825,0.9993,0.9997,0.9997,0.9997,0.9997,0,1,1,1,1,1,0,H
10874,Kirk O' The Valley School,25,0.968,0.95,0.9751,0.96,0.9634,0.9701,0.9726,0.9723,0.9698,0.914,0.9486,0.9579,0.9613,0.9609,0.9574,0.9504,0.9758,0.9805,0.9821,0.9819,0.9802,0,1,1,1,1,1,0.0248,H
10877,Kirkwood Christian Schools,33,0.9518,0.9687,0.989,0.7879,0.9812,0.9849,0.9861,0.986,0.9847,0.9408,0.9688,0.9747,0.9768,0.9766,0.9744,0.971,0.9909,0.9929,0.9935,0.9934,0.9928,0,1,1,1,1,1,0,H
10881,kit carson elementary,114,0.9793,0.9353,0.9966,0.9386,0.9847,0.9877,0.9887,0.9886,0.9875,0.8922,0.9324,0.9447,0.9491,0.9485,0.944,0.9823,0.9992,0.9996,0.9996,0.9996,0.9996,0,1,1,1,1,1,0.0503,H
10882,Kittridge Street Elementary School,173,0.9659,0.9846,0.9948,0.8266,0.9923,0.9939,0.9945,0.9944,0.9939,0.9643,0.9861,0.9888,0.9898,0.9897,0.9887,0.9796,0.9972,0.9979,0.9981,0.9981,0.9979,0,1,1,1,1,1,0,H
10885,Knollwood Preparatory Academy,72,0.9899,0.9793,0.9931,0.9861,0.9885,0.9909,0.9916,0.9915,0.9907,0.9566,0.9804,0.9842,0.9855,0.9854,0.984,0.9771,0.9954,0.9965,0.9968,0.9967,0.9964,0,1,1,1,1,1,0,H
10900,Kornblum School,84,0.9878,0.9569,0.9967,0.9762,0.9879,0.9904,0.9911,0.9911,0.9902,0.9238,0.9561,0.9642,0.9671,0.9667,0.9637,0.9824,0.9992,0.9996,0.9997,0.9996,0.9996,0,1,1,1,1,1,0.0132,H
10904,Kwis Elementary School,63,0.9876,0.9734,0.9926,0.9841,0.9856,0.9885,0.9894,0.9893,0.9883,0.9479,0.974,0.9789,0.9806,0.9804,0.9786,0.9762,0.9948,0.996,0.9963,0.9963,0.9959,0,1,1,1,1,1,0,H
10914,La Ballona Elementary School,111,0.9948,0.9887,0.9969,0.982,0.9966,0.9975,0.9977,0.9977,0.9975,0.9703,0.9905,0.9925,0.9931,0.9931,0.9924,0.9826,0.9994,0.9998,0.9998,0.9998,0.9998,0,1,1,1,1,1,0,H
10915,La Canada Elementary School,97,0.9632,0.9415,0.9637,0.9794,0.9518,0.9606,0.9638,0.9634,0.9601,0.9019,0.9394,0.9502,0.9542,0.9538,0.9496,0.9337,0.9635,0.9703,0.9727,0.9724,0.9699,0,1,1,1,1,1,0.2912,H
10926,La Colima Elementary School,40,0.8775,0.832,0.8747,0.925,0.8446,0.8697,0.8793,0.8782,0.8683,0.7532,0.8211,0.8496,0.8603,0.8591,0.8478,0.8097,0.8673,0.8892,0.8975,0.8964,0.8877,0,1,1,1,1,1,1,L
10930,La Crescenta Elementary School,69,0.9878,0.9717,0.9938,0.9855,0.9857,0.9885,0.9895,0.9894,0.9884,0.9454,0.9722,0.9774,0.9793,0.9791,0.9771,0.9781,0.9962,0.9971,0.9973,0.9973,0.9971,0,1,1,1,1,1,0,H
10931,La Crescenta Montessori School,10,0.9948,0.982,0.9961,1,0.9923,0.9939,0.9945,0.9944,0.9939,0.9605,0.9833,0.9865,0.9876,0.9875,0.9864,0.9815,0.9986,0.9991,0.9992,0.9991,0.9991,0,1,1,1,1,1,0,H
10935,La Fetra Elementary School,117,0.9508,0.9072,0.9572,0.9915,0.9314,0.9436,0.9481,0.9475,0.9429,0.8535,0.9023,0.9191,0.9254,0.9247,0.9183,0.9245,0.9565,0.9644,0.9673,0.967,0.964,0,1,1,1,1,1,0.9002,H
10940,La Merced Elementary School,137,0.9521,0.9703,0.9834,0.8029,0.9781,0.9823,0.9838,0.9836,0.9821,0.9432,0.9706,0.9761,0.9781,0.9779,0.9758,0.9626,0.9848,0.9878,0.9888,0.9887,0.9877,0,1,1,1,1,1,0,H
10941,la merced academy,102,0.9876,0.9771,0.9919,0.9804,0.9866,0.9893,0.9902,0.9901,0.9892,0.9533,0.9779,0.9821,0.9836,0.9834,0.9819,0.9752,0.994,0.9953,0.9957,0.9957,0.9953,0,1,1,1,1,1,0,H
10965,La Pluma Elementary School,56,0.9816,0.9329,0.9959,0.9821,0.9777,0.9819,0.9834,0.9832,0.9817,0.8894,0.9301,0.9425,0.947,0.9466,0.9419,0.9813,0.9984,0.9989,0.999,0.999,0.9989,0,1,1,1,1,1,0.083,H
10968,La Primaria Elementary School,72,0.9779,0.9106,0.996,0.9861,0.9713,0.9766,0.9785,0.9783,0.9764,0.8593,0.9062,0.9221,0.928,0.9273,0.9211,0.9813,0.9984,0.999,0.9991,0.999,0.999,0,1,1,1,1,1,0.1615,H
10977,La Rosa Elementary School,133,0.9851,0.9658,0.9899,0.9925,0.98,0.9839,0.9852,0.9851,0.9837,0.9369,0.9657,0.972,0.9744,0.9741,0.9717,0.9723,0.9919,0.9936,0.9941,0.9941,0.9935,0,1,1,1,1,1,0,H
10978,La Salle Avenue Elementary School,86,0.9687,0.9714,0.9958,0.8605,0.9881,0.9905,0.9913,0.9912,0.9904,0.9449,0.9718,0.9771,0.979,0.9788,0.9769,0.9811,0.9983,0.9988,0.9989,0.9989,0.9988,0,1,1,1,1,1,0,H
10985,La Tijera K-8 Charter School Academy of Excellence,65,0.9853,0.9805,0.994,0.9538,0.9897,0.9918,0.9925,0.9924,0.9917,0.9585,0.9817,0.9853,0.9865,0.9864,0.9851,0.9784,0.9964,0.9973,0.9975,0.9975,0.9972,0,1,1,1,1,1,0,H
10991,La Verne Heights Elementary School,107,0.9664,0.9405,0.9711,0.9813,0.9559,0.964,0.9669,0.9666,0.9635,0.9008,0.9384,0.9493,0.9534,0.953,0.9488,0.9446,0.9715,0.9768,0.9788,0.9786,0.9766,0,1,1,1,1,1,0.1868,H
10994,La Verne Science And Technology Charter School,43,0.984,0.9763,0.9944,0.9535,0.9878,0.9903,0.9911,0.991,0.9902,0.9521,0.9771,0.9815,0.983,0.9828,0.9812,0.9789,0.9967,0.9975,0.9978,0.9977,0.9975,0,1,1,1,1,1,0,H
11005,Lafayette Elementary School,158,0.9927,0.9774,0.9966,0.9873,0.9923,0.994,0.9945,0.9944,0.9939,0.9538,0.9782,0.9824,0.9839,0.9838,0.9822,0.9823,0.9992,0.9995,0.9996,0.9996,0.9995,0,1,1,1,1,1,0,H
11006,Lafayette Park Primary Center,66,0.9884,0.9778,0.9914,0.9848,0.9867,0.9894,0.9903,0.9902,0.9893,0.9543,0.9787,0.9828,0.9842,0.984,0.9825,0.9744,0.9934,0.9949,0.9953,0.9953,0.9948,0,1,1,1,1,1,0,H
11009,Lake Avenue Church School,11,0.8414,0.7185,0.8586,1,0.7787,0.8118,0.8247,0.8232,0.8098,0.6146,0.7009,0.7419,0.7582,0.756,0.7391,0.7881,0.8499,0.8743,0.8836,0.8825,0.8729,0,1,1,1,1,1,1,L
11011,Lake Balboa College Preparatory Magnet K-12,22,0.9527,0.9176,0.9669,0.9545,0.9429,0.9531,0.9569,0.9565,0.9526,0.8678,0.9135,0.9285,0.9343,0.9336,0.9277,0.9385,0.9669,0.973,0.9753,0.975,0.9727,0,1,1,1,1,1,0.6345,H
11013,Lake Los Angeles Elementary School,38,0.9874,0.9866,0.9962,0.9474,0.9943,0.9956,0.9959,0.9959,0.9955,0.9673,0.9882,0.9906,0.9914,0.9913,0.9905,0.9816,0.9987,0.9992,0.9992,0.9992,0.9992,0,1,1,1,1,1,0,H
11014,Lake Marie Elementary School,21,0.9652,0.9479,0.9733,0.9524,0.9611,0.9683,0.9709,0.9706,0.9679,0.9107,0.9463,0.956,0.9596,0.9592,0.9555,0.9478,0.9739,0.9788,0.9806,0.9803,0.9785,0,1,1,1,1,1,0.0478,H
11015,Lake Street Primary School,73,0.9786,0.9685,0.9863,0.9589,0.9788,0.9829,0.9843,0.9842,0.9827,0.9407,0.9686,0.9746,0.9766,0.9764,0.9742,0.9669,0.988,0.9904,0.9912,0.9911,0.9903,0,1,1,1,1,1,0,H
11016,Lakeland Elementary School,69,0.9779,0.9533,0.985,0.9855,0.9714,0.9768,0.9787,0.9785,0.9765,0.9185,0.952,0.9608,0.9638,0.9635,0.9602,0.9649,0.9865,0.9892,0.9901,0.99,0.9891,0,1,1,1,1,1,0.0142,H
11019,Lakeview Elementary School,85,0.9751,0.9684,0.9956,0.9059,0.9865,0.9892,0.9901,0.99,0.9891,0.9407,0.9686,0.9745,0.9766,0.9764,0.9742,0.9807,0.998,0.9986,0.9988,0.9987,0.9986,0,1,1,1,1,1,0,H
11026,Lakewood Christian Schools,49,0.9626,0.9277,0.9786,0.9592,0.9558,0.9638,0.9668,0.9664,0.9634,0.8823,0.9245,0.9378,0.9427,0.9421,0.9371,0.9556,0.9796,0.9836,0.9849,0.9848,0.9834,0,1,1,1,1,1,0.2862,H
11032,Lanai Road Elementary School,111,0.9587,0.8302,0.9956,0.964,0.9495,0.9582,0.9615,0.9611,0.9578,0.7509,0.8195,0.8479,0.8588,0.8575,0.8461,0.9808,0.9981,0.9987,0.9988,0.9988,0.9987,0,1,1,1,1,1,0.3728,H
11034,Lancaster Alternative and Virtual Academies School,28,0.932,0.9874,0.9968,0.6071,0.9962,0.9971,0.9974,0.9973,0.9971,0.9684,0.9891,0.9913,0.992,0.992,0.9912,0.9826,0.9994,0.9997,0.9998,0.9998,0.9997,0,1,1,1,1,1,0,M
11035,Lancaster Baptist School,40,0.9887,0.9872,0.9967,0.95,0.9955,0.9965,0.9968,0.9968,0.9965,0.9681,0.9889,0.9912,0.9919,0.9918,0.9911,0.9824,0.9992,0.9996,0.9997,0.9997,0.9996,0,1,1,1,1,1,0,H
11044,Langdon Avenue Elementary School,123,0.9296,0.8779,0.9317,0.9919,0.9014,0.9183,0.9246,0.9239,0.9173,0.8135,0.8706,0.8923,0.9004,0.8994,0.8909,0.8878,0.9287,0.9415,0.9462,0.9457,0.9409,0,1,1,1,1,1,1,M
11047,Lankershim Elementary School,93,0.9918,0.9874,0.9968,0.9677,0.9958,0.9968,0.9971,0.997,0.9967,0.9687,0.9892,0.9914,0.9921,0.9921,0.9913,0.9825,0.9993,0.9997,0.9997,0.9997,0.9997,0,1,1,1,1,1,0,H
11051,Larchmont Charter School,127,0.9909,0.9733,0.996,0.9921,0.9886,0.9909,0.9916,0.9916,0.9908,0.9476,0.9738,0.9787,0.9805,0.9803,0.9785,0.9812,0.9985,0.999,0.9991,0.9991,0.999,0,1,1,1,1,1,0,H
11053,lark ellen elementary,60,0.9759,0.9704,0.9879,0.9333,0.981,0.9847,0.986,0.9858,0.9845,0.9437,0.9708,0.9762,0.9782,0.9779,0.9759,0.9693,0.9897,0.9918,0.9925,0.9924,0.9917,0,1,1,1,1,1,0,H
11058,Las Flores Home Education Independent Study Academy,30,0.9759,0.9697,0.9884,0.9333,0.981,0.9847,0.9859,0.9858,0.9845,0.9426,0.97,0.9756,0.9776,0.9773,0.9753,0.97,0.9903,0.9923,0.9929,0.9928,0.9922,0,1,1,1,1,1,0,H
11062,Lashon Academy - City,23,0.9574,0.9407,0.9763,0.913,0.9593,0.9668,0.9695,0.9692,0.9664,0.9006,0.9384,0.9495,0.9535,0.953,0.9489,0.9522,0.9771,0.9815,0.983,0.9828,0.9813,0,1,1,1,1,1,0.142,H
11064,Lassalette School,42,0.986,0.9802,0.9954,0.9524,0.9909,0.9928,0.9934,0.9934,0.9928,0.9579,0.9813,0.985,0.9862,0.9861,0.9848,0.9804,0.9978,0.9985,0.9986,0.9986,0.9985,0,1,1,1,1,1,0,H
11066,Lassen Elementary School,62,0.9783,0.9607,0.9878,0.9677,0.9762,0.9807,0.9823,0.9821,0.9805,0.9295,0.9602,0.9675,0.9702,0.9698,0.9671,0.9691,0.9895,0.9917,0.9924,0.9923,0.9916,0,1,1,1,1,1,8e-04,H
11068,Latona Avenue Elementary School,32,0.9727,0.9209,0.9961,0.9375,0.9755,0.9801,0.9817,0.9815,0.9799,0.8728,0.9172,0.9316,0.937,0.9365,0.931,0.9815,0.9986,0.9991,0.9992,0.9992,0.9991,0,1,1,1,1,1,0.1138,H
11073,Laurel Elementary School,63,0.9084,0.8557,0.9031,0.9841,0.8737,0.8947,0.9027,0.9018,0.8935,0.785,0.847,0.8716,0.8811,0.8801,0.8703,0.8481,0.8979,0.9154,0.9218,0.9211,0.9143,0,1,1,1,1,1,1,M
11074,Laurel Hall,26,0.9921,0.9913,0.9969,0.9615,0.9976,0.9983,0.9984,0.9984,0.9982,0.9743,0.9933,0.9948,0.9952,0.9952,0.9947,0.9828,0.9995,0.9998,0.9999,0.9999,0.9998,0,1,1,1,1,1,0,H
11076,Laurel Street Elementary School,42,0.985,0.9803,0.9941,0.9524,0.9896,0.9918,0.9924,0.9924,0.9917,0.958,0.9814,0.9851,0.9863,0.9862,0.9849,0.9785,0.9965,0.9974,0.9976,0.9976,0.9973,0,1,1,1,1,1,0,H
11078,Laurence School,59,0.9727,0.9458,0.9802,0.9831,0.9646,0.9711,0.9735,0.9732,0.9708,0.9079,0.944,0.9542,0.9579,0.9575,0.9537,0.9579,0.9814,0.985,0.9862,0.9861,0.9848,0,1,1,1,1,1,0.0605,H
11082,Le Lycee Francais De Los Angeles,22,0.5608,0.2957,0.6354,0.9545,0.4353,0.4845,0.5057,0.5032,0.4814,0.2068,0.2718,0.3153,0.3344,0.3322,0.3125,0.5226,0.6138,0.6608,0.6796,0.6774,0.6578,0,1,1,1,1,1,1,L
11094,Leal (Frank C.) Elementary School,79,0.9921,0.9856,0.9965,0.9747,0.9945,0.9957,0.9961,0.996,0.9957,0.9658,0.9872,0.9897,0.9906,0.9905,0.9896,0.9821,0.999,0.9995,0.9995,0.9995,0.9995,0,1,1,1,1,1,0,H
11101,Leapwood Avenue Elementary School,48,0.9764,0.9644,0.9841,0.9583,0.9757,0.9803,0.982,0.9818,0.9801,0.9348,0.9642,0.9708,0.9732,0.9729,0.9704,0.9637,0.9856,0.9885,0.9894,0.9893,0.9883,0,1,1,1,1,1,0,H
11109,Learning by Design Charter,22,0.9873,0.9819,0.9961,0.9545,0.9924,0.994,0.9945,0.9945,0.9939,0.9604,0.9832,0.9865,0.9876,0.9875,0.9863,0.9814,0.9986,0.9991,0.9992,0.9992,0.9991,0,1,1,1,1,1,0,H
11111,"Learning Castle, Inc. (Aka La Canada Preparatory)",104,0.866,0.8361,0.8748,0.8462,0.8469,0.8717,0.8812,0.8801,0.8703,0.7586,0.8257,0.8534,0.864,0.8628,0.8519,0.8096,0.8674,0.8893,0.8977,0.8967,0.8881,0,1,1,1,1,1,1,L
11136,Lee Elementary School,181,0.7231,0.5573,0.7292,0.9945,0.6253,0.6715,0.6904,0.6882,0.6687,0.4406,0.533,0.5833,0.6043,0.6022,0.5808,0.6276,0.7122,0.7521,0.7677,0.7657,0.749,0,1,1,1,1,1,1,L
11140,Leffingwell Elementary School,73,0.9966,0.9928,0.997,0.9863,0.9981,0.9987,0.9988,0.9988,0.9987,0.9766,0.995,0.9962,0.9965,0.9965,0.9961,0.9828,0.9995,0.9999,0.9999,0.9999,0.9999,0,1,1,1,1,1,0,H
11144,Legacy Christian Academy,54,0.9467,0.9247,0.9515,0.9444,0.9366,0.9479,0.9521,0.9516,0.9473,0.8783,0.9212,0.935,0.9401,0.9395,0.9342,0.9161,0.9502,0.9592,0.9625,0.9622,0.9587,0,1,1,1,1,1,0.9528,M
11146,legacy christian psp,31,0.8872,0.9446,0.995,0.4194,0.9767,0.9811,0.9826,0.9825,0.9809,0.906,0.9426,0.953,0.9568,0.9563,0.9524,0.9798,0.9974,0.9981,0.9983,0.9983,0.9981,0,1,1,1,1,1,0.0482,L
11148,Legore Elementary School,98,0.991,0.9887,0.9969,0.9592,0.9966,0.9975,0.9977,0.9977,0.9975,0.9704,0.9905,0.9925,0.9931,0.9931,0.9924,0.9827,0.9994,0.9998,0.9998,0.9998,0.9998,0,1,1,1,1,1,0,H
11150,Leland Street Elementary School,111,0.9898,0.9817,0.9956,0.973,0.9915,0.9933,0.9939,0.9938,0.9932,0.9601,0.983,0.9863,0.9874,0.9873,0.9861,0.9807,0.998,0.9986,0.9987,0.9987,0.9986,0,1,1,1,1,1,0,H
11152,Lemay Street Elementary School,74,0.9248,0.8741,0.9255,0.9865,0.896,0.9137,0.9204,0.9196,0.9127,0.8089,0.8665,0.8887,0.8971,0.8961,0.8875,0.8792,0.9221,0.9357,0.9408,0.9403,0.9351,0,1,1,1,1,1,1,M
11154,Lenicia B. Weemes Elementary School,107,0.9727,0.9633,0.9859,0.9346,0.9761,0.9807,0.9823,0.9821,0.9804,0.9329,0.9629,0.9699,0.9724,0.9721,0.9695,0.9663,0.9875,0.99,0.9908,0.9907,0.9899,0,1,1,1,1,1,3e-04,H
11158,lennox virtual academy,63,0.9635,0.9364,0.9662,0.9841,0.9512,0.9601,0.9633,0.9629,0.9596,0.8945,0.9338,0.9456,0.9499,0.9494,0.9449,0.9373,0.9661,0.9725,0.9747,0.9745,0.9722,0,1,1,1,1,1,0.3575,H
11160,Leo Politi Elementary School,107,0.9833,0.9684,0.9849,0.9907,0.9779,0.9821,0.9836,0.9835,0.9819,0.9404,0.9685,0.9744,0.9765,0.9762,0.9741,0.9648,0.9864,0.9892,0.9901,0.99,0.989,0,1,1,1,1,1,0,H
11162,Leona H. Cox Community Elementary School,76,0.9806,0.9622,0.9896,0.9737,0.9781,0.9823,0.9838,0.9836,0.9821,0.9317,0.9619,0.9689,0.9714,0.9711,0.9685,0.9719,0.9916,0.9933,0.9939,0.9939,0.9933,0,1,1,1,1,1,0.0015,H
11165,leona valley elementary,49,0.9582,0.9219,0.9757,0.9592,0.9496,0.9587,0.9621,0.9617,0.9582,0.8741,0.9181,0.9324,0.9378,0.9372,0.9318,0.9512,0.9765,0.9809,0.9825,0.9823,0.9807,0,1,1,1,1,1,0.4478,H
11166,Leonard G. Westhoff Elementary School,93,0.9956,0.9939,0.997,0.9785,0.9985,0.999,0.9991,0.9991,0.999,0.9782,0.9962,0.9971,0.9974,0.9973,0.9971,0.9829,0.9996,0.9999,0.9999,0.9999,0.9999,0,1,1,1,1,1,0,H
11178,Lewis Elementary School,129,0.9973,0.9916,0.9969,0.9922,0.9978,0.9984,0.9985,0.9985,0.9984,0.9748,0.9937,0.9951,0.9955,0.9955,0.995,0.9828,0.9995,0.9998,0.9998,0.9998,0.9998,0,1,1,1,1,1,0,H
11180,lewis (ed c.) elementary,152,0.993,0.9893,0.9967,0.9737,0.996,0.997,0.9972,0.9972,0.9969,0.9713,0.9912,0.993,0.9936,0.9935,0.9929,0.9823,0.9992,0.9996,0.9997,0.9996,0.9996,0,1,1,1,1,1,0,H
11182,Lexington Elementary School,64,0.9858,0.9928,0.997,0.9219,0.9981,0.9987,0.9988,0.9988,0.9987,0.9766,0.995,0.9962,0.9965,0.9965,0.9961,0.9828,0.9995,0.9999,0.9999,0.9999,0.9999,0,1,1,1,1,1,0,H
11184,Lexington Avenue Primary Center,51,0.9953,0.9917,0.9969,0.9804,0.9977,0.9984,0.9985,0.9985,0.9983,0.9749,0.9938,0.9951,0.9955,0.9955,0.9951,0.9828,0.9995,0.9998,0.9998,0.9998,0.9998,0,1,1,1,1,1,0,H
11193,Liberty Boulevard Elementary School,96,0.9567,0.9389,0.9626,0.9479,0.95,0.9591,0.9624,0.962,0.9586,0.8979,0.9364,0.9479,0.952,0.9516,0.9473,0.932,0.9622,0.9692,0.9717,0.9714,0.9688,0,1,1,1,1,1,0.4018,H
11197,Life Source International Charter School,42,0.9872,0.9844,0.9957,0.9524,0.9928,0.9943,0.9948,0.9948,0.9943,0.9641,0.9859,0.9887,0.9896,0.9895,0.9886,0.9809,0.9982,0.9987,0.9988,0.9988,0.9987,0,1,1,1,1,1,0,H
11198,Lifeline Education Charter School,59,0.9811,0.9091,0.9965,0.9831,0.9767,0.9811,0.9826,0.9824,0.9808,0.8562,0.9044,0.9208,0.9269,0.9261,0.9196,0.9821,0.999,0.9995,0.9995,0.9995,0.9995,0,1,1,1,1,1,0.1192,H
11200,Liggett Street Elementary School,126,0.985,0.9631,0.9937,0.9841,0.982,0.9855,0.9867,0.9865,0.9853,0.933,0.9628,0.9696,0.9721,0.9718,0.9693,0.9779,0.996,0.997,0.9972,0.9972,0.9969,0,1,1,1,1,1,0.0013,H
11229,Lillian Street Elementary School,78,0.9504,0.8145,0.9935,0.9744,0.9353,0.9464,0.9505,0.95,0.9458,0.7312,0.8026,0.8331,0.8447,0.8431,0.8307,0.9775,0.9957,0.9968,0.997,0.997,0.9967,0,1,1,1,1,1,0.511,H
11233,Lily's Garden Preschool And Kindergarten,,0.994,0.9883,0.9968,0.9783,0.9963,0.9972,0.9975,0.9974,0.9972,0.9698,0.9901,0.9921,0.9928,0.9927,0.992,0.9826,0.9994,0.9997,0.9997,0.9997,0.9997,1,1,1,1,1,1,0,H
11238,Limerick Avenue Elementary School,100,0.9828,0.9721,0.9887,0.97,0.9822,0.9856,0.9868,0.9867,0.9855,0.946,0.9726,0.9777,0.9796,0.9794,0.9775,0.9705,0.9906,0.9925,0.9932,0.9931,0.9924,0,1,1,1,1,1,0,H
11239,Lincoln Elementary School,128,0.9653,0.937,0.9701,0.9844,0.9537,0.9621,0.9652,0.9649,0.9617,0.8954,0.9345,0.9462,0.9505,0.9501,0.9457,0.9432,0.9704,0.976,0.978,0.9778,0.9757,0,1,1,1,1,1,0.2795,H
11269,Linda Verde Elementary School,104,0.9907,0.9773,0.9947,0.9904,0.9886,0.9909,0.9917,0.9916,0.9908,0.9537,0.9782,0.9824,0.9839,0.9837,0.9822,0.9795,0.9971,0.9979,0.9981,0.9981,0.9979,0,1,1,1,1,1,0,H
11280,Lindbergh Elementary School,115,0.9975,0.9931,0.997,0.9913,0.9982,0.9988,0.9989,0.9989,0.9988,0.9771,0.9954,0.9965,0.9968,0.9967,0.9964,0.9828,0.9995,0.9999,0.9999,0.9999,0.9999,0,1,1,1,1,1,0,H
11291,Linwood E. Howe Elementary School,110,0.9933,0.9828,0.9956,0.9909,0.9922,0.9939,0.9944,0.9944,0.9938,0.9617,0.9841,0.9873,0.9883,0.9882,0.9871,0.9807,0.9981,0.9987,0.9988,0.9988,0.9987,0,1,1,1,1,1,0,H
11293,Little Acorns Grow - Reseda,,0.9449,0.9316,0.9572,0.9066,0.9431,0.9533,0.957,0.9566,0.9527,0.8879,0.9287,0.9413,0.9459,0.9453,0.9404,0.9245,0.9563,0.9643,0.9672,0.9669,0.9639,1,1,1,1,1,1,0.792,M
11295,Little Angels Academy Burbank Inc.,39,0.9873,0.9872,0.9955,0.9487,0.9938,0.9952,0.9956,0.9955,0.9951,0.9681,0.9889,0.9912,0.9919,0.9918,0.9911,0.9806,0.998,0.9986,0.9987,0.9987,0.9986,0,1,1,1,1,1,0,H
11311,little flower missionary house,10,0.9603,0.9811,0.9949,0.8,0.9905,0.9925,0.9931,0.993,0.9924,0.959,0.9822,0.9857,0.9869,0.9868,0.9855,0.9797,0.9973,0.998,0.9982,0.9982,0.998,0,1,1,1,1,1,0,H
11356,Live Oak Elementary School,88,0.9833,0.9696,0.989,0.9773,0.9811,0.9848,0.9861,0.9859,0.9846,0.9423,0.9698,0.9755,0.9775,0.9773,0.9752,0.9708,0.9908,0.9928,0.9934,0.9933,0.9927,0,1,1,1,1,1,0,H
11369,Lockhurst Drive Charter Elementary,103,0.9904,0.9913,0.9969,0.9515,0.9976,0.9983,0.9984,0.9984,0.9982,0.9743,0.9933,0.9948,0.9953,0.9952,0.9948,0.9828,0.9995,0.9998,0.9999,0.9999,0.9999,0,1,1,1,1,1,0,H
11370,Lockwood Avenue Elementary School,43,0.9878,0.9854,0.9958,0.9535,0.9934,0.9948,0.9953,0.9952,0.9948,0.9657,0.987,0.9896,0.9905,0.9904,0.9895,0.9811,0.9983,0.9989,0.999,0.9989,0.9988,0,1,1,1,1,1,0,H
11371,Logan Academy of Global Ecology,43,0.9896,0.9873,0.9968,0.9535,0.996,0.997,0.9972,0.9972,0.9969,0.9685,0.9891,0.9913,0.992,0.9919,0.9912,0.9826,0.9994,0.9997,0.9998,0.9998,0.9997,0,1,1,1,1,1,0,H
11380,Loma Vista Elementary School,74,0.9861,0.9713,0.9904,0.9865,0.9829,0.9862,0.9874,0.9873,0.9861,0.9447,0.9716,0.977,0.9789,0.9786,0.9767,0.973,0.9924,0.994,0.9945,0.9944,0.9939,0,1,1,1,1,1,0,H
11383,Lomita Math/Science/Technology Magnet School,119,0.988,0.9746,0.9902,0.9916,0.9845,0.9875,0.9886,0.9885,0.9874,0.9497,0.9753,0.98,0.9817,0.9815,0.9798,0.9726,0.9922,0.9938,0.9944,0.9943,0.9938,0,1,1,1,1,1,0,H
11398,Longden Elementary School,130,0.9937,0.985,0.9966,0.9846,0.9944,0.9957,0.996,0.996,0.9956,0.965,0.9866,0.9892,0.9901,0.99,0.9891,0.9822,0.9991,0.9995,0.9995,0.9995,0.9995,0,1,1,1,1,1,0,H
11400,Longfellow Elementary School,98,0.9762,0.9588,0.9796,0.9796,0.9703,0.9759,0.9779,0.9776,0.9756,0.9266,0.9581,0.9658,0.9686,0.9683,0.9654,0.9571,0.9807,0.9844,0.9857,0.9856,0.9842,0,1,1,1,1,1,8e-04,H
11411,Longfellow (Henry W.) Elementary School,130,0.9559,0.9243,0.974,0.9385,0.9513,0.9601,0.9633,0.9629,0.9596,0.8778,0.9209,0.9347,0.9398,0.9392,0.9339,0.9488,0.9746,0.9795,0.9812,0.9811,0.9793,0,1,1,1,1,1,0.3948,H
11412,Longley Way Elementary School,99,0.9958,0.9937,0.997,0.9798,0.9985,0.999,0.9991,0.9991,0.999,0.9779,0.996,0.997,0.9972,0.9972,0.9969,0.9829,0.9996,0.9999,0.9999,0.9999,0.9999,0,1,1,1,1,1,0,H
11414,Lopez Elementary School,64,0.9393,0.9147,0.939,0.9531,0.9242,0.9375,0.9425,0.9419,0.9368,0.8641,0.9104,0.926,0.9319,0.9312,0.9251,0.8982,0.9366,0.948,0.9522,0.9517,0.9473,0,1,1,1,1,1,1,M
11417,Loren Miller Elementary School,122,0.9939,0.9724,0.9968,0.9918,0.993,0.9945,0.9949,0.9949,0.9944,0.9466,0.9729,0.978,0.9799,0.9797,0.9778,0.9826,0.9994,0.9997,0.9998,0.9997,0.9997,0,1,1,1,1,1,0.0013,H
11418,Lorena Street Elementary School,93,0.9762,0.9248,0.9955,0.9677,0.9733,0.9783,0.9801,0.9799,0.9781,0.8786,0.9213,0.9349,0.9399,0.9394,0.9341,0.9805,0.9979,0.9986,0.9987,0.9987,0.9985,0,1,1,1,1,1,0.1192,H
11420,Loreto Street Elementary School,66,0.9716,0.9179,0.9953,0.9545,0.9699,0.9754,0.9774,0.9772,0.9751,0.8684,0.9137,0.9288,0.9343,0.9337,0.9278,0.9803,0.9977,0.9984,0.9985,0.9985,0.9983,0,1,1,1,1,1,0.1522,H
11421,Loretta Lampton Elementary School,87,0.9751,0.9558,0.9805,0.977,0.9694,0.9752,0.9772,0.977,0.9749,0.9222,0.9549,0.9631,0.9661,0.9658,0.9627,0.9583,0.9817,0.9853,0.9865,0.9863,0.985,0,1,1,1,1,1,0.0018,H
11424,Lorne Street Elementary School,68,0.9733,0.9552,0.9738,0.9853,0.9648,0.9713,0.9737,0.9734,0.971,0.9215,0.9543,0.9626,0.9656,0.9653,0.9622,0.9484,0.9744,0.9792,0.981,0.9807,0.979,0,1,1,1,1,1,0.001,H
11426,Los Altos Elementary School,82,0.9526,0.9047,0.967,0.9756,0.9377,0.9488,0.9529,0.9524,0.9482,0.8497,0.8996,0.9168,0.9233,0.9226,0.916,0.9383,0.9671,0.9732,0.9754,0.9752,0.973,0,1,1,1,1,1,0.7275,H
11431,Los Altos Brethren School,22,0.9369,0.9183,0.9485,0.9091,0.9312,0.9434,0.9479,0.9474,0.9427,0.8689,0.9142,0.9292,0.9348,0.9342,0.9284,0.9118,0.947,0.9566,0.9601,0.9597,0.956,0,1,1,1,1,1,0.985,M
11434,Los Amigos School,230,0.9827,0.9589,0.9905,0.9913,0.9769,0.9813,0.9829,0.9827,0.9811,0.9266,0.9582,0.966,0.9687,0.9685,0.9656,0.9731,0.9925,0.9941,0.9946,0.9945,0.994,0,1,1,1,1,1,0.004,H
11435,Los Angeles Elementary School,98,0.98,0.9701,0.9877,0.9592,0.9807,0.9844,0.9857,0.9856,0.9843,0.9429,0.9703,0.9759,0.9779,0.9776,0.9755,0.9691,0.9895,0.9917,0.9924,0.9923,0.9916,0,1,1,1,1,1,0,H
11439,Los Angeles Adventist Academy,16,0.9753,0.9432,0.9814,1,0.9643,0.9709,0.9733,0.973,0.9705,0.9041,0.9412,0.9517,0.9555,0.955,0.951,0.9597,0.9826,0.986,0.9872,0.9871,0.9859,0,1,1,1,1,1,0.0715,H
11444,Los Angeles Christian School,10,0.9885,0.971,0.9905,1,0.9831,0.9864,0.9876,0.9874,0.9863,0.9443,0.9714,0.9767,0.9787,0.9785,0.9765,0.9732,0.9925,0.9942,0.9947,0.9946,0.9941,0,1,1,1,1,1,0,H
11466,Los Angeles Leadership Primary Academy,49,0.8993,0.8535,0.8933,0.9592,0.8668,0.8888,0.8972,0.8962,0.8875,0.7815,0.8446,0.8696,0.8793,0.8782,0.8684,0.8348,0.8874,0.9063,0.9134,0.9125,0.905,0,1,1,1,1,1,1,L
11478,Los Cerritos Elementary School,103,0.9731,0.9533,0.9727,0.9903,0.9634,0.9702,0.9726,0.9724,0.9698,0.9186,0.9522,0.9609,0.964,0.9636,0.9604,0.947,0.9733,0.9783,0.9801,0.9799,0.978,0,1,1,1,1,1,0.0053,H
11483,Los Encinos School,27,0.8796,0.7915,0.9079,0.9259,0.8474,0.872,0.8814,0.8803,0.8705,0.7017,0.7781,0.8115,0.8244,0.8229,0.8094,0.8547,0.9029,0.9198,0.9261,0.9254,0.9188,0,1,1,1,1,1,1,L
11488,Los Molinos Elementary School,105,0.9659,0.9161,0.9835,0.9905,0.9531,0.9616,0.9647,0.9643,0.9611,0.866,0.9119,0.9272,0.9329,0.9322,0.9264,0.9628,0.9849,0.9879,0.9889,0.9888,0.9878,0,1,1,1,1,1,0.3792,H
11494,Los Robles Academy,32,0.9696,0.9581,0.9811,0.9375,0.971,0.9765,0.9784,0.9782,0.9762,0.9258,0.9574,0.9652,0.9681,0.9678,0.9648,0.9593,0.9824,0.9858,0.987,0.9869,0.9856,0,1,1,1,1,1,5e-04,H
11498,Lou Henry Hoover Elementary School,47,0.963,0.9464,0.9677,0.9574,0.9568,0.9647,0.9676,0.9672,0.9643,0.9088,0.9447,0.9547,0.9583,0.9579,0.9541,0.9398,0.9678,0.9739,0.976,0.9758,0.9736,0,1,1,1,1,1,0.0897,H
11504,Lovelia P. Flournoy Elementary School,88,0.9645,0.961,0.987,0.8864,0.9759,0.9805,0.9821,0.9819,0.9803,0.9298,0.9605,0.9678,0.9705,0.9702,0.9675,0.9678,0.9887,0.991,0.9917,0.9917,0.9909,0,1,1,1,1,1,0.001,H
11507,Lowell Elementary School,127,0.9884,0.973,0.9922,0.9921,0.985,0.9879,0.989,0.9888,0.9878,0.9471,0.9735,0.9786,0.9803,0.9801,0.9783,0.9756,0.9943,0.9956,0.996,0.9959,0.9955,0,1,1,1,1,1,0,H
11513,Loyola Village Elementary School,31,0.897,0.9485,0.9708,0.5484,0.9598,0.9672,0.9699,0.9696,0.9668,0.9118,0.947,0.9566,0.96,0.9596,0.956,0.9439,0.9711,0.9765,0.9784,0.9782,0.9762,0,1,1,1,1,1,0.0423,L
11514,loyola village fine and performing arts magnet,30,0.8706,0.8109,0.8715,0.9333,0.8332,0.8598,0.87,0.8689,0.8583,0.7276,0.799,0.8297,0.8416,0.8402,0.8278,0.8053,0.8638,0.8863,0.895,0.8939,0.8851,0,1,1,1,1,1,1,L
11515,Lucille J. Smith Elementary School,45,0.9541,0.9327,0.9586,0.9556,0.9446,0.9546,0.9582,0.9578,0.954,0.8891,0.9298,0.9423,0.947,0.9464,0.9416,0.9264,0.9579,0.9656,0.9684,0.9681,0.9652,0,1,1,1,1,1,0.7045,H
11516,Lucille Roybal-Allard Elementary,112,0.9904,0.9804,0.9963,0.9732,0.9923,0.9939,0.9944,0.9944,0.9939,0.9582,0.9816,0.9852,0.9864,0.9863,0.985,0.9818,0.9988,0.9992,0.9993,0.9993,0.9992,0,1,1,1,1,1,0,H
11517,Lugo Elementary School,73,0.9543,0.9295,0.9547,0.9726,0.9408,0.9514,0.9553,0.9548,0.9508,0.8847,0.9263,0.9393,0.9442,0.9437,0.9388,0.9208,0.9537,0.9621,0.9652,0.9649,0.9617,0,1,1,1,1,1,0.8725,H
11522,Lunada Bay Elementary School,65,0.9917,0.9831,0.9946,0.9846,0.9914,0.9932,0.9938,0.9937,0.9932,0.9621,0.9844,0.9875,0.9886,0.9884,0.9873,0.9793,0.997,0.9978,0.998,0.998,0.9978,0,1,1,1,1,1,0,H
11523,Lupin Hill Elementary School,79,0.9872,0.9806,0.9966,0.9494,0.9934,0.9949,0.9953,0.9952,0.9948,0.9585,0.9818,0.9853,0.9866,0.9865,0.9852,0.9823,0.9992,0.9996,0.9996,0.9996,0.9996,0,1,1,1,1,1,0,H
11532,Lycee International De Los Angeles-Wv,19,0.9009,0.9876,0.9968,0.4211,0.996,0.997,0.9973,0.9972,0.997,0.9688,0.9894,0.9916,0.9923,0.9922,0.9915,0.9825,0.9993,0.9997,0.9997,0.9997,0.9997,0,1,1,1,1,1,0,M
11537,Lydia Jackson Elementary School,79,0.9715,0.9575,0.972,0.9747,0.9649,0.9714,0.9737,0.9735,0.9711,0.9246,0.9567,0.9646,0.9675,0.9671,0.9641,0.9459,0.9725,0.9777,0.9795,0.9793,0.9773,0,1,1,1,1,1,0,H
11551,Macarthur Elementary School,53,0.9764,0.9498,0.985,0.9811,0.9703,0.9759,0.9779,0.9776,0.9756,0.9136,0.9484,0.9578,0.9612,0.9608,0.9573,0.965,0.9866,0.9893,0.9902,0.9901,0.9892,0,1,1,1,1,1,0.0257,H
11553,Macarthur Park Elementary School For The Visual And Performing Arts,69,0.9907,0.9825,0.993,0.9855,0.9898,0.9919,0.9926,0.9925,0.9918,0.9613,0.9838,0.987,0.9881,0.9879,0.9868,0.9768,0.9952,0.9963,0.9966,0.9966,0.9963,0,1,1,1,1,1,0,H
11557,Madison Elementary School,121,0.945,0.91,0.9412,0.9917,0.9232,0.9367,0.9417,0.9411,0.9359,0.8578,0.9054,0.9216,0.9278,0.9271,0.9208,0.9012,0.9391,0.95,0.954,0.9536,0.9494,0,1,1,1,1,1,0.9998,M
11578,Magee Academy of Arts & Sciences,85,0.8947,0.8456,0.883,0.9765,0.8564,0.8799,0.8889,0.8878,0.8786,0.771,0.836,0.8624,0.8725,0.8713,0.8609,0.8209,0.8764,0.897,0.9049,0.904,0.8959,0,1,1,1,1,1,1,L
11585,Magnolia Elementary School,77,0.9627,0.899,0.9911,0.974,0.9525,0.961,0.9641,0.9638,0.9605,0.842,0.8935,0.9116,0.9183,0.9175,0.9104,0.9741,0.9931,0.9946,0.9951,0.995,0.9946,0,1,1,1,1,1,0.398,H
11586,Magnolia Avenue Elementary School,83,0.964,0.9332,0.973,0.9759,0.9539,0.9623,0.9653,0.965,0.9618,0.8899,0.9304,0.9426,0.9472,0.9467,0.9419,0.9473,0.9735,0.9784,0.9802,0.98,0.9782,0,1,1,1,1,1,0.2958,H
11597,Magnolia Science Academy 7,53,0.8927,0.8381,0.8832,0.9811,0.8527,0.8767,0.8859,0.8848,0.8753,0.761,0.8279,0.8553,0.8658,0.8646,0.8537,0.8209,0.8764,0.8971,0.9049,0.904,0.8959,0,1,1,1,1,1,1,L
11599,Maimonides Academy,49,0.9768,0.9627,0.9858,0.9592,0.9762,0.9807,0.9823,0.9821,0.9805,0.9321,0.9624,0.9692,0.9718,0.9715,0.9689,0.9661,0.9874,0.9899,0.9908,0.9907,0.9898,0,1,1,1,1,1,3e-04,H
11602,Main Street Elementary School,147,0.9969,0.99,0.9969,0.9932,0.9969,0.9977,0.9979,0.9979,0.9977,0.9724,0.992,0.9937,0.9943,0.9942,0.9937,0.9826,0.9994,0.9998,0.9998,0.9998,0.9998,0,1,1,1,1,1,0,H
11605,Major Lynn Mokler School,91,0.9807,0.9669,0.9847,0.978,0.9772,0.9816,0.9831,0.9829,0.9813,0.9384,0.9669,0.9731,0.9753,0.975,0.9727,0.9646,0.9862,0.989,0.9899,0.9898,0.9888,0,1,1,1,1,1,0,H
11606,Malabar Street Elementary School,96,0.9922,0.9836,0.9965,0.9792,0.9936,0.995,0.9954,0.9954,0.9949,0.9628,0.985,0.988,0.989,0.9889,0.9879,0.982,0.999,0.9994,0.9995,0.9995,0.9994,0,1,1,1,1,1,0,H
11608,Malibu Elementary,25,0.729,0.5918,0.724,0.96,0.64,0.6855,0.7039,0.7018,0.6827,0.4756,0.5685,0.6176,0.6377,0.6352,0.6143,0.6212,0.7064,0.7471,0.7636,0.7617,0.7448,0,1,1,1,1,1,1,L
11621,Manhattan Academy,33,0.9504,0.9537,0.9746,0.8485,0.9648,0.9713,0.9737,0.9734,0.971,0.9193,0.9526,0.9613,0.9644,0.9641,0.9608,0.9496,0.9753,0.9799,0.9816,0.9814,0.9797,0,1,1,1,1,1,0.0058,H
11632,Manhattan Place Elementary School,68,0.9813,0.9778,0.9916,0.9412,0.987,0.9896,0.9904,0.9903,0.9894,0.9545,0.9787,0.9829,0.9843,0.9842,0.9827,0.9747,0.9937,0.9951,0.9955,0.9955,0.9951,0,1,1,1,1,1,0,H
11633,Mann Elementary School,67,0.9909,0.9847,0.9964,0.9701,0.9938,0.9952,0.9956,0.9955,0.9951,0.9644,0.9861,0.9889,0.9898,0.9897,0.9888,0.982,0.9989,0.9994,0.9994,0.9994,0.9994,0,1,1,1,1,1,0,H
11641,Manzanita Elementary School,109,0.997,0.9915,0.9969,0.9908,0.9977,0.9984,0.9985,0.9985,0.9983,0.9747,0.9936,0.995,0.9954,0.9953,0.9949,0.9828,0.9995,0.9998,0.9999,0.9999,0.9998,0,1,1,1,1,1,0,H
11663,Maple Primary Center,69,0.9805,0.9606,0.9864,0.9855,0.9752,0.9799,0.9816,0.9814,0.9797,0.9294,0.9601,0.9674,0.9701,0.9698,0.967,0.9671,0.9881,0.9905,0.9913,0.9912,0.9904,0,1,1,1,1,1,8e-04,H
11664,Maple Hill Elementary School,110,0.9889,0.9407,0.9967,0.9909,0.986,0.9888,0.9897,0.9896,0.9886,0.901,0.9385,0.9495,0.9536,0.9532,0.949,0.9824,0.9992,0.9996,0.9996,0.9996,0.9996,0,1,1,1,1,1,0.0398,H
11666,Maple Village Waldorf School,29,0.9431,0.9237,0.9758,0.8621,0.9511,0.96,0.9632,0.9628,0.9595,0.8765,0.92,0.9341,0.9394,0.9388,0.9335,0.9515,0.9766,0.981,0.9826,0.9824,0.9808,0,1,1,1,1,1,0.4052,M
11667,Mar Vista Elementary School,117,0.9659,0.9389,0.9707,0.9829,0.9548,0.9631,0.9661,0.9657,0.9626,0.8979,0.9366,0.9478,0.952,0.9515,0.9471,0.9438,0.971,0.9765,0.9784,0.9782,0.9761,0,1,1,1,1,1,0.2298,H
11680,Marengo Elementary School,120,0.9913,0.9602,0.9966,0.9917,0.9892,0.9914,0.9921,0.992,0.9913,0.9286,0.9597,0.9671,0.9698,0.9695,0.9667,0.9823,0.9992,0.9996,0.9996,0.9996,0.9996,0,1,1,1,1,1,0.0085,H
11681,Margaret Heath Elementary School,51,0.994,0.9878,0.9967,0.9804,0.9958,0.9968,0.9971,0.9971,0.9968,0.9691,0.9895,0.9917,0.9924,0.9923,0.9916,0.9825,0.9993,0.9997,0.9997,0.9997,0.9997,0,1,1,1,1,1,0,H
11684,Marguerita Elementary School,46,0.9822,0.9724,0.9916,0.9565,0.9845,0.9876,0.9886,0.9885,0.9874,0.9463,0.9728,0.9779,0.9797,0.9795,0.9777,0.9747,0.9937,0.9951,0.9955,0.9955,0.995,0,1,1,1,1,1,0,H
11685,Marguerite Poindexter Lamotte Elementary,71,0.8606,0.7983,0.856,0.9437,0.8172,0.8459,0.8569,0.8557,0.8442,0.7108,0.7854,0.8179,0.8307,0.8293,0.8162,0.7847,0.8471,0.8717,0.8813,0.8803,0.8705,0,1,1,1,1,1,1,L
11686,Maria Montessori House of Children School,11,0.9886,0.9759,0.9875,1,0.9833,0.9866,0.9877,0.9876,0.9864,0.9515,0.9766,0.9811,0.9827,0.9825,0.9809,0.9686,0.9892,0.9914,0.9921,0.9921,0.9913,0,1,1,1,1,1,0,H
11689,Maria Regina,22,0.9852,0.9799,0.994,0.9545,0.9893,0.9915,0.9922,0.9921,0.9914,0.9575,0.981,0.9846,0.9859,0.9858,0.9845,0.9783,0.9963,0.9972,0.9975,0.9974,0.9972,0,1,1,1,1,1,0,H
11693,Marianna Avenue Elementary School,21,0.9604,0.9252,0.9789,0.9524,0.9543,0.9626,0.9656,0.9653,0.9621,0.8789,0.9218,0.9354,0.9405,0.94,0.9347,0.9558,0.98,0.9838,0.9851,0.9849,0.9835,0,1,1,1,1,1,0.3292,H
11701,Marina Montessori School,20,0.8917,0.8432,0.8879,0.95,0.8584,0.8816,0.8904,0.8894,0.8803,0.7676,0.8334,0.86,0.8702,0.8691,0.8584,0.8275,0.8814,0.9014,0.909,0.9081,0.9004,0,1,1,1,1,1,1,L
11703,Mariposa Elementary School,115,0.9954,0.9872,0.9967,0.9913,0.9952,0.9963,0.9967,0.9966,0.9963,0.9682,0.9889,0.9912,0.9919,0.9918,0.9911,0.9823,0.9992,0.9996,0.9996,0.9996,0.9996,0,1,1,1,1,1,0,H
11705,Mariposa-Nabi Primary Center,43,0.9678,0.9581,0.9709,0.9535,0.9646,0.9712,0.9735,0.9733,0.9708,0.9256,0.9574,0.9652,0.968,0.9677,0.9648,0.9443,0.9713,0.9767,0.9786,0.9784,0.9764,0,1,1,1,1,1,0,H
11706,Mariposa School Of Global Education,44,0.9881,0.9842,0.9964,0.9545,0.9936,0.995,0.9954,0.9954,0.9949,0.9637,0.9856,0.9885,0.9895,0.9893,0.9884,0.9819,0.9989,0.9993,0.9994,0.9994,0.9993,0,1,1,1,1,1,0,H
11707,Mark Keppel Elementary School,159,0.9535,0.9258,0.9527,0.9811,0.9377,0.9488,0.9529,0.9524,0.9482,0.8796,0.9224,0.936,0.941,0.9405,0.9351,0.9177,0.9515,0.9603,0.9636,0.9632,0.9599,0,1,1,1,1,1,0.9355,H
11711,Mark Twain Elementary School,89,0.9505,0.9377,0.9593,0.9213,0.9475,0.957,0.9605,0.9601,0.9565,0.8963,0.9352,0.9468,0.9511,0.9506,0.9462,0.9273,0.9586,0.9663,0.969,0.9687,0.9659,0,1,1,1,1,1,0.56,H
11717,Marlton School,21,0.9636,0.9271,0.9834,0.9524,0.9589,0.9665,0.9692,0.9689,0.9661,0.8814,0.9237,0.9372,0.9421,0.9415,0.9364,0.9625,0.9848,0.9878,0.9888,0.9887,0.9877,0,1,1,1,1,1,0.2293,H
11719,Marquez Charter School,51,0.9889,0.9666,0.9964,0.9804,0.9884,0.9907,0.9915,0.9914,0.9906,0.9379,0.9666,0.9728,0.975,0.9748,0.9725,0.9819,0.9989,0.9993,0.9994,0.9994,0.9993,0,1,1,1,1,1,0.0015,H
11727,Martha Baldwin Elementary School,118,0.9922,0.9819,0.9943,0.9915,0.9905,0.9925,0.9931,0.9931,0.9924,0.9603,0.9832,0.9865,0.9876,0.9875,0.9863,0.9788,0.9967,0.9975,0.9977,0.9977,0.9975,0,1,1,1,1,1,0,H
11728,Martha Escutia Primary Center,189,0.9938,0.9832,0.9965,0.9894,0.9934,0.9948,0.9953,0.9952,0.9948,0.9623,0.9846,0.9877,0.9887,0.9885,0.9874,0.982,0.999,0.9994,0.9995,0.9995,0.9994,0,1,1,1,1,1,0,H
11731,Martin Luther King Elementary School,49,0.988,0.9786,0.9965,0.9592,0.9922,0.9939,0.9944,0.9944,0.9938,0.9555,0.9796,0.9835,0.9849,0.9847,0.9833,0.982,0.999,0.9994,0.9995,0.9995,0.9994,0,1,1,1,1,1,0,H
11732,Martin Luther King Jr. Elementary School,58,0.9899,0.9908,0.9969,0.9483,0.9976,0.9982,0.9984,0.9984,0.9982,0.9735,0.9928,0.9944,0.9949,0.9948,0.9943,0.9828,0.9995,0.9998,0.9998,0.9998,0.9998,0,1,1,1,1,1,0,H
11733,Marvin Elementary School,103,0.9582,0.9222,0.9628,0.9903,0.9422,0.9526,0.9564,0.956,0.952,0.8744,0.9185,0.9328,0.9381,0.9375,0.932,0.9325,0.9625,0.9694,0.972,0.9717,0.9691,0,1,1,1,1,1,0.701,H
11736,Mary Immaculate Elementary School,30,0.9792,0.9731,0.9929,0.9333,0.9858,0.9886,0.9896,0.9895,0.9885,0.9474,0.9736,0.9787,0.9804,0.9802,0.9784,0.9767,0.9951,0.9963,0.9966,0.9965,0.9962,0,1,1,1,1,1,0,H
11740,Mary Star Of The Sea Elementary School,23,0.974,0.972,0.9901,0.913,0.9832,0.9865,0.9876,0.9875,0.9863,0.9457,0.9724,0.9777,0.9795,0.9793,0.9774,0.9726,0.9921,0.9938,0.9943,0.9942,0.9937,0,1,1,1,1,1,0,H
11744,Marylon's Learning Center,,0.9945,0.9904,0.9968,0.979,0.9968,0.9976,0.9978,0.9978,0.9976,0.9731,0.9925,0.9941,0.9946,0.9945,0.994,0.9825,0.9993,0.9997,0.9997,0.9997,0.9997,1,1,1,1,1,1,0,H
11772,Maurice Sendak Elementary School,78,0.9871,0.9773,0.9927,0.9744,0.9873,0.9898,0.9907,0.9906,0.9897,0.9536,0.9782,0.9824,0.9838,0.9836,0.9821,0.9765,0.9949,0.9961,0.9964,0.9964,0.996,0,1,1,1,1,1,0,H
11774,Maxson Elementary School,51,0.9813,0.9755,0.9858,0.9608,0.9822,0.9857,0.9869,0.9867,0.9855,0.951,0.9763,0.9808,0.9824,0.9822,0.9806,0.9662,0.9874,0.99,0.9908,0.9907,0.9899,0,1,1,1,1,1,0,H
11776,Maxwell Elementary School,51,0.9959,0.9938,0.997,0.9804,0.9985,0.999,0.9991,0.9991,0.999,0.978,0.9961,0.997,0.9973,0.9973,0.997,0.9829,0.9996,0.9999,0.9999,0.9999,0.9999,0,1,1,1,1,1,0,H
11777,Mayall Street Elementary School,74,0.9891,0.9759,0.9935,0.9865,0.9873,0.9899,0.9907,0.9906,0.9898,0.9517,0.9767,0.9811,0.9827,0.9825,0.9809,0.9776,0.9958,0.9968,0.9971,0.9971,0.9968,0,1,1,1,1,1,0,H
11778,Mayberry Street Elementary School,40,0.9664,0.9495,0.9759,0.95,0.9635,0.9702,0.9727,0.9724,0.9699,0.9131,0.948,0.9575,0.961,0.9606,0.957,0.9515,0.9766,0.9811,0.9827,0.9825,0.9809,0,1,1,1,1,1,0.0293,H
11781,Mayfield Junior School,51,0.9923,0.9844,0.9963,0.9804,0.9934,0.9948,0.9953,0.9952,0.9948,0.9641,0.9859,0.9887,0.9896,0.9895,0.9886,0.9817,0.9988,0.9992,0.9993,0.9993,0.9992,0,1,1,1,1,1,0,H
11783,Mayflower Elementary School,99,0.9814,0.9653,0.987,0.9798,0.9778,0.982,0.9835,0.9834,0.9818,0.936,0.9652,0.9716,0.974,0.9737,0.9713,0.9681,0.9887,0.9911,0.9918,0.9918,0.991,0,1,1,1,1,1,0,H
11785,Mayo Elementary School,64,0.963,0.894,0.987,0.9844,0.9505,0.9594,0.9627,0.9623,0.9589,0.8358,0.8882,0.9071,0.9141,0.9132,0.9057,0.9679,0.9887,0.991,0.9917,0.9916,0.9909,0,1,1,1,1,1,0.4108,H
11787,Maywood Elementary School,118,0.9942,0.9825,0.9965,0.9915,0.9934,0.9948,0.9953,0.9952,0.9948,0.9613,0.9839,0.987,0.9881,0.9879,0.9868,0.9822,0.9991,0.9995,0.9995,0.9995,0.9995,0,1,1,1,1,1,0,H
11799,McKinley Elementary School,77,0.979,0.9632,0.9855,0.974,0.9757,0.9803,0.982,0.9818,0.9801,0.9329,0.9629,0.9698,0.9723,0.972,0.9694,0.9656,0.987,0.9897,0.9905,0.9904,0.9895,0,1,1,1,1,1,3e-04,H
11811,Mckinley Avenue Elementary School,62,0.8992,0.847,0.8886,0.9839,0.861,0.8839,0.8925,0.8915,0.8825,0.7729,0.8376,0.8636,0.8736,0.8725,0.8621,0.8283,0.8821,0.902,0.9095,0.9087,0.9009,0,1,1,1,1,1,1,L
11821,Meadow Green Elementary School,84,0.993,0.987,0.9967,0.9762,0.9954,0.9965,0.9968,0.9968,0.9965,0.9679,0.9887,0.991,0.9918,0.9917,0.9909,0.9824,0.9992,0.9996,0.9997,0.9997,0.9996,0,1,1,1,1,1,0,H
11825,Meadowlark Elementary School,81,0.9921,0.9851,0.9966,0.9753,0.9944,0.9956,0.996,0.996,0.9956,0.965,0.9866,0.9893,0.9902,0.9901,0.9892,0.9822,0.9991,0.9995,0.9996,0.9996,0.9995,0,1,1,1,1,1,0,H
11826,Meadows Elementary School,78,0.9713,0.9234,0.9934,0.9744,0.9646,0.9711,0.9735,0.9732,0.9708,0.8763,0.9197,0.934,0.9393,0.9387,0.9332,0.9775,0.9957,0.9967,0.997,0.997,0.9967,0,1,1,1,1,1,0.1915,H
11828,Meadows Avenue Elementary School,72,0.9709,0.9497,0.972,0.9861,0.9613,0.9684,0.971,0.9707,0.968,0.9137,0.9482,0.9576,0.961,0.9606,0.9571,0.9457,0.9724,0.9777,0.9795,0.9793,0.9774,0,1,1,1,1,1,0.0278,H
11836,Meher Montessori School,15,0.9761,0.973,0.9866,0.9333,0.9814,0.985,0.9862,0.9861,0.9848,0.9473,0.9736,0.9785,0.9803,0.9801,0.9783,0.9675,0.9883,0.9907,0.9915,0.9914,0.9906,0,1,1,1,1,1,0,H
11839,Melbourne (Ella P.) Elementary School,51,0.9859,0.9772,0.9949,0.9608,0.9888,0.9911,0.9918,0.9918,0.991,0.9533,0.9781,0.9824,0.9838,0.9837,0.9821,0.9798,0.9973,0.998,0.9982,0.9982,0.998,0,1,1,1,1,1,0,H
11842,Melvin Avenue Elementary School,65,0.9903,0.9902,0.9968,0.9538,0.9969,0.9977,0.9979,0.9979,0.9977,0.9727,0.9922,0.9939,0.9944,0.9944,0.9938,0.9826,0.9994,0.9997,0.9998,0.9998,0.9997,0,1,1,1,1,1,0,H
11849,Menlo Avenue Elementary School,101,0.9781,0.9415,0.9907,0.9901,0.9706,0.9761,0.9781,0.9778,0.9758,0.9016,0.9395,0.9503,0.9543,0.9538,0.9496,0.9735,0.9928,0.9943,0.9948,0.9948,0.9943,0,1,1,1,1,1,0.072,H
11850,Merced Elementary School,111,0.9609,0.9368,0.9568,0.991,0.9458,0.9556,0.9592,0.9587,0.955,0.8953,0.9344,0.946,0.9504,0.9499,0.9454,0.9238,0.956,0.964,0.9669,0.9666,0.9636,0,1,1,1,1,1,0.6955,H
11855,Merlinda Elementary School,85,0.9911,0.9842,0.9956,0.9765,0.9926,0.9942,0.9947,0.9947,0.9942,0.9639,0.9857,0.9886,0.9895,0.9894,0.9884,0.9808,0.9981,0.9987,0.9988,0.9988,0.9987,0,1,1,1,1,1,0,H
11864,Merwin Elementary School,97,0.9727,0.9519,0.9774,0.9794,0.9654,0.9718,0.9741,0.9739,0.9715,0.9166,0.9506,0.9596,0.9628,0.9624,0.959,0.9537,0.9783,0.9825,0.9839,0.9837,0.9822,0,1,1,1,1,1,0.0127,H
11866,Mesa Elementary School,163,0.9956,0.99,0.9966,0.9877,0.9963,0.9972,0.9975,0.9974,0.9972,0.9724,0.992,0.9937,0.9942,0.9942,0.9936,0.9823,0.9992,0.9996,0.9996,0.9996,0.9996,0,1,1,1,1,1,0,H
11869,Mesa Robles School,67,0.9959,0.9908,0.9969,0.9851,0.9974,0.9981,0.9983,0.9983,0.9981,0.9737,0.9929,0.9944,0.9949,0.9948,0.9944,0.9827,0.9995,0.9998,0.9998,0.9998,0.9998,0,1,1,1,1,1,0,H
11874,Mesquite Elementary School,112,0.9146,0.8728,0.9003,0.9911,0.8807,0.9007,0.9083,0.9074,0.8996,0.8073,0.8653,0.8875,0.8959,0.8949,0.8862,0.8443,0.8948,0.9128,0.9195,0.9188,0.9119,0,1,1,1,1,1,1,M
11880,metro charter,66,0.956,0.9422,0.9675,0.9242,0.9548,0.963,0.966,0.9657,0.9626,0.9028,0.9402,0.9509,0.9548,0.9544,0.9503,0.9392,0.9675,0.9736,0.9759,0.9756,0.9733,0,1,1,1,1,1,0.1958,H
11885,Meyler Street Elementary School,154,0.9761,0.9532,0.9807,0.987,0.9684,0.9743,0.9764,0.9762,0.974,0.9185,0.9521,0.9608,0.964,0.9637,0.9604,0.9586,0.9819,0.9854,0.9866,0.9865,0.9853,0,1,1,1,1,1,0.0088,H
11888,Michelle Obama Elementary,135,0.85,0.6624,0.9103,0.9926,0.7925,0.8234,0.8355,0.8341,0.8216,0.5518,0.6416,0.6872,0.7057,0.7037,0.6846,0.8581,0.9058,0.922,0.928,0.9273,0.921,0,1,1,1,1,1,0.9988,L
11889,Micheltorena Street Elementary School,76,0.9454,0.9177,0.9427,0.9737,0.928,0.9407,0.9454,0.9449,0.94,0.8686,0.9137,0.9287,0.9343,0.9337,0.9279,0.9036,0.9407,0.9514,0.9553,0.9548,0.9508,0,1,1,1,1,1,0.9992,M
11898,Middleton Primary Center,166,0.9865,0.9735,0.989,0.988,0.9831,0.9864,0.9876,0.9874,0.9863,0.948,0.974,0.9789,0.9807,0.9805,0.9787,0.971,0.9909,0.9928,0.9934,0.9933,0.9927,0,1,1,1,1,1,0,H
11902,Mildred B. Janson Elementary School,107,0.9966,0.9911,0.9968,0.9907,0.9972,0.9979,0.9981,0.9981,0.9979,0.9739,0.9931,0.9946,0.9951,0.995,0.9945,0.9826,0.9994,0.9998,0.9998,0.9998,0.9998,0,1,1,1,1,1,0,H
11903,Miles Avenue Elementary School,168,0.6754,0.3927,0.763,0.9881,0.568,0.6155,0.6352,0.6329,0.6126,0.2889,0.3679,0.4159,0.4372,0.4345,0.4124,0.6672,0.7473,0.7844,0.7984,0.7966,0.7818,0,1,1,1,1,1,1,L
11906,Mill Elementary School,54,0.9088,0.8008,0.9453,0.9815,0.875,0.8957,0.9035,0.9026,0.8945,0.7139,0.7879,0.8205,0.833,0.8315,0.8185,0.9069,0.9434,0.9537,0.9573,0.9567,0.9528,0,1,1,1,1,1,0.9862,M
11919,Mint Canyon Community Elementary School,97,0.9617,0.9414,0.9643,0.9691,0.9522,0.9609,0.9641,0.9637,0.9604,0.9017,0.9393,0.9502,0.9542,0.9537,0.9495,0.9345,0.9641,0.9708,0.9731,0.9729,0.9704,0,1,1,1,1,1,0.2708,H
11920,Mira Catalina Elementary School,85,0.9913,0.9887,0.9966,0.9647,0.9956,0.9967,0.997,0.9969,0.9966,0.9705,0.9905,0.9925,0.9931,0.993,0.9924,0.9823,0.9992,0.9995,0.9996,0.9996,0.9995,0,1,1,1,1,1,0,H
11927,miraleste elementary,24,0.8632,0.9039,0.9304,0.5417,0.9135,0.9286,0.9341,0.9335,0.9277,0.8491,0.8987,0.916,0.9226,0.9218,0.9151,0.8861,0.9274,0.9402,0.9449,0.9444,0.9394,0,1,1,1,1,1,1,L
11930,Miramonte Elementary School,86,0.9944,0.991,0.9969,0.9767,0.9973,0.998,0.9982,0.9982,0.998,0.9739,0.9931,0.9946,0.9951,0.995,0.9945,0.9826,0.9994,0.9998,0.9998,0.9998,0.9998,0,1,1,1,1,1,0,H
11944,Mitchell Community Elementary School,94,0.9607,0.8917,0.9863,0.9787,0.9486,0.9578,0.9612,0.9608,0.9573,0.8327,0.8859,0.9049,0.9122,0.9113,0.9039,0.9669,0.9879,0.9904,0.9912,0.9911,0.9902,0,1,1,1,1,1,0.428,H
11948,Moffett Elementary School,116,0.9882,0.9715,0.9936,0.9914,0.9849,0.9879,0.9889,0.9888,0.9877,0.945,0.9719,0.9771,0.979,0.9788,0.9768,0.9777,0.9959,0.9969,0.9971,0.9971,0.9968,0,1,1,1,1,1,0,H
11951,Molokan Elementary School,13,0.8791,0.981,0.996,0.3077,0.9918,0.9936,0.9941,0.994,0.9935,0.9591,0.9822,0.9857,0.9869,0.9867,0.9855,0.9812,0.9984,0.999,0.9991,0.9991,0.999,0,1,1,1,1,1,0,L
11956,Monarch Christian School,23,0.9168,0.9732,0.9909,0.5652,0.9843,0.9874,0.9884,0.9883,0.9872,0.9476,0.9737,0.9787,0.9805,0.9803,0.9785,0.9738,0.993,0.9945,0.995,0.9949,0.9944,0,1,1,1,1,1,0,M
11962,Monroe Elementary School,82,0.9937,0.9888,0.9969,0.9756,0.9965,0.9974,0.9976,0.9976,0.9974,0.9707,0.9907,0.9927,0.9933,0.9932,0.9926,0.9826,0.9994,0.9998,0.9998,0.9998,0.9998,0,1,1,1,1,1,0,H
11974,Montague Charter Academy,176,0.9804,0.9646,0.9815,0.9886,0.9742,0.9791,0.9808,0.9806,0.9789,0.935,0.9644,0.971,0.9733,0.973,0.9705,0.9597,0.9827,0.9861,0.9873,0.9871,0.9859,0,1,1,1,1,1,0,H
11976,Montara Avenue Elementary School,151,0.9941,0.9908,0.9969,0.9735,0.9976,0.9982,0.9984,0.9984,0.9982,0.9735,0.9929,0.9944,0.9949,0.9949,0.9944,0.9828,0.9995,0.9998,0.9999,0.9999,0.9998,0,1,1,1,1,1,0,H
11978,Monte Vista Elementary School,74,0.9864,0.944,0.9967,0.973,0.9867,0.9893,0.9902,0.9901,0.9892,0.9054,0.9422,0.9526,0.9565,0.9561,0.9522,0.9824,0.9992,0.9996,0.9996,0.9996,0.9996,0,1,1,1,1,1,0.033,H
11992,Montebello Christian School,13,0.9581,0.9007,0.9728,1,0.9398,0.9505,0.9544,0.954,0.9499,0.8448,0.8954,0.9131,0.9198,0.919,0.9119,0.9472,0.9734,0.9784,0.9801,0.9799,0.9781,0,1,1,1,1,1,0.6392,H
11994,Montebello Gardens Elementary School,44,0.9882,0.98,0.9967,0.9545,0.9936,0.995,0.9954,0.9954,0.995,0.9576,0.9811,0.9847,0.986,0.9859,0.9846,0.9824,0.9993,0.9996,0.9997,0.9997,0.9996,0,1,1,1,1,1,0,H
11998,Montebello Park Elementary School,73,0.9933,0.9743,0.9968,0.9863,0.9934,0.9948,0.9953,0.9952,0.9948,0.9489,0.9749,0.9797,0.9814,0.9812,0.9795,0.9826,0.9994,0.9997,0.9997,0.9997,0.9997,0,1,1,1,1,1,0.001,H
12000,Montemalaga Elementary School,91,0.9913,0.9724,0.9967,0.978,0.9925,0.9941,0.9946,0.9946,0.9941,0.9461,0.9729,0.9779,0.9797,0.9795,0.9776,0.9824,0.9993,0.9996,0.9997,0.9997,0.9996,0,1,1,1,1,1,0.0025,H
12005,Monterey Highlands Elementary School,97,0.9889,0.9633,0.9965,0.9794,0.9887,0.991,0.9918,0.9917,0.9909,0.9334,0.963,0.9698,0.9723,0.972,0.9694,0.9821,0.999,0.9995,0.9995,0.9995,0.9995,0,1,1,1,1,1,0.0048,H
12006,Monterey Hills Elementary School,128,0.9409,0.8928,0.9453,0.9922,0.9172,0.9316,0.937,0.9364,0.9308,0.8343,0.8868,0.9058,0.9131,0.9122,0.9047,0.907,0.9435,0.9538,0.9575,0.9571,0.9532,0,1,1,1,1,1,0.9922,M
12009,Monterey Vista Elementary School,87,0.9917,0.9842,0.9962,0.977,0.9933,0.9948,0.9952,0.9952,0.9947,0.9637,0.9856,0.9885,0.9894,0.9893,0.9884,0.9817,0.9987,0.9992,0.9993,0.9993,0.9992,0,1,1,1,1,1,0,H
12036,Montessori Children's Academy,15,0.9932,0.9772,0.9958,1,0.9899,0.992,0.9926,0.9926,0.9919,0.9533,0.978,0.9822,0.9837,0.9835,0.982,0.9811,0.9983,0.9988,0.9989,0.9989,0.9988,0,1,1,1,1,1,0,H
12037,Montessori Children's House School,20,0.9805,0.9851,0.9969,0.9,0.9957,0.9968,0.997,0.997,0.9967,0.9651,0.9866,0.9893,0.9902,0.9901,0.9891,0.9826,0.9994,0.9998,0.9998,0.9998,0.9998,0,1,1,1,1,1,0,H
12057,Montessori School Of Manhattan Beach,20,0.9816,0.9742,0.9916,0.95,0.9852,0.9882,0.9891,0.989,0.988,0.949,0.9748,0.9796,0.9813,0.9811,0.9794,0.9747,0.9937,0.9951,0.9955,0.9955,0.995,0,1,1,1,1,1,0,H
12058,Montessori School Of Manhattan Beach #2,13,0.9943,0.9815,0.9957,1,0.9915,0.9933,0.9939,0.9938,0.9932,0.9597,0.9827,0.9861,0.9872,0.9871,0.9859,0.981,0.9982,0.9988,0.9989,0.9989,0.9988,0,1,1,1,1,1,0,H
12063,Montessori On Elm,28,0.9855,0.9785,0.9923,0.9643,0.9874,0.99,0.9908,0.9907,0.9898,0.9553,0.9794,0.9834,0.9848,0.9846,0.9832,0.9758,0.9944,0.9957,0.9961,0.996,0.9957,0,1,1,1,1,1,0,H
12074,Montrose Christian Montessori School,16,0.9936,0.9655,0.9966,1,0.9905,0.9924,0.9931,0.993,0.9924,0.9367,0.9654,0.9718,0.9741,0.9739,0.9715,0.9823,0.9992,0.9996,0.9996,0.9996,0.9996,0,1,1,1,1,1,0.003,H
12075,montvue elementary,25,0.9371,0.9057,0.9385,0.96,0.9194,0.9335,0.9387,0.9381,0.9327,0.8518,0.9009,0.9176,0.924,0.9233,0.9167,0.8975,0.9362,0.9476,0.9517,0.9513,0.9469,0,1,1,1,1,1,0.9995,M
12087,Morningside Elementary School,92,0.9917,0.9855,0.9957,0.9783,0.9931,0.9946,0.995,0.995,0.9945,0.9657,0.9871,0.9897,0.9906,0.9905,0.9896,0.9808,0.9981,0.9987,0.9988,0.9988,0.9987,0,1,1,1,1,1,0,H
12090,Morris K. Hamasaki Elementary School,37,0.9818,0.9772,0.9914,0.9459,0.9864,0.9891,0.99,0.9899,0.989,0.9533,0.978,0.9822,0.9837,0.9835,0.982,0.9745,0.9935,0.9949,0.9954,0.9953,0.9949,0,1,1,1,1,1,0,H
12091,Mother Of Sorrows,33,0.9768,0.9678,0.99,0.9394,0.9809,0.9846,0.9859,0.9858,0.9844,0.9397,0.9679,0.9738,0.9759,0.9757,0.9735,0.9725,0.992,0.9937,0.9942,0.9941,0.9936,0,1,1,1,1,1,0,H
12095,Mountain Avenue Elementary School,88,0.9745,0.9583,0.9818,0.9659,0.9712,0.9766,0.9785,0.9783,0.9763,0.9257,0.9576,0.9653,0.9681,0.9678,0.9649,0.9602,0.983,0.9864,0.9875,0.9874,0.9862,0,1,1,1,1,1,5e-04,H
12097,Mountain View Elementary School,111,0.9792,0.9868,0.9968,0.8919,0.9958,0.9968,0.9971,0.9971,0.9968,0.9676,0.9885,0.9908,0.9916,0.9915,0.9907,0.9825,0.9993,0.9997,0.9997,0.9997,0.9997,0,1,1,1,1,1,0,H
12105,Mountainview Elementary School,165,0.9949,0.9867,0.9966,0.9879,0.9953,0.9964,0.9967,0.9967,0.9963,0.9675,0.9884,0.9907,0.9915,0.9914,0.9906,0.9823,0.9992,0.9996,0.9996,0.9996,0.9996,0,1,1,1,1,1,0,H
12113,Mt. Calvary Lutheran School,32,0.9561,0.9171,0.98,0.9375,0.9517,0.9605,0.9636,0.9633,0.96,0.8676,0.9131,0.9281,0.9338,0.9333,0.9274,0.9575,0.9811,0.9848,0.986,0.9858,0.9845,0,1,1,1,1,1,0.3952,H
12129,Mt. Washington Elementary School,84,0.9927,0.9872,0.9965,0.9762,0.9949,0.9961,0.9964,0.9964,0.996,0.9683,0.9889,0.9912,0.9919,0.9918,0.9911,0.9821,0.999,0.9994,0.9995,0.9995,0.9994,0,1,1,1,1,1,0,H
12137,Muir K-8,159,0.9902,0.9838,0.9962,0.9686,0.9932,0.9947,0.9951,0.9951,0.9946,0.9631,0.9853,0.9882,0.9892,0.9891,0.9881,0.9817,0.9988,0.9992,0.9993,0.9993,0.9992,0,1,1,1,1,1,0,H
12138,Mulberry Elementary School,95,0.9679,0.9457,0.9711,0.9789,0.9587,0.9663,0.969,0.9687,0.9658,0.9079,0.944,0.9541,0.9578,0.9574,0.9535,0.9444,0.9715,0.9769,0.9788,0.9786,0.9766,0,1,1,1,1,1,0.0792,H
12147,Multicultural Learning Center,78,0.971,0.9482,0.9782,0.9744,0.9641,0.9708,0.9732,0.9729,0.9704,0.9113,0.9466,0.9562,0.9598,0.9594,0.9557,0.955,0.9792,0.9832,0.9846,0.9844,0.9829,0,1,1,1,1,1,0.0402,H
12148,Multnomah Street Elementary School,48,0.7754,0.6766,0.7567,0.9583,0.7003,0.7414,0.7578,0.7558,0.7389,0.5662,0.6562,0.7012,0.7191,0.7171,0.6985,0.6597,0.7409,0.7784,0.7931,0.7913,0.776,0,1,1,1,1,1,1,L
12151,Murchison Street Elementary School,58,0.9893,0.9746,0.9958,0.9828,0.9884,0.9908,0.9915,0.9914,0.9906,0.9496,0.9752,0.9799,0.9815,0.9813,0.9796,0.981,0.9982,0.9988,0.9989,0.9989,0.9988,0,1,1,1,1,1,0,H
12152,Murphy Ranch Elementary School,74,0.9893,0.9781,0.9928,0.9865,0.9876,0.9901,0.991,0.9909,0.99,0.9548,0.979,0.983,0.9845,0.9843,0.9829,0.9766,0.995,0.9962,0.9965,0.9965,0.9961,0,1,1,1,1,1,0,H
12155,MUSE Global School,,0.9847,0.9768,0.9915,0.9646,0.9862,0.989,0.9899,0.9898,0.9889,0.9529,0.9776,0.9819,0.9834,0.9832,0.9817,0.9746,0.9935,0.995,0.9954,0.9953,0.9949,1,1,1,1,1,1,0,H
12164,nancy cory elementary,124,0.9951,0.9859,0.9965,0.9919,0.9946,0.9958,0.9962,0.9961,0.9958,0.9663,0.9875,0.99,0.9908,0.9907,0.9899,0.9821,0.9991,0.9995,0.9995,0.9995,0.9995,0,1,1,1,1,1,0,H
12166,Napa Street Elementary School,101,0.972,0.9493,0.9739,0.9901,0.9618,0.9689,0.9714,0.9711,0.9685,0.9127,0.9478,0.9574,0.9608,0.9604,0.9568,0.9487,0.9745,0.9793,0.981,0.9809,0.9791,0,1,1,1,1,1,0.0338,H
12167,Naples Elementary School,68,0.9958,0.99,0.9969,0.9853,0.9972,0.9979,0.9981,0.9981,0.9979,0.9723,0.9919,0.9937,0.9942,0.9941,0.9936,0.9828,0.9995,0.9998,0.9998,0.9998,0.9998,0,1,1,1,1,1,0,H
12174,Nativity School,41,0.9541,0.9072,0.9765,0.9512,0.9457,0.9554,0.959,0.9586,0.9549,0.8537,0.9023,0.919,0.9252,0.9244,0.9179,0.9524,0.9774,0.9817,0.9832,0.983,0.9815,0,1,1,1,1,1,0.5188,H
12177,Nativity Catholic School,,0.9825,0.9313,0.9966,0.9615,0.9839,0.987,0.9881,0.9879,0.9868,0.8874,0.9285,0.941,0.9457,0.9452,0.9404,0.9823,0.9992,0.9996,0.9996,0.9996,0.9996,1,1,1,1,1,1,0.06,H
12199,Nelson Elementary School,65,0.9697,0.9439,0.9743,0.9846,0.96,0.9673,0.97,0.9697,0.9669,0.9055,0.942,0.9524,0.9563,0.9557,0.9518,0.9493,0.975,0.9797,0.9814,0.9812,0.9795,0,1,1,1,1,1,0.0925,H
12208,Nestle Avenue Charter School,73,0.9891,0.9527,0.9966,0.9863,0.9873,0.9898,0.9907,0.9906,0.9897,0.918,0.9517,0.9604,0.9637,0.9634,0.9602,0.9822,0.9991,0.9995,0.9996,0.9996,0.9995,0,1,1,1,1,1,0.0187,H
12213,Nevada Avenue Elementary School,108,0.9926,0.9716,0.9966,0.9907,0.9913,0.9931,0.9937,0.9936,0.9931,0.945,0.9719,0.9773,0.9791,0.9789,0.9769,0.9823,0.9992,0.9996,0.9996,0.9996,0.9996,0,1,1,1,1,1,0.0015,H
12214,Nevin Avenue Elementary School,118,0.9136,0.8292,0.9461,0.9492,0.8891,0.9077,0.9148,0.914,0.9067,0.7502,0.8184,0.8467,0.8577,0.8565,0.8452,0.9082,0.9443,0.9544,0.9581,0.9577,0.9539,0,1,1,1,1,1,0.9852,M
12215,N.E.W. Academy Canoga Park,85,0.9864,0.9632,0.996,0.9765,0.9858,0.9886,0.9896,0.9895,0.9885,0.9328,0.9628,0.9697,0.9722,0.972,0.9694,0.9813,0.9985,0.999,0.9991,0.9991,0.999,0,1,1,1,1,1,0.0018,H
12217,N.E.W. Academy Of Science And Arts,84,0.9806,0.9624,0.9881,0.9762,0.9775,0.9818,0.9833,0.9832,0.9816,0.9317,0.962,0.969,0.9714,0.9711,0.9685,0.9696,0.9899,0.992,0.9926,0.9926,0.9919,0,1,1,1,1,1,8e-04,H
12225,new city,81,0.8978,0.8578,0.9241,0.8642,0.8868,0.9059,0.9131,0.9123,0.9048,0.7874,0.849,0.8736,0.8829,0.8819,0.8721,0.8774,0.9206,0.9345,0.9395,0.9389,0.9335,0,1,1,1,1,1,1,L
12227,New Covenant Academy,11,0.9868,0.9676,0.9894,1,0.9807,0.9844,0.9857,0.9856,0.9842,0.9393,0.9676,0.9737,0.9759,0.9757,0.9734,0.9714,0.9913,0.9931,0.9937,0.9936,0.993,0,1,1,1,1,1,0,H
12241,New Heights Charter School,49,0.9243,0.8391,0.9699,0.9184,0.9114,0.9266,0.9322,0.9316,0.9257,0.7623,0.829,0.8563,0.8666,0.8654,0.8546,0.9429,0.9702,0.9757,0.9777,0.9775,0.9754,0,1,1,1,1,1,0.8568,M
12247,New Horizon School-Los Angeles,12,0.9848,0.9923,0.997,0.9167,0.9979,0.9986,0.9987,0.9987,0.9985,0.9758,0.9944,0.9957,0.9961,0.996,0.9956,0.9828,0.9995,0.9999,0.9999,0.9999,0.9999,0,1,1,1,1,1,0,H
12248,New Horizon School Pasadena,24,0.975,0.9206,0.9958,0.9583,0.9738,0.9787,0.9805,0.9803,0.9785,0.8718,0.9168,0.9313,0.9368,0.9362,0.9306,0.981,0.9983,0.9988,0.9989,0.9989,0.9988,0,1,1,1,1,1,0.1217,H
12249,New Horizon School Westside,20,0.9865,0.9815,0.9962,0.95,0.9923,0.9939,0.9944,0.9944,0.9939,0.9597,0.9828,0.9861,0.9873,0.9872,0.986,0.9816,0.9987,0.9991,0.9992,0.9992,0.9991,0,1,1,1,1,1,0,H
12250,New Horizons Charter Academy,29,0.9912,0.9862,0.9967,0.9655,0.9954,0.9965,0.9968,0.9967,0.9964,0.9667,0.9878,0.9902,0.991,0.9909,0.9901,0.9825,0.9993,0.9997,0.9997,0.9997,0.9997,0,1,1,1,1,1,0,H
12258,New Lexington Elementary School,59,0.9957,0.9916,0.9969,0.9831,0.9977,0.9984,0.9985,0.9985,0.9983,0.9748,0.9937,0.9951,0.9955,0.9954,0.995,0.9828,0.9995,0.9998,0.9998,0.9998,0.9998,0,1,1,1,1,1,0,H
12267,New Los Angeles Elementary School,,0.9916,0.9846,0.9963,0.9748,0.9937,0.9951,0.9955,0.9955,0.9951,0.9644,0.9861,0.9889,0.9898,0.9897,0.9887,0.9818,0.9988,0.9993,0.9994,0.9994,0.9993,1,1,1,1,1,1,0,H
12273,new open world academy k-12,59,0.9913,0.9835,0.9941,0.9831,0.9912,0.9931,0.9937,0.9936,0.993,0.9628,0.9849,0.9879,0.9889,0.9888,0.9878,0.9786,0.9965,0.9974,0.9976,0.9976,0.9973,0,1,1,1,1,1,0,H
12276,New River Elementary School,48,0.9277,0.8942,0.9272,0.9583,0.9066,0.9227,0.9287,0.928,0.9218,0.8357,0.8883,0.9072,0.9143,0.9134,0.906,0.8814,0.9238,0.9372,0.9422,0.9416,0.9365,0,1,1,1,1,1,1,M
12279,New Roads School,16,0.9271,0.9613,0.9772,0.6875,0.9698,0.9755,0.9775,0.9773,0.9752,0.9302,0.9608,0.968,0.9707,0.9704,0.9677,0.9534,0.978,0.9822,0.9837,0.9835,0.982,0,1,1,1,1,1,0,M
12285,New Temple Elementary School,,0.9623,0.9517,0.9718,0.9316,0.9619,0.9689,0.9714,0.9712,0.9685,0.9164,0.9504,0.9594,0.9627,0.9623,0.9589,0.9455,0.9722,0.9774,0.9793,0.9791,0.9771,1,1,1,1,1,1,0.0132,H
12296,New World Montessori School,18,0.9768,0.9581,0.9739,1,0.9664,0.9727,0.9749,0.9746,0.9723,0.9256,0.9574,0.9652,0.968,0.9676,0.9646,0.9485,0.9745,0.9793,0.981,0.9808,0.979,0,1,1,1,1,1,0,H
12299,Newcastle Elementary School,83,0.9525,0.9202,0.9568,0.9759,0.9375,0.9486,0.9527,0.9523,0.948,0.8715,0.9162,0.931,0.9365,0.9358,0.9301,0.9239,0.956,0.964,0.9669,0.9666,0.9635,0,1,1,1,1,1,0.8752,H
12300,Newcomb Academy,77,0.99,0.9716,0.9967,0.974,0.9915,0.9933,0.9939,0.9938,0.9932,0.9454,0.9719,0.9773,0.9791,0.9788,0.9769,0.9824,0.9992,0.9996,0.9997,0.9996,0.9996,0,1,1,1,1,1,0.0018,H
12302,Newhall Elementary School,76,0.9929,0.9872,0.9968,0.9737,0.9958,0.9968,0.9971,0.997,0.9968,0.9682,0.9889,0.9912,0.9919,0.9918,0.9911,0.9825,0.9994,0.9997,0.9997,0.9997,0.9997,0,1,1,1,1,1,0,H
12320,Niemes (John H.) Elementary School,104,0.9929,0.9839,0.9948,0.9904,0.9918,0.9935,0.9941,0.994,0.9934,0.9635,0.9854,0.9882,0.9892,0.9891,0.9881,0.9795,0.9971,0.9979,0.9981,0.9981,0.9979,0,1,1,1,1,1,0,H
12327,Ninety-Fifth Street Elementary School,143,0.9679,0.9436,0.9729,0.979,0.9586,0.9662,0.969,0.9687,0.9658,0.9048,0.9417,0.9522,0.956,0.9556,0.9516,0.9473,0.9735,0.9784,0.9802,0.98,0.9781,0,1,1,1,1,1,0.109,H
12328,Ninety-Ninth Street Elementary School,64,0.9757,0.9762,0.9932,0.9062,0.9873,0.9898,0.9907,0.9906,0.9897,0.952,0.977,0.9814,0.9829,0.9827,0.9812,0.9772,0.9955,0.9965,0.9968,0.9968,0.9965,0,1,1,1,1,1,0,H
12329,Ninety-Second Street Elementary School,156,0.9896,0.9819,0.9926,0.9808,0.9894,0.9916,0.9923,0.9922,0.9915,0.9604,0.9831,0.9864,0.9875,0.9874,0.9862,0.9763,0.9948,0.996,0.9963,0.9963,0.996,0,1,1,1,1,1,0,H
12330,Ninety-Sixth Street Elementary School,88,0.9634,0.9414,0.9692,0.9659,0.9553,0.9635,0.9664,0.9661,0.963,0.9012,0.9391,0.9501,0.9541,0.9537,0.9495,0.9417,0.9694,0.9751,0.9771,0.9769,0.9748,0,1,1,1,1,1,0.194,H
12331,Ninety-Third Street Elementary School,139,0.9841,0.9789,0.9941,0.9496,0.9889,0.9912,0.9919,0.9918,0.9911,0.9559,0.9799,0.9838,0.9851,0.985,0.9836,0.9785,0.9964,0.9973,0.9976,0.9975,0.9973,0,1,1,1,1,1,0,H
12333,Ninth Street School,,0.9944,0.9892,0.9969,0.979,0.9968,0.9976,0.9978,0.9978,0.9976,0.9712,0.9911,0.9929,0.9935,0.9935,0.9929,0.9826,0.9994,0.9998,0.9998,0.9998,0.9998,1,1,1,1,1,1,0,H
12335,Nishiyamato Academy,21,0.9901,0.9894,0.9969,0.9524,0.9969,0.9977,0.9979,0.9979,0.9977,0.9716,0.9913,0.9932,0.9938,0.9937,0.9931,0.9827,0.9995,0.9998,0.9998,0.9998,0.9998,0,1,1,1,1,1,0,H
12336,Nixon (Patricia) Elementary School,114,0.9972,0.9918,0.997,0.9912,0.9978,0.9985,0.9986,0.9986,0.9985,0.975,0.9939,0.9953,0.9957,0.9956,0.9952,0.9828,0.9995,0.9998,0.9999,0.9999,0.9999,0,1,1,1,1,1,0,H
12343,Noble Avenue Elementary School,161,0.9096,0.6904,0.9833,0.9876,0.8756,0.8953,0.9028,0.902,0.8942,0.583,0.6712,0.7146,0.7321,0.73,0.712,0.9622,0.9847,0.9878,0.9888,0.9887,0.9876,0,1,1,1,1,1,0.822,M
12348,Nora Sterry Elementary School,46,0.909,0.8682,0.9049,0.9565,0.8808,0.9008,0.9084,0.9075,0.8997,0.8014,0.8603,0.8832,0.892,0.891,0.882,0.8504,0.8999,0.917,0.9233,0.9226,0.916,0,1,1,1,1,1,1,M
12349,Norma Coombs Elementary,72,0.8713,0.8031,0.866,0.9722,0.8253,0.8529,0.8635,0.8623,0.8513,0.7163,0.7904,0.8224,0.8351,0.8336,0.8207,0.7982,0.8581,0.8812,0.89,0.8889,0.8797,0,1,1,1,1,1,1,L
12350,Normandie Avenue Elementary School,112,0.99,0.9818,0.993,0.9821,0.9896,0.9918,0.9925,0.9924,0.9917,0.9601,0.9831,0.9864,0.9875,0.9873,0.9862,0.9768,0.9952,0.9963,0.9967,0.9966,0.9963,0,1,1,1,1,1,0,H
12353,Normont Elementary School,59,0.98,0.9667,0.9878,0.9661,0.9791,0.9831,0.9845,0.9843,0.9829,0.938,0.9667,0.9729,0.9751,0.9748,0.9725,0.9691,0.9896,0.9917,0.9924,0.9923,0.9916,0,1,1,1,1,1,0,H
12371,North Park Elementary School,52,0.7059,0.4319,0.804,0.9808,0.6078,0.6535,0.6723,0.6701,0.6508,0.3222,0.4061,0.456,0.4782,0.4757,0.4531,0.7183,0.7916,0.8236,0.836,0.8348,0.8221,0,1,1,1,1,1,1,L
12373,North Ranchito Elementary School,68,0.6302,0.3047,0.747,0.9853,0.5137,0.5617,0.582,0.5796,0.5587,0.2135,0.2813,0.3244,0.3439,0.3417,0.322,0.6496,0.7311,0.7693,0.7843,0.7824,0.7664,0,1,1,1,1,1,1,L
12381,Northam Elementary School,68,0.9927,0.9831,0.996,0.9853,0.9927,0.9943,0.9948,0.9947,0.9942,0.962,0.9845,0.9875,0.9886,0.9884,0.9874,0.9814,0.9985,0.999,0.9991,0.9991,0.999,0,1,1,1,1,1,0,H
12384,Northlake Hills Elementary School,99,0.9797,0.9639,0.9839,0.9798,0.9754,0.9801,0.9817,0.9815,0.9798,0.934,0.9637,0.9705,0.9728,0.9725,0.97,0.9632,0.9853,0.9882,0.9893,0.9891,0.9881,0,1,1,1,1,1,0,H
12388,The Northridge Community School,10,0.941,0.973,0.9947,0.7,0.9867,0.9894,0.9903,0.9902,0.9892,0.9473,0.9736,0.9786,0.9804,0.9802,0.9784,0.9794,0.9971,0.9978,0.998,0.998,0.9978,0,1,1,1,1,1,0,M
12405,Norwood Street Elementary School,69,0.953,0.8986,0.9688,0.9855,0.9359,0.9473,0.9515,0.951,0.9466,0.8418,0.8931,0.911,0.9178,0.917,0.91,0.9413,0.969,0.9747,0.9767,0.9765,0.9743,0,1,1,1,1,1,0.7278,H
12407,Notre Dame Academy Elementary School,26,0.9541,0.9204,0.9659,0.9615,0.9432,0.9534,0.9571,0.9567,0.9528,0.8721,0.9167,0.9312,0.9366,0.936,0.9305,0.9368,0.9658,0.9722,0.9745,0.9742,0.9719,0,1,1,1,1,1,0.643,H
12418,Nueva Vista Elementary School,113,0.9449,0.8935,0.9541,0.9912,0.9232,0.9367,0.9416,0.9411,0.9359,0.8351,0.8876,0.9067,0.9138,0.913,0.9056,0.9197,0.9531,0.9617,0.9647,0.9644,0.9611,0,1,1,1,1,1,0.9465,M
12424,oak academy,,0.845,0.8263,0.8632,0.7704,0.8353,0.8617,0.8718,0.8706,0.8602,0.746,0.8152,0.8442,0.8552,0.854,0.8425,0.7943,0.855,0.8786,0.8877,0.8867,0.8773,1,1,1,1,1,1,1,L
12434,Oak Hills Elementary School,64,0.99,0.98,0.9931,0.9844,0.989,0.9913,0.992,0.9919,0.9912,0.9576,0.9812,0.9848,0.9861,0.9859,0.9846,0.9771,0.9954,0.9965,0.9968,0.9967,0.9964,0,1,1,1,1,1,0,H
12435,Oak Knoll Alternative School,25,0.9278,0.9834,0.9948,0.6,0.9918,0.9935,0.994,0.994,0.9934,0.9626,0.9848,0.9878,0.9889,0.9887,0.9877,0.9796,0.9972,0.998,0.9981,0.9981,0.998,0,1,1,1,1,1,0,M
12437,oak knoll kinderhaus,10,0.8224,0.9295,0.9856,0.1,0.9601,0.9674,0.9701,0.9698,0.967,0.8845,0.9263,0.9394,0.9443,0.9437,0.9388,0.9661,0.9872,0.9898,0.9906,0.9906,0.9897,0,1,1,1,1,1,0.213,L
12441,Oak Mesa Elementary School,94,0.9669,0.9397,0.9741,0.9787,0.9574,0.9652,0.968,0.9677,0.9647,0.8992,0.9375,0.9486,0.9527,0.9523,0.948,0.9488,0.9747,0.9795,0.9812,0.981,0.9792,0,1,1,1,1,1,0.173,H
12443,Oak Street Elementary School,88,0.5448,0.3038,0.5792,0.9773,0.4115,0.4607,0.482,0.4795,0.4576,0.2135,0.2806,0.3238,0.3431,0.3407,0.3207,0.464,0.5562,0.6054,0.626,0.6232,0.6014,0,1,1,1,1,1,1,L
12451,Oakmont Elementary School,51,0.9702,0.9481,0.9813,0.9608,0.9663,0.9725,0.9748,0.9745,0.9722,0.9113,0.9465,0.9562,0.9598,0.9594,0.9557,0.9594,0.9825,0.9859,0.9871,0.987,0.9857,0,1,1,1,1,1,0.0365,H
12452,The Oaks School,,0.9798,0.9685,0.9892,0.9573,0.9809,0.9846,0.9859,0.9858,0.9844,0.9409,0.9687,0.9745,0.9765,0.9763,0.9741,0.9711,0.9911,0.9929,0.9935,0.9935,0.9929,1,1,1,1,1,1,0,H
12455,Oakwood Elementary School,41,0.9902,0.9905,0.9969,0.9512,0.9974,0.9981,0.9982,0.9982,0.9981,0.9732,0.9925,0.9941,0.9946,0.9946,0.9941,0.9827,0.9995,0.9998,0.9998,0.9998,0.9998,0,1,1,1,1,1,0,H
12458,Oakwood Academy,22,0.9442,0.9228,0.9434,0.9545,0.9308,0.943,0.9476,0.947,0.9423,0.8755,0.9192,0.9332,0.9385,0.9379,0.9324,0.9045,0.9414,0.9519,0.9559,0.9554,0.9515,0,1,1,1,1,1,0.9998,M
12466,Ocean Charter School,76,0.9876,0.9785,0.9928,0.9737,0.9882,0.9906,0.9914,0.9913,0.9905,0.9553,0.9795,0.9834,0.9848,0.9847,0.9833,0.9766,0.995,0.9962,0.9965,0.9965,0.9962,0,1,1,1,1,1,0,H
12467,Ocean View Elementary School,92,0.9811,0.9675,0.9849,0.9783,0.9777,0.9819,0.9834,0.9833,0.9817,0.9391,0.9676,0.9736,0.9758,0.9755,0.9733,0.9648,0.9865,0.9892,0.9901,0.99,0.989,0,1,1,1,1,1,0,H
12471,Ocotillo Elementary School,128,0.9566,0.9325,0.9533,0.9844,0.9413,0.9518,0.9557,0.9553,0.9513,0.8889,0.9296,0.9422,0.9467,0.9462,0.9414,0.9187,0.9522,0.9608,0.964,0.9637,0.9604,0,1,1,1,1,1,0.907,H
12473,ocs - south,50,0.974,0.9794,0.9961,0.88,0.9912,0.993,0.9936,0.9935,0.9929,0.9566,0.9804,0.9842,0.9855,0.9853,0.984,0.9814,0.9985,0.9991,0.9991,0.9991,0.999,0,1,1,1,1,1,0,H
12475,Odyssey Charter School,47,0.9099,0.8723,0.9121,0.9362,0.8869,0.906,0.9132,0.9124,0.9049,0.8061,0.8646,0.887,0.8956,0.8947,0.8859,0.8602,0.9076,0.9236,0.9297,0.9289,0.9227,0,1,1,1,1,1,1,M
12483,School Of Extended Educational Options,25,0.8406,0.8836,0.9184,0.48,0.8963,0.914,0.9207,0.9199,0.913,0.8215,0.8768,0.8975,0.9053,0.9044,0.8963,0.8696,0.9145,0.9294,0.9348,0.9342,0.9285,0,1,1,1,1,1,1,L
12499,Ohr Eliyahu Academy,44,0.941,0.917,0.9408,0.9545,0.9262,0.9392,0.944,0.9435,0.9385,0.8673,0.9128,0.9279,0.9336,0.933,0.9271,0.9009,0.9386,0.9496,0.9537,0.9532,0.949,0,1,1,1,1,1,1,M
12501,Old Orchard Elementary School,118,0.9853,0.9731,0.9886,0.9831,0.9826,0.986,0.9872,0.9871,0.9859,0.9475,0.9736,0.9786,0.9804,0.9802,0.9784,0.9703,0.9905,0.9924,0.9931,0.993,0.9924,0,1,1,1,1,1,0,H
12509,olivia nieto herrera elementary,123,0.9714,0.9518,0.9699,0.9919,0.9606,0.9679,0.9705,0.9702,0.9675,0.9164,0.9506,0.9595,0.9629,0.9625,0.9591,0.9428,0.9701,0.9757,0.9777,0.9775,0.9754,0,1,1,1,1,1,0.0118,H
12510,Olympic Primary Center,141,0.9925,0.9792,0.9958,0.9929,0.9906,0.9926,0.9932,0.9931,0.9925,0.9564,0.9803,0.9841,0.9854,0.9853,0.9839,0.981,0.9982,0.9988,0.9989,0.9989,0.9988,0,1,1,1,1,1,0,H
12514,O'Melveny Elementary School,82,0.9949,0.9932,0.997,0.9756,0.9983,0.9989,0.999,0.9989,0.9988,0.9772,0.9955,0.9965,0.9968,0.9968,0.9965,0.9829,0.9995,0.9999,0.9999,0.9999,0.9999,0,1,1,1,1,1,0,H
12515,One Hundred Eighteenth Street School,120,0.9195,0.8694,0.9276,0.9583,0.8951,0.913,0.9197,0.9189,0.912,0.8028,0.8616,0.8844,0.8931,0.8921,0.8831,0.8819,0.9243,0.9377,0.9425,0.942,0.9368,0,1,1,1,1,1,1,M
12516,One Hundred Eighty-Sixth Street Elementary School,137,0.9848,0.9664,0.9888,0.9927,0.9797,0.9836,0.9849,0.9848,0.9834,0.9373,0.9663,0.9726,0.9749,0.9746,0.9723,0.9707,0.9907,0.9926,0.9933,0.9932,0.9926,0,1,1,1,1,1,0,H
12517,One Hundred Fifty-Sixth Street Elementary School,64,0.9623,0.9385,0.9735,0.9531,0.9568,0.9647,0.9676,0.9673,0.9643,0.8978,0.9362,0.9476,0.9518,0.9513,0.9469,0.9482,0.974,0.979,0.9807,0.9805,0.9788,0,1,1,1,1,1,0.1988,H
12518,One Hundred Fifty-Third Street School,75,0.9764,0.9467,0.9865,0.9867,0.969,0.9748,0.9768,0.9766,0.9745,0.909,0.945,0.9549,0.9585,0.9581,0.9544,0.9672,0.9882,0.9905,0.9913,0.9912,0.9904,0,1,1,1,1,1,0.0478,H
12519,One Hundred Ninth Street Elementary School,61,0.9469,0.8977,0.9636,0.9672,0.9316,0.9437,0.9482,0.9477,0.9431,0.8407,0.8921,0.9104,0.9173,0.9166,0.9094,0.9337,0.9633,0.9701,0.9725,0.9722,0.9696,0,1,1,1,1,1,0.8202,M
12521,One Hundred Seventh Street Elementary School,186,0.9752,0.9638,0.9866,0.9462,0.9769,0.9813,0.9829,0.9827,0.9811,0.9339,0.9635,0.9703,0.9727,0.9724,0.9699,0.9673,0.9883,0.9907,0.9914,0.9913,0.9905,0,1,1,1,1,1,3e-04,H
12523,One Hundred Sixteenth Street Elementary School,99,0.9858,0.9738,0.9905,0.9798,0.9841,0.9872,0.9883,0.9881,0.987,0.9486,0.9744,0.9792,0.9809,0.9807,0.9789,0.9731,0.9925,0.9941,0.9946,0.9945,0.994,0,1,1,1,1,1,0,H
12524,One Hundred Thirty-Fifth Street Elementary School,140,0.9944,0.9905,0.9968,0.9786,0.9969,0.9977,0.9979,0.9979,0.9977,0.9731,0.9925,0.9941,0.9946,0.9945,0.994,0.9826,0.9994,0.9997,0.9997,0.9997,0.9997,0,1,1,1,1,1,0,H
12525,One Hundred Twelfth Street Elementary School,76,0.9867,0.9826,0.9964,0.9474,0.9932,0.9947,0.9951,0.9951,0.9946,0.9615,0.984,0.9871,0.9882,0.9881,0.987,0.982,0.9989,0.9994,0.9994,0.9994,0.9994,0,1,1,1,1,1,0,H
12526,One Hundred Twenty-Second Street Elementary School,138,0.9891,0.9374,0.9967,0.9928,0.9858,0.9885,0.9895,0.9894,0.9884,0.896,0.935,0.9466,0.9508,0.9503,0.9457,0.9824,0.9992,0.9996,0.9997,0.9996,0.9996,0,1,1,1,1,1,0.0445,H
12529,Oneonta Montessori School,33,0.9371,0.9045,0.9477,0.9394,0.9243,0.9376,0.9425,0.9419,0.9368,0.8497,0.8994,0.9166,0.923,0.9223,0.9156,0.9104,0.9461,0.9559,0.9595,0.9591,0.9555,0,1,1,1,1,1,0.9865,M
12533,Opal Robinson Elementary School,59,0.9892,0.9552,0.9966,0.9831,0.9883,0.9907,0.9914,0.9913,0.9905,0.9211,0.9541,0.9626,0.9657,0.9654,0.9623,0.9823,0.9991,0.9995,0.9996,0.9996,0.9995,0,1,1,1,1,1,0.019,H
12535,Open Charter Magnet School,43,0.9829,0.9629,0.9963,0.9535,0.9863,0.989,0.9899,0.9898,0.9889,0.9325,0.9626,0.9695,0.972,0.9717,0.969,0.9818,0.9988,0.9993,0.9993,0.9993,0.9993,0,1,1,1,1,1,0.0027,H
12547,Optimal Christian Academy,32,0.9655,0.9483,0.9794,0.9375,0.9651,0.9716,0.9739,0.9737,0.9713,0.9114,0.9467,0.9563,0.9598,0.9594,0.9557,0.9568,0.9805,0.9843,0.9856,0.9855,0.9841,0,1,1,1,1,1,0.0388,H
12606,Or Hachaim Academy,20,0.9582,0.9303,0.972,0.95,0.9517,0.9604,0.9636,0.9633,0.96,0.8859,0.9274,0.9402,0.9449,0.9444,0.9396,0.9457,0.9724,0.9777,0.9795,0.9793,0.9774,0,1,1,1,1,1,0.3755,H
12612,Orange Grove Elementary School,83,0.798,0.6398,0.8653,0.8795,0.748,0.784,0.7982,0.7966,0.7819,0.527,0.618,0.6654,0.6849,0.6824,0.6626,0.7978,0.8574,0.8805,0.8892,0.8883,0.8792,0,1,1,1,1,1,1,L
12614,Orangewood Elementary School,96,0.9873,0.9439,0.9965,0.9792,0.9865,0.9892,0.99,0.9899,0.989,0.9049,0.9419,0.9525,0.9564,0.9558,0.9518,0.9822,0.9991,0.9995,0.9995,0.9995,0.9995,0,1,1,1,1,1,0.0367,H
12617,Orchard Dale Elementary School,121,0.9548,0.9174,0.9578,0.9917,0.937,0.9482,0.9523,0.9519,0.9476,0.8677,0.9134,0.9283,0.934,0.9333,0.9275,0.9252,0.957,0.965,0.9678,0.9675,0.9645,0,1,1,1,1,1,0.846,H
12627,Osceola Street Elementary School,94,0.9477,0.7983,0.9942,0.9681,0.9331,0.9445,0.9487,0.9482,0.9438,0.7106,0.7852,0.8178,0.8306,0.8292,0.8162,0.9787,0.9966,0.9974,0.9977,0.9976,0.9974,0,1,1,1,1,1,0.5068,M
12630,Our School,10,0.9701,0.9221,0.9826,1,0.9569,0.9647,0.9676,0.9673,0.9643,0.8743,0.9185,0.9327,0.938,0.9375,0.932,0.9614,0.9839,0.9871,0.9882,0.9881,0.987,0,1,1,1,1,1,0.2875,H
12631,Our Community Charter School,35,0.9655,0.9489,0.9768,0.9429,0.9638,0.9705,0.9729,0.9726,0.9701,0.9122,0.9474,0.9569,0.9604,0.9599,0.9564,0.9527,0.9776,0.982,0.9835,0.9833,0.9818,0,1,1,1,1,1,0.032,H
12632,our lady help of christians elementary,13,0.8841,0.8142,0.8751,1,0.8364,0.8626,0.8727,0.8715,0.8611,0.7308,0.8023,0.8327,0.8447,0.8433,0.831,0.81,0.8676,0.8896,0.8979,0.8969,0.8884,0,1,1,1,1,1,1,L
12633,Our Lady Of Fatima,21,0.989,0.9848,0.9968,0.9524,0.9954,0.9965,0.9968,0.9967,0.9964,0.9646,0.9864,0.9891,0.99,0.9899,0.989,0.9825,0.9994,0.9997,0.9997,0.9997,0.9997,0,1,1,1,1,1,0,H
12634,Our Lady Of Grace,56,0.9436,0.9029,0.9481,0.9821,0.9233,0.9368,0.9418,0.9412,0.936,0.8479,0.8977,0.9151,0.9217,0.921,0.9142,0.9113,0.9465,0.9562,0.9597,0.9593,0.9557,0,1,1,1,1,1,0.984,M
12636,Our Lady Of Guadalupe Elementary School,21,0.9082,0.8527,0.9179,0.9524,0.8807,0.9007,0.9083,0.9074,0.8996,0.7801,0.8437,0.869,0.8787,0.8776,0.8676,0.8683,0.9138,0.9288,0.9345,0.9339,0.9282,0,1,1,1,1,1,1,M
12638,Our Lady of Guadaluperosehill School,,0.9036,0.8748,0.9283,0.8489,0.8984,0.9158,0.9223,0.9215,0.9148,0.809,0.8673,0.8894,0.8978,0.8968,0.8882,0.8832,0.9252,0.9383,0.9432,0.9426,0.9375,1,1,1,1,1,1,1,M
12639,Our Lady Of Loretto Elementary School,14,0.9935,0.9732,0.9965,1,0.9904,0.9924,0.993,0.993,0.9923,0.9475,0.9737,0.9787,0.9805,0.9803,0.9785,0.982,0.999,0.9994,0.9995,0.9995,0.9994,0,1,1,1,1,1,0,H
12640,Our Lady Of Lourdes,20,0.9423,0.9017,0.9576,0.95,0.9291,0.9416,0.9463,0.9457,0.9409,0.8462,0.8965,0.9142,0.9208,0.92,0.9132,0.925,0.9568,0.9647,0.9675,0.9672,0.9642,0,1,1,1,1,1,0.9045,M
12644,Our Lady Of Malibu,11,0.9495,0.9465,0.9885,0.8182,0.9707,0.9762,0.9781,0.9779,0.9759,0.9086,0.9447,0.9547,0.9584,0.958,0.9542,0.9701,0.9903,0.9923,0.993,0.9929,0.9923,0,1,1,1,1,1,0.0435,M
12645,Our Lady Of Peace Elementary School,29,0.9895,0.9708,0.9968,0.9655,0.9929,0.9945,0.9949,0.9949,0.9944,0.944,0.9711,0.9765,0.9784,0.9782,0.9762,0.9826,0.9994,0.9997,0.9998,0.9998,0.9997,0,1,1,1,1,1,3e-04,H
12647,Our Lady Of Perpetual Help,60,0.9816,0.9668,0.9845,0.9833,0.9772,0.9815,0.9831,0.9829,0.9813,0.9381,0.9667,0.973,0.9752,0.9749,0.9726,0.9644,0.9861,0.9889,0.9898,0.9897,0.9888,0,1,1,1,1,1,0,H
12650,Our Lady Of Refuge,24,0.9379,0.9798,0.9951,0.6667,0.9903,0.9923,0.993,0.9929,0.9922,0.9573,0.9809,0.9846,0.9858,0.9857,0.9843,0.98,0.9976,0.9983,0.9984,0.9984,0.9983,0,1,1,1,1,1,0,M
12652,Our Lady Of Talpa,54,0.9872,0.9752,0.9921,0.9815,0.9858,0.9886,0.9896,0.9895,0.9885,0.9504,0.9759,0.9805,0.9821,0.9819,0.9803,0.9755,0.9943,0.9956,0.9959,0.9959,0.9955,0,1,1,1,1,1,0,H
12654,Our Lady of the Assumption School,52,0.9393,0.8679,0.9668,0.9615,0.9223,0.9359,0.9409,0.9403,0.9351,0.8001,0.8598,0.8828,0.8917,0.891,0.8819,0.9381,0.9668,0.9731,0.9753,0.975,0.9727,0,1,1,1,1,1,0.8393,M
12655,Our Lady Of The Holy Rosary,30,0.9034,0.9214,0.9489,0.7,0.9331,0.9449,0.9493,0.9488,0.9443,0.8734,0.9176,0.9319,0.9372,0.9366,0.9311,0.9122,0.9473,0.9569,0.9604,0.96,0.9564,0,1,1,1,1,1,0.9848,M
12656,Our Lady of the Miraculous Medal School,31,0.9057,0.8504,0.9626,0.8065,0.9114,0.9266,0.9323,0.9316,0.9257,0.7766,0.841,0.8667,0.8764,0.8751,0.8649,0.932,0.9622,0.9693,0.9718,0.9715,0.9689,0,1,1,1,1,1,0.904,M
12657,Our Lady Of The Rosary School,21,0.9913,0.9943,0.997,0.9524,0.9986,0.9991,0.9992,0.9992,0.9991,0.9788,0.9966,0.9975,0.9977,0.9977,0.9975,0.9829,0.9996,0.9999,0.9999,0.9999,0.9999,0,1,1,1,1,1,0,H
12658,Our Lady Of The Valley Elementary School,48,0.9901,0.9865,0.9968,0.9583,0.9955,0.9966,0.9969,0.9969,0.9966,0.9671,0.9882,0.9906,0.9913,0.9912,0.9904,0.9825,0.9993,0.9997,0.9997,0.9997,0.9997,0,1,1,1,1,1,0,H
12659,Our Lady Of Victory Elementary School,29,0.8885,0.7234,0.9844,0.7931,0.8911,0.9088,0.9155,0.9147,0.9078,0.6189,0.7058,0.7465,0.7626,0.7607,0.7438,0.9644,0.9859,0.9887,0.9896,0.9895,0.9886,0,1,1,1,1,1,0.7832,L
12662,Our Mother Of Good Counsel,16,0.9565,0.8834,0.9782,1,0.9375,0.9485,0.9526,0.9522,0.9479,0.8211,0.8766,0.8972,0.9051,0.9043,0.8962,0.9551,0.9792,0.9832,0.9845,0.9843,0.9829,0,1,1,1,1,1,0.6315,H
12669,Overland Avenue Elementary School,105,0.9306,0.8893,0.9251,0.9905,0.9031,0.9197,0.926,0.9252,0.9188,0.8292,0.883,0.9027,0.9101,0.9092,0.9016,0.8785,0.9216,0.9354,0.9405,0.9399,0.9347,0,1,1,1,1,1,1,M
12675,Oxnard Street Elementary School,53,0.9742,0.9534,0.9787,0.9811,0.9672,0.9733,0.9755,0.9753,0.973,0.9188,0.9522,0.961,0.9642,0.9638,0.9605,0.9557,0.9797,0.9836,0.985,0.9848,0.9834,0,1,1,1,1,1,0.0068,H
12679,Pacific Elementary School,95,0.9856,0.9751,0.993,0.9684,0.9866,0.9893,0.9902,0.9901,0.9891,0.9502,0.9758,0.9805,0.9821,0.9819,0.9802,0.9769,0.9953,0.9964,0.9967,0.9967,0.9964,0,1,1,1,1,1,0,H
12682,Pacific Baptist School,28,0.9806,0.9915,0.9969,0.8929,0.9975,0.9982,0.9984,0.9983,0.9982,0.9746,0.9936,0.995,0.9954,0.9953,0.9949,0.9827,0.9994,0.9998,0.9998,0.9998,0.9998,0,1,1,1,1,1,0,H
12684,Pacific Boulevard School,43,0.989,0.9835,0.9968,0.9535,0.9951,0.9962,0.9965,0.9965,0.9962,0.9626,0.9849,0.9879,0.9889,0.9888,0.9877,0.9826,0.9993,0.9997,0.9997,0.9997,0.9997,0,1,1,1,1,1,0,H
12692,Pacific Harbor Christian,13,0.9604,0.9405,0.9961,0.8462,0.9796,0.9835,0.9849,0.9847,0.9833,0.9003,0.9383,0.9493,0.9533,0.9528,0.9486,0.9816,0.9986,0.9991,0.9992,0.9992,0.9991,0,1,1,1,1,1,0.0578,H
12719,Pacoima Charter Elementary School,143,0.9961,0.9871,0.9968,0.993,0.9958,0.9968,0.9971,0.997,0.9968,0.968,0.9888,0.9911,0.9918,0.9917,0.991,0.9825,0.9993,0.9997,0.9997,0.9997,0.9997,0,1,1,1,1,1,0,H
12723,Paddison Elementary School,65,0.9844,0.9705,0.9877,0.9846,0.981,0.9847,0.9859,0.9858,0.9845,0.9435,0.9708,0.9762,0.9782,0.978,0.976,0.9691,0.9895,0.9917,0.9924,0.9923,0.9916,0,1,1,1,1,1,0,H
12725,page school-beverly hills,10,0.9487,0.9918,0.997,0.7,0.9978,0.9985,0.9986,0.9986,0.9985,0.9751,0.9939,0.9953,0.9957,0.9956,0.9952,0.9828,0.9995,0.9998,0.9999,0.9999,0.9998,0,1,1,1,1,1,0,M
12726,Page Private School - Hancock Park,21,0.9766,0.977,0.9948,0.9048,0.9889,0.9912,0.9919,0.9918,0.9911,0.9533,0.9779,0.9821,0.9836,0.9834,0.9819,0.9796,0.9972,0.998,0.9982,0.9981,0.998,0,1,1,1,1,1,0,H
12732,Palisades Charter Elementary School,79,0.9806,0.9674,0.9895,0.962,0.9809,0.9846,0.9859,0.9857,0.9844,0.9391,0.9674,0.9736,0.9757,0.9755,0.9733,0.9716,0.9914,0.9932,0.9938,0.9937,0.9931,0,1,1,1,1,1,0,H
12740,Palm Elementary School,51,0.9761,0.9758,0.9888,0.9216,0.9842,0.9873,0.9883,0.9882,0.9871,0.9515,0.9766,0.981,0.9826,0.9825,0.9808,0.9707,0.9907,0.9926,0.9932,0.9932,0.9925,0,1,1,1,1,1,0,H
12743,Palm Crest Elementary School,79,0.9913,0.9834,0.9963,0.9747,0.9933,0.9947,0.9952,0.9951,0.9947,0.9627,0.9848,0.9878,0.9888,0.9887,0.9877,0.9818,0.9988,0.9992,0.9993,0.9993,0.9992,0,1,1,1,1,1,0,H
12744,Palm Tree Elementary School,115,0.9968,0.9901,0.9969,0.9913,0.9972,0.998,0.9981,0.9981,0.9979,0.9725,0.992,0.9937,0.9942,0.9942,0.9936,0.9828,0.9995,0.9998,0.9998,0.9998,0.9998,0,1,1,1,1,1,0,H
12751,Palmdale Aerospace Academy,120,0.9807,0.9489,0.9908,0.9917,0.974,0.9789,0.9807,0.9805,0.9787,0.9123,0.9473,0.9568,0.9603,0.9599,0.9563,0.9737,0.9928,0.9944,0.9949,0.9948,0.9943,0,1,1,1,1,1,0.0285,H
12753,Palmdale Discovery Center,52,0.9839,0.9703,0.9882,0.9808,0.9812,0.9848,0.9861,0.9859,0.9846,0.9433,0.9706,0.9762,0.9782,0.978,0.9759,0.9698,0.9901,0.9921,0.9928,0.9927,0.9921,0,1,1,1,1,1,0,H
12754,Palmdale Learning Plaza School,92,0.9673,0.9456,0.9701,0.9783,0.9579,0.9657,0.9685,0.9681,0.9652,0.9077,0.9439,0.954,0.9577,0.9573,0.9535,0.9429,0.9703,0.9759,0.9779,0.9776,0.9756,0,1,1,1,1,1,0.0835,H
12757,Palms Elementary School,39,0.956,0.9376,0.9614,0.9487,0.9488,0.9581,0.9615,0.9611,0.9576,0.896,0.9351,0.9467,0.9509,0.9504,0.946,0.9303,0.9609,0.9682,0.9708,0.9705,0.9679,0,1,1,1,1,1,0.474,H
12784,Panorama City Elementary School,77,0.9945,0.9927,0.997,0.974,0.9981,0.9987,0.9988,0.9988,0.9987,0.9764,0.9949,0.996,0.9964,0.9963,0.996,0.9828,0.9995,0.9999,0.9999,0.9999,0.9999,0,1,1,1,1,1,0,H
12785,Pantera Elementary School,71,0.9769,0.9611,0.9775,0.9859,0.9699,0.9756,0.9776,0.9774,0.9753,0.93,0.9607,0.9679,0.9705,0.9702,0.9675,0.9538,0.9784,0.9825,0.984,0.9838,0.9823,0,1,1,1,1,1,0,H
12789,Para Los Ninos Charter School,40,0.9893,0.9885,0.9969,0.95,0.9964,0.9973,0.9975,0.9975,0.9972,0.9701,0.9904,0.9924,0.993,0.9929,0.9923,0.9827,0.9994,0.9998,0.9998,0.9998,0.9998,0,1,1,1,1,1,0,H
12791,Para Los Ninos - Evelyn Thurman Gratts Primary School,75,0.9411,0.9118,0.9588,0.92,0.9346,0.9462,0.9505,0.95,0.9456,0.8599,0.9073,0.9233,0.9293,0.9286,0.9224,0.9266,0.958,0.9658,0.9687,0.9684,0.9655,0,1,1,1,1,1,0.8588,M
12793,Paradise Canyon Elementary School,75,0.8722,0.7668,0.8914,0.9867,0.8234,0.8512,0.8619,0.8606,0.8496,0.6715,0.7519,0.7878,0.8019,0.8003,0.7856,0.8317,0.8853,0.9047,0.912,0.911,0.9033,0,1,1,1,1,1,1,L
12794,Paramount Elementary School,111,0.8323,0.7382,0.8226,0.991,0.7684,0.8028,0.8163,0.8147,0.8008,0.6376,0.7211,0.7608,0.7765,0.7747,0.7587,0.7415,0.8114,0.8409,0.8523,0.8508,0.8389,0,1,1,1,1,1,1,L
12807,Parent (Frank D.) Elementary School,45,0.9341,0.8962,0.9501,0.9333,0.9214,0.9352,0.9403,0.9397,0.9344,0.8384,0.8903,0.9091,0.9159,0.9151,0.9079,0.9141,0.9486,0.9579,0.9614,0.9611,0.9575,0,1,1,1,1,1,0.9745,M
12813,Park Elementary School,87,0.9826,0.967,0.9889,0.977,0.9802,0.9841,0.9854,0.9852,0.9839,0.9385,0.967,0.9731,0.9753,0.9751,0.9728,0.9708,0.9908,0.9927,0.9933,0.9933,0.9926,0,1,1,1,1,1,0,H
12815,Park Avenue Elementary School,26,0.9751,0.9618,0.9819,0.9615,0.9732,0.9782,0.98,0.9798,0.978,0.9309,0.9614,0.9686,0.9711,0.9708,0.9682,0.9603,0.9832,0.9865,0.9876,0.9875,0.9863,0,1,1,1,1,1,0,H
12830,Park Western Place Elementary School,88,0.9558,0.931,0.9684,0.9432,0.9499,0.9589,0.9623,0.9619,0.9584,0.8871,0.928,0.9407,0.9455,0.945,0.9402,0.9405,0.9685,0.9744,0.9766,0.9763,0.9741,0,1,1,1,1,1,0.4285,H
12836,Parkview Elementary School,86,0.9792,0.9333,0.9957,0.9767,0.9754,0.98,0.9817,0.9815,0.9798,0.8904,0.9305,0.9428,0.9474,0.9468,0.9421,0.981,0.9982,0.9988,0.9989,0.9989,0.9988,0,1,1,1,1,1,0.0855,H
12839,Parmelee Avenue Elementary School,137,0.9639,0.9306,0.9695,0.9927,0.9497,0.9588,0.9621,0.9618,0.9583,0.8863,0.9276,0.9404,0.9451,0.9445,0.9395,0.9422,0.9698,0.9754,0.9774,0.9772,0.9751,0,1,1,1,1,1,0.442,H
12842,Parthenia Street Elementary School,126,0.9839,0.9497,0.9967,0.9524,0.988,0.9904,0.9912,0.9911,0.9903,0.9136,0.9483,0.9576,0.961,0.9606,0.957,0.9824,0.9993,0.9996,0.9997,0.9997,0.9996,0,1,1,1,1,1,0.0257,H
12846,Pasadena Christian School,25,0.9379,0.9128,0.979,0.84,0.9489,0.9581,0.9615,0.9611,0.9576,0.8613,0.9081,0.9242,0.9301,0.9294,0.9232,0.9561,0.98,0.9838,0.9852,0.9851,0.9837,0,1,1,1,1,1,0.4558,M
12859,Pasadena Rosebud Academy,21,0.9471,0.9825,0.9957,0.7143,0.9921,0.9938,0.9943,0.9942,0.9937,0.9614,0.9839,0.987,0.9881,0.988,0.9869,0.981,0.9982,0.9987,0.9989,0.9988,0.9987,0,1,1,1,1,1,0,M
12863,Pasadena Waldorf High School,,0.9888,0.9617,0.9967,0.9706,0.9907,0.9926,0.9932,0.9931,0.9925,0.9306,0.9613,0.9684,0.9711,0.9708,0.9682,0.9824,0.9993,0.9996,0.9997,0.9997,0.9996,1,1,1,1,1,1,0.008,H
12884,Payne (Beulah) Elementary School,124,0.9719,0.9753,0.99,0.8952,0.9844,0.9875,0.9885,0.9884,0.9873,0.9505,0.9759,0.9805,0.9821,0.9819,0.9803,0.9723,0.9919,0.9936,0.9941,0.9941,0.9935,0,1,1,1,1,1,0,H
12890,Peachland Avenue Elementary School,101,0.9672,0.9311,0.9759,0.9901,0.9551,0.9633,0.9662,0.9659,0.9628,0.8867,0.9281,0.9409,0.9457,0.9451,0.9402,0.9514,0.9767,0.9811,0.9827,0.9825,0.9809,0,1,1,1,1,1,0.2805,H
12892,Pearblossom Elementary School,49,0.9861,0.9635,0.9967,0.9592,0.9895,0.9916,0.9923,0.9922,0.9915,0.9333,0.9632,0.9701,0.9725,0.9722,0.9697,0.9824,0.9992,0.9996,0.9996,0.9996,0.9996,0,1,1,1,1,1,0.007,H
12895,Pearl Preparatory School,20,0.9237,0.8538,0.9498,0.95,0.903,0.9196,0.9258,0.925,0.9186,0.7817,0.8446,0.8698,0.8794,0.8783,0.8684,0.9136,0.9484,0.9577,0.9611,0.9608,0.9572,0,1,1,1,1,1,0.9755,M
12902,Peninsula Heritage School,14,0.948,0.895,0.9566,1,0.9255,0.9385,0.9434,0.9428,0.9378,0.8368,0.8891,0.9079,0.9149,0.9141,0.9068,0.9236,0.9558,0.9638,0.9667,0.9663,0.9633,0,1,1,1,1,1,0.9198,M
12904,Peninsula Montessori School,,0.9734,0.963,0.9825,0.9479,0.974,0.9789,0.9806,0.9804,0.9786,0.9327,0.9627,0.9696,0.9721,0.9718,0.9692,0.9613,0.9838,0.987,0.9881,0.988,0.9869,1,1,1,1,1,1,0,H
12926,Philadelphia Elementary School,73,0.9639,0.9438,0.9764,0.9452,0.961,0.9682,0.9708,0.9705,0.9678,0.9053,0.9419,0.9523,0.9561,0.9556,0.9515,0.952,0.9772,0.9815,0.9831,0.9829,0.9813,0,1,1,1,1,1,0.0882,H
12942,Pico School,12,0.9826,0.9599,0.9858,1,0.9747,0.9795,0.9812,0.981,0.9793,0.9284,0.9593,0.9668,0.9696,0.9692,0.9664,0.9661,0.9874,0.99,0.9908,0.9907,0.9898,0,1,1,1,1,1,0.001,H
12943,Pico Canyon Elementary School,115,0.5231,0.1497,0.6858,0.9826,0.388,0.4334,0.4532,0.4508,0.4305,0.0992,0.1356,0.161,0.1728,0.1711,0.1588,0.5777,0.6664,0.71,0.7276,0.7255,0.7072,0,1,1,1,1,1,1,L
12950,Pilgrim School,22,0.9843,0.9749,0.9952,0.9545,0.988,0.9904,0.9912,0.9911,0.9903,0.95,0.9756,0.9802,0.9818,0.9816,0.9799,0.9802,0.9976,0.9983,0.9985,0.9984,0.9983,0,1,1,1,1,1,0,H
12958,pinecrest schools–northridge,35,0.9506,0.9258,0.9497,0.9714,0.9358,0.9473,0.9515,0.951,0.9466,0.8795,0.9223,0.936,0.941,0.9405,0.9353,0.9136,0.9484,0.9577,0.9611,0.9607,0.9571,0,1,1,1,1,1,0.9765,H
12961,pinecrest schools - woodland hills,31,0.9448,0.9127,0.9713,0.9032,0.9438,0.9538,0.9575,0.9571,0.9533,0.8614,0.9082,0.924,0.93,0.9293,0.9232,0.9446,0.9717,0.9771,0.979,0.9788,0.9768,0,1,1,1,1,1,0.5865,M
12964,"Pines Christian, The",30,0.9861,0.9862,0.9968,0.9333,0.9957,0.9967,0.997,0.997,0.9967,0.9667,0.9878,0.9903,0.9911,0.991,0.9902,0.9825,0.9994,0.9997,0.9997,0.9997,0.9997,0,1,1,1,1,1,0,H
12965,Pinetree Community Elementary School,110,0.9854,0.9727,0.9895,0.9818,0.9831,0.9864,0.9876,0.9874,0.9863,0.9469,0.9732,0.9783,0.9801,0.9799,0.978,0.9716,0.9914,0.9932,0.9938,0.9937,0.9931,0,1,1,1,1,1,0,H
12968,Pinewood Avenue Elementary School,41,0.9855,0.983,0.9939,0.9512,0.9906,0.9926,0.9932,0.9931,0.9925,0.9621,0.9844,0.9874,0.9884,0.9883,0.9872,0.9782,0.9962,0.9971,0.9974,0.9973,0.9971,0,1,1,1,1,1,0,H
12986,Plainview Academic Charter Academy,64,0.9835,0.9689,0.9868,0.9844,0.9797,0.9836,0.9849,0.9848,0.9834,0.9413,0.9691,0.9748,0.9769,0.9766,0.9745,0.9677,0.9885,0.9909,0.9916,0.9916,0.9908,0,1,1,1,1,1,0,H
12993,Play Mountain Place,12,0.8367,0.94,0.9966,0.0833,0.9846,0.9876,0.9886,0.9885,0.9874,0.8997,0.9378,0.9491,0.9531,0.9527,0.9485,0.9823,0.9991,0.9995,0.9996,0.9996,0.9995,0,1,1,1,1,1,0.0462,L
12995,Playa Del Rey Elementary School,58,0.9396,0.9092,0.9462,0.9483,0.9257,0.9387,0.9436,0.943,0.938,0.8565,0.9045,0.9209,0.927,0.9263,0.9199,0.9084,0.9445,0.9545,0.9582,0.9578,0.954,0,1,1,1,1,1,0.9928,M
12996,Playa Vista Elementary,111,0.9928,0.9798,0.9962,0.991,0.9916,0.9933,0.9939,0.9938,0.9933,0.9573,0.9809,0.9846,0.9859,0.9857,0.9844,0.9816,0.9987,0.9991,0.9992,0.9992,0.9991,0,1,1,1,1,1,0,H
12997,Playhouse School,24,0.9754,0.958,0.9868,0.9583,0.9743,0.9792,0.9809,0.9807,0.9789,0.9252,0.9572,0.9651,0.968,0.9677,0.9647,0.9676,0.9885,0.9909,0.9916,0.9916,0.9908,0,1,1,1,1,1,0.0022,H
13011,Pleasant View Elementary School,36,0.9741,0.9663,0.9831,0.9444,0.9758,0.9804,0.982,0.9818,0.9801,0.9375,0.9663,0.9725,0.9748,0.9745,0.9722,0.9621,0.9844,0.9875,0.9885,0.9884,0.9874,0,1,1,1,1,1,0,H
13012,Plum Canyon Elementary School,129,0.9951,0.9874,0.9962,0.9922,0.9946,0.9958,0.9962,0.9961,0.9958,0.9685,0.9892,0.9914,0.9922,0.9921,0.9913,0.9817,0.9987,0.9992,0.9993,0.9993,0.9992,0,1,1,1,1,1,0,H
13013,Plummer Elementary School,121,0.9847,0.9746,0.9921,0.9669,0.9857,0.9885,0.9895,0.9894,0.9884,0.9496,0.9753,0.98,0.9816,0.9814,0.9797,0.9756,0.9943,0.9956,0.996,0.9959,0.9956,0,1,1,1,1,1,0,H
13014,Plymouth Elementary School,112,0.9954,0.9859,0.9967,0.9911,0.9953,0.9964,0.9967,0.9967,0.9964,0.9664,0.9876,0.9901,0.9909,0.9908,0.9899,0.9824,0.9992,0.9996,0.9997,0.9997,0.9996,0,1,1,1,1,1,0,H
13016,Plymouth Christian School,55,0.9919,0.9834,0.9958,0.9818,0.9925,0.9941,0.9946,0.9945,0.994,0.9625,0.9847,0.9878,0.9888,0.9887,0.9876,0.981,0.9982,0.9988,0.9989,0.9989,0.9988,0,1,1,1,1,1,0,H
13018,Point Fermin Elementary School,50,0.9912,0.9673,0.9968,0.98,0.9918,0.9936,0.9941,0.994,0.9935,0.9389,0.9673,0.9735,0.9758,0.9756,0.9733,0.9825,0.9993,0.9997,0.9997,0.9997,0.9997,0,1,1,1,1,1,0.005,H
13020,Point Vicente Elementary School,67,0.9803,0.9688,0.9902,0.9552,0.9821,0.9856,0.9868,0.9866,0.9854,0.9411,0.969,0.9748,0.9769,0.9766,0.9744,0.9727,0.9922,0.9939,0.9944,0.9943,0.9938,0,1,1,1,1,1,0,H
13022,Polytechnic School,46,0.9765,0.9648,0.9846,0.9565,0.9763,0.9808,0.9824,0.9822,0.9806,0.9352,0.9646,0.9712,0.9736,0.9733,0.9708,0.9644,0.9862,0.9889,0.9898,0.9897,0.9888,0,1,1,1,1,1,0,H
13024,Pomelo Community Charter School,111,0.9776,0.9141,0.9958,0.991,0.9698,0.9754,0.9774,0.9772,0.9751,0.8628,0.9095,0.9256,0.9314,0.9307,0.9246,0.981,0.9982,0.9988,0.9989,0.9989,0.9988,0,1,1,1,1,1,0.1732,H
13038,Porter Ranch Community School,205,0.942,0.8682,0.9637,0.9902,0.9193,0.9333,0.9385,0.9379,0.9325,0.8009,0.8601,0.883,0.8916,0.8906,0.8814,0.9337,0.9634,0.9701,0.9725,0.9722,0.9697,0,1,1,1,1,1,0.878,M
13043,Potrero Elementary School,52,0.9773,0.9603,0.9809,0.9808,0.9717,0.977,0.9789,0.9787,0.9767,0.9287,0.9598,0.9672,0.9698,0.9695,0.9667,0.959,0.9821,0.9857,0.9869,0.9867,0.9854,0,1,1,1,1,1,3e-04,H
13044,Potrero Heights Elementary School,73,0.9939,0.9844,0.9966,0.9863,0.9943,0.9956,0.9959,0.9959,0.9955,0.9641,0.9859,0.9887,0.9897,0.9896,0.9886,0.9822,0.9991,0.9995,0.9996,0.9996,0.9995,0,1,1,1,1,1,0,H
13045,Poverello Of Assisi Preschool,,0.9044,0.8741,0.9311,0.85,0.8993,0.9165,0.923,0.9222,0.9155,0.8083,0.8666,0.8887,0.897,0.896,0.8873,0.8872,0.9282,0.9409,0.9455,0.945,0.9402,1,1,1,1,1,1,1,M
13046,Powell Academy For Success,75,0.9596,0.9264,0.9641,0.9867,0.9451,0.9549,0.9586,0.9582,0.9544,0.8805,0.9231,0.9366,0.9416,0.9411,0.9359,0.9343,0.9639,0.9706,0.973,0.9727,0.9702,0,1,1,1,1,1,0.6182,H
13059,Precious Blood,15,0.9831,0.9598,0.9867,1,0.9753,0.98,0.9817,0.9815,0.9798,0.928,0.9592,0.9667,0.9694,0.9691,0.9663,0.9676,0.9884,0.9908,0.9915,0.9915,0.9906,0,1,1,1,1,1,0.0018,H
13067,President Avenue Elementary School,62,0.9961,0.9922,0.997,0.9839,0.998,0.9986,0.9987,0.9987,0.9986,0.9756,0.9943,0.9956,0.996,0.9959,0.9955,0.9828,0.9995,0.9998,0.9999,0.9999,0.9999,0,1,1,1,1,1,0,H
13068,Price Elementary School,106,0.9563,0.9333,0.9608,0.9623,0.9461,0.9558,0.9594,0.959,0.9553,0.8902,0.9305,0.943,0.9474,0.9469,0.9422,0.9295,0.9603,0.9676,0.9702,0.9699,0.9672,0,1,1,1,1,1,0.616,H
13069,Primanti Montessori School,,0.993,0.9862,0.9967,0.9768,0.9952,0.9963,0.9966,0.9966,0.9963,0.9668,0.9879,0.9903,0.9912,0.9911,0.9902,0.9823,0.9992,0.9996,0.9996,0.9996,0.9996,1,1,1,1,1,1,0,H
13070,Primanti Montessori School - Whittier,26,0.9918,0.9904,0.9969,0.9615,0.9971,0.9979,0.9981,0.9981,0.9979,0.9729,0.9924,0.994,0.9945,0.9944,0.9939,0.9827,0.9994,0.9998,0.9998,0.9998,0.9998,0,1,1,1,1,1,0,H
13076,Prisk Elementary School,61,0.9895,0.9838,0.9956,0.9672,0.9925,0.9941,0.9946,0.9945,0.994,0.9632,0.9853,0.9882,0.9891,0.989,0.988,0.9808,0.9981,0.9987,0.9988,0.9988,0.9986,0,1,1,1,1,1,0,H
13091,Providencia Elementary School,94,0.938,0.9015,0.9373,0.9787,0.9164,0.9309,0.9364,0.9357,0.9301,0.8457,0.896,0.9139,0.9206,0.9198,0.9129,0.8956,0.9348,0.9464,0.9507,0.9502,0.9458,0,1,1,1,1,1,1,M
13092,Ps1 Pluralistic School,30,0.9854,0.9846,0.9968,0.9333,0.9947,0.9959,0.9962,0.9962,0.9958,0.9645,0.9862,0.9889,0.9898,0.9897,0.9888,0.9824,0.9993,0.9997,0.9997,0.9997,0.9997,0,1,1,1,1,1,0,H
13100,PUC Community Charter Elementary,51,0.978,0.9644,0.9794,0.9804,0.9727,0.9779,0.9797,0.9795,0.9776,0.9348,0.9641,0.9708,0.9732,0.9729,0.9704,0.9568,0.9805,0.9843,0.9856,0.9855,0.9841,0,1,1,1,1,1,0,H
13107,PUC Milagro Charter School,48,0.9713,0.9575,0.9778,0.9583,0.9684,0.9743,0.9764,0.9762,0.974,0.9246,0.9567,0.9647,0.9676,0.9672,0.9643,0.9544,0.9787,0.9828,0.9842,0.984,0.9825,0,1,1,1,1,1,0.001,H
13121,Puente Charter School,75,0.9897,0.9728,0.9958,0.9867,0.9881,0.9905,0.9913,0.9912,0.9904,0.9469,0.9733,0.9783,0.9801,0.9799,0.9781,0.981,0.9982,0.9988,0.9989,0.9989,0.9988,0,1,1,1,1,1,0,H
13124,Purche Avenue Elementary School,79,0.9738,0.953,0.981,0.9747,0.9681,0.9741,0.9762,0.976,0.9738,0.9182,0.9519,0.9606,0.9638,0.9634,0.9602,0.9589,0.9822,0.9856,0.9868,0.9867,0.9855,0,1,1,1,1,1,0.0095,H
13128,Quail Summit Elementary School,95,0.9872,0.9756,0.9925,0.9789,0.9863,0.989,0.9899,0.9898,0.9889,0.951,0.9763,0.9808,0.9824,0.9822,0.9805,0.976,0.9946,0.9959,0.9962,0.9961,0.9958,0,1,1,1,1,1,0,H
13129,Quail Valley Elementary School,73,0.9889,0.984,0.9927,0.9726,0.9904,0.9924,0.993,0.9929,0.9923,0.9635,0.9854,0.9883,0.9893,0.9892,0.9882,0.9763,0.9949,0.996,0.9964,0.9963,0.996,0,1,1,1,1,1,0,H
13136,quartz hill elementary,144,0.985,0.9661,0.989,0.9931,0.9798,0.9837,0.9851,0.9849,0.9835,0.9373,0.9661,0.9723,0.9746,0.9743,0.972,0.9709,0.9909,0.9928,0.9934,0.9933,0.9927,0,1,1,1,1,1,0,H
13138,Queen Anne Place Elementary School,75,0.9864,0.9732,0.9895,0.9867,0.9833,0.9866,0.9877,0.9876,0.9864,0.9476,0.9738,0.9787,0.9805,0.9803,0.9785,0.9716,0.9914,0.9932,0.9938,0.9937,0.9931,0,1,1,1,1,1,0,H
13144,Quincy Jones Elementary School,59,0.9867,0.968,0.9946,0.9831,0.9847,0.9877,0.9887,0.9886,0.9875,0.9398,0.9681,0.9741,0.9762,0.9759,0.9737,0.9792,0.997,0.9978,0.998,0.9979,0.9977,0,1,1,1,1,1,3e-04,H
13145,R. D. White Elementary School,162,0.9876,0.9761,0.9898,0.9877,0.9849,0.9879,0.9889,0.9888,0.9877,0.9517,0.9769,0.9813,0.9828,0.9826,0.981,0.9722,0.9918,0.9936,0.9941,0.9941,0.9935,0,1,1,1,1,1,0,H
13147,R. L. Stevenson Elementary School,120,0.8937,0.8401,0.8787,0.9917,0.8516,0.8757,0.885,0.8839,0.8743,0.7637,0.83,0.8572,0.8676,0.8664,0.8557,0.8148,0.8716,0.8928,0.9009,0.9001,0.8918,0,1,1,1,1,1,1,L
13149,Rabbi Jacob Pressman Academy,43,0.9363,0.8038,0.9876,0.9535,0.9203,0.9339,0.9389,0.9383,0.9331,0.7168,0.7911,0.823,0.835,0.8336,0.8207,0.9689,0.9894,0.9915,0.9923,0.9922,0.9914,0,1,1,1,1,1,0.6545,M
13166,Ralph Bunche Elementary School,29,0.9521,0.886,0.9832,0.9655,0.9394,0.9502,0.9541,0.9537,0.9496,0.8242,0.8794,0.8999,0.9075,0.9068,0.899,0.9624,0.9846,0.9876,0.9887,0.9886,0.9875,0,1,1,1,1,1,0.6085,H
13168,Ralph Emerson Elementary School,96,0.9891,0.9778,0.9945,0.9792,0.9891,0.9913,0.992,0.9919,0.9912,0.9543,0.9787,0.9828,0.9842,0.984,0.9825,0.9791,0.9969,0.9977,0.9979,0.9979,0.9977,0,1,1,1,1,1,0,H
13171,Ramona Elementary School,51,0.9903,0.9859,0.9967,0.9608,0.9952,0.9963,0.9966,0.9966,0.9963,0.9663,0.9876,0.9901,0.9909,0.9908,0.99,0.9824,0.9993,0.9997,0.9997,0.9997,0.9997,0,1,1,1,1,1,0,H
13181,Ranch Hills Elementary School,66,0.9737,0.9282,0.9946,0.9697,0.9693,0.975,0.977,0.9768,0.9747,0.8832,0.9251,0.9382,0.9431,0.9426,0.9376,0.9793,0.997,0.9978,0.998,0.9979,0.9977,0,1,1,1,1,1,0.1353,H
13183,Ranchito Avenue Elementary School,99,0.9581,0.9219,0.9728,0.9596,0.9493,0.9584,0.9618,0.9614,0.9579,0.8744,0.9183,0.9325,0.9377,0.9371,0.9317,0.947,0.9734,0.9784,0.9803,0.98,0.9782,0,1,1,1,1,1,0.455,H
13198,Rancho Santa Gertrudes Elementary School,39,0.9083,0.8637,0.9109,0.9487,0.8818,0.9016,0.9091,0.9083,0.9005,0.7946,0.855,0.8789,0.8881,0.8871,0.8778,0.8591,0.9064,0.9224,0.9285,0.9278,0.9215,0,1,1,1,1,1,1,M
13201,Rancho Vista Elementary School,165,0.9914,0.9799,0.9952,0.9879,0.9902,0.9922,0.9929,0.9928,0.9922,0.9573,0.981,0.9847,0.986,0.9858,0.9845,0.9801,0.9976,0.9983,0.9984,0.9984,0.9983,0,1,1,1,1,1,0,H
13208,Raymond Avenue Elementary School,93,0.9896,0.9848,0.9968,0.957,0.9951,0.9962,0.9966,0.9965,0.9962,0.9646,0.9862,0.989,0.9899,0.9898,0.9889,0.9825,0.9994,0.9997,0.9997,0.9997,0.9997,0,1,1,1,1,1,0,H
13221,Redeemer Baptist Elementary School,12,0.9572,0.9929,0.997,0.75,0.9981,0.9987,0.9988,0.9988,0.9987,0.9767,0.9951,0.9962,0.9966,0.9965,0.9962,0.9828,0.9995,0.9998,0.9999,0.9999,0.9999,0,1,1,1,1,1,0,H
13243,Renaissance Arts Academy,22,0.9331,0.8981,0.9384,0.9545,0.9151,0.9298,0.9353,0.9347,0.929,0.8409,0.8922,0.9106,0.9176,0.9168,0.9098,0.8972,0.936,0.9473,0.9515,0.951,0.9466,0,1,1,1,1,1,0.9992,M
13253,Repetto Elementary School,82,0.9888,0.9803,0.9937,0.9756,0.9895,0.9917,0.9924,0.9923,0.9916,0.958,0.9814,0.985,0.9863,0.9861,0.9849,0.9781,0.996,0.997,0.9973,0.9972,0.997,0,1,1,1,1,1,0,H
13255,Reseda Elementary School,111,0.9943,0.9836,0.9965,0.991,0.9937,0.9951,0.9955,0.9954,0.995,0.9628,0.985,0.988,0.989,0.9889,0.9878,0.982,0.999,0.9994,0.9995,0.9995,0.9994,0,1,1,1,1,1,0,H
13261,Resurrection School,23,0.9838,0.9773,0.9923,0.9565,0.9869,0.9895,0.9904,0.9903,0.9894,0.9535,0.9782,0.9824,0.9838,0.9837,0.9822,0.9758,0.9944,0.9957,0.9961,0.996,0.9956,0,1,1,1,1,1,0,H
13267,RFK Community Schools - Ambassador School - Global Education,27,0.9786,0.9764,0.9928,0.9259,0.9867,0.9893,0.9902,0.9901,0.9892,0.9523,0.9772,0.9816,0.9831,0.9829,0.9813,0.9765,0.995,0.9962,0.9965,0.9965,0.9961,0,1,1,1,1,1,0,H
13271,RFK Community Schools New Open World Academy K-12,99,0.9636,0.9623,0.9826,0.8889,0.974,0.9789,0.9806,0.9804,0.9786,0.9316,0.9619,0.969,0.9715,0.9712,0.9686,0.9615,0.984,0.9871,0.9882,0.988,0.9869,0,1,1,1,1,1,0,H
13274,Ricardo Lizarraga Elementary School,109,0.948,0.8879,0.9687,0.9817,0.9298,0.9421,0.9467,0.9462,0.9414,0.8277,0.8815,0.9014,0.909,0.9083,0.9005,0.9406,0.9688,0.9747,0.9768,0.9766,0.9744,0,1,1,1,1,1,0.7932,M
13275,Rice (Eldridge) Elementary School,40,0.9372,0.9075,0.9413,0.95,0.9219,0.9356,0.9407,0.9401,0.9348,0.8538,0.9026,0.9194,0.9256,0.9249,0.9184,0.9018,0.9393,0.9501,0.9541,0.9536,0.9495,0,1,1,1,1,1,0.9998,M
13284,Richard Riordan Primary Center,58,0.9952,0.99,0.9969,0.9828,0.997,0.9978,0.998,0.9979,0.9978,0.9723,0.992,0.9937,0.9942,0.9942,0.9936,0.9827,0.9994,0.9998,0.9998,0.9998,0.9998,0,1,1,1,1,1,0,H
13285,Richland Avenue Elementary School,60,0.97,0.9588,0.9772,0.95,0.9686,0.9745,0.9766,0.9763,0.9742,0.9263,0.9581,0.9658,0.9686,0.9682,0.9654,0.9535,0.9781,0.9823,0.9838,0.9837,0.9822,0,1,1,1,1,1,3e-04,H
13287,Richmond Street Elementary School,118,0.9798,0.9621,0.9813,0.9915,0.9728,0.9779,0.9797,0.9795,0.9776,0.9314,0.9618,0.9688,0.9713,0.971,0.9684,0.9596,0.9826,0.986,0.9871,0.987,0.9858,0,1,1,1,1,1,0,H
13293,Riley Elementary School,126,0.912,0.8483,0.9146,0.9921,0.8769,0.8974,0.9052,0.9043,0.8963,0.7752,0.839,0.8648,0.8748,0.8737,0.8635,0.8641,0.9103,0.9258,0.9316,0.931,0.925,0,1,1,1,1,1,1,M
13298,Rio Hondo Elementary School,48,0.9705,0.9569,0.9767,0.9583,0.9672,0.9734,0.9755,0.9753,0.973,0.9239,0.9561,0.9641,0.967,0.9666,0.9636,0.9526,0.9775,0.9818,0.9833,0.9831,0.9815,0,1,1,1,1,1,0.001,H
13305,Rio San Gabriel Elementary School,143,0.9459,0.914,0.9481,0.972,0.929,0.9415,0.9462,0.9456,0.9408,0.8631,0.9096,0.9253,0.931,0.9304,0.9244,0.9113,0.9466,0.9563,0.9598,0.9593,0.9557,0,1,1,1,1,1,0.9855,M
13307,Rio Vista Elementary School,90,0.9923,0.9854,0.9963,0.9778,0.9939,0.9953,0.9957,0.9956,0.9952,0.9655,0.987,0.9896,0.9904,0.9903,0.9894,0.9818,0.9988,0.9993,0.9993,0.9993,0.9993,0,1,1,1,1,1,0,H
13321,Rise Kohyang Elementary,57,0.957,0.9199,0.9651,0.9825,0.9423,0.9526,0.9564,0.956,0.9521,0.8718,0.916,0.9306,0.9361,0.9354,0.9298,0.9358,0.965,0.9715,0.9738,0.9735,0.9711,0,1,1,1,1,1,0.6742,H
13331,Ritter Elementary School,67,0.981,0.9561,0.9904,0.9851,0.976,0.9806,0.9822,0.982,0.9803,0.9226,0.9551,0.9634,0.9663,0.966,0.9628,0.973,0.9924,0.994,0.9945,0.9945,0.9939,0,1,1,1,1,1,0.0082,H
13332,Rivera Elementary School,75,0.9963,0.9913,0.997,0.9867,0.9977,0.9983,0.9985,0.9985,0.9983,0.9743,0.9934,0.9948,0.9953,0.9952,0.9948,0.9828,0.9995,0.9999,0.9999,0.9999,0.9999,0,1,1,1,1,1,0,H
13337,Riverside Drive Charter Elementary School,138,0.959,0.958,0.972,0.8986,0.9651,0.9716,0.9739,0.9737,0.9713,0.9254,0.9573,0.9651,0.9679,0.9676,0.9647,0.9458,0.9724,0.9776,0.9794,0.9792,0.9773,0,1,1,1,1,1,0,H
13339,Riviera Elementary School,114,0.9935,0.9851,0.9965,0.9825,0.9946,0.9958,0.9962,0.9961,0.9958,0.9653,0.9867,0.9893,0.9902,0.9901,0.9892,0.9822,0.9991,0.9995,0.9995,0.9995,0.9995,0,1,1,1,1,1,0,H
13340,Riviera Hall Lutheran,42,0.9783,0.967,0.9888,0.9524,0.98,0.9838,0.9852,0.985,0.9836,0.9385,0.9671,0.9732,0.9754,0.9752,0.9729,0.9706,0.9907,0.9926,0.9932,0.9931,0.9925,0,1,1,1,1,1,0,H
13344,Robbin's Nest Preschool And Kindergarten,,0.9952,0.9918,0.9969,0.9801,0.9976,0.9983,0.9984,0.9984,0.9983,0.975,0.9939,0.9953,0.9957,0.9956,0.9952,0.9827,0.9995,0.9998,0.9998,0.9998,0.9998,1,1,1,1,1,1,0,H
13346,Robert F. Kennedy Elementary School,34,0.9813,0.9783,0.9915,0.9412,0.9869,0.9895,0.9904,0.9903,0.9894,0.955,0.9792,0.9833,0.9847,0.9845,0.983,0.9746,0.9936,0.9951,0.9955,0.9954,0.995,0,1,1,1,1,1,0,H
13353,Robert Hill Lane Elementary School,39,0.9466,0.9232,0.9513,0.9487,0.9355,0.947,0.9512,0.9508,0.9464,0.8756,0.9195,0.9336,0.9388,0.9382,0.9328,0.9159,0.95,0.959,0.9623,0.9619,0.9585,0,1,1,1,1,1,0.958,M
13355,Robinson Academy,67,0.9905,0.9795,0.9943,0.9851,0.9897,0.9918,0.9925,0.9924,0.9917,0.9568,0.9806,0.9843,0.9856,0.9855,0.9841,0.9789,0.9967,0.9975,0.9977,0.9977,0.9975,0,1,1,1,1,1,0,H
13357,Rockdale Visual & Performing Arts Magnet,47,0.9902,0.9877,0.9968,0.9574,0.9958,0.9968,0.9971,0.9971,0.9968,0.9689,0.9894,0.9916,0.9923,0.9922,0.9915,0.9825,0.9993,0.9997,0.9997,0.9997,0.9997,0,1,1,1,1,1,0,H
13371,Rolling Hills Country Day School,36,0.9817,0.973,0.9945,0.9444,0.9868,0.9894,0.9903,0.9902,0.9893,0.9472,0.9735,0.9785,0.9803,0.9801,0.9783,0.9792,0.9969,0.9977,0.9979,0.9979,0.9977,0,1,1,1,1,1,0,H
13379,Ronald E. Mcnair Elementary School,50,0.9833,0.9685,0.9888,0.98,0.9805,0.9843,0.9856,0.9854,0.9841,0.9406,0.9686,0.9745,0.9766,0.9763,0.9741,0.9706,0.9906,0.9926,0.9932,0.9931,0.9925,0,1,1,1,1,1,0,H
13382,Roosevelt Elementary School,122,0.966,0.9446,0.9685,0.9754,0.9567,0.9646,0.9675,0.9672,0.9642,0.9063,0.9428,0.9531,0.9568,0.9563,0.9525,0.9407,0.9687,0.9746,0.9766,0.9763,0.9742,0,1,1,1,1,1,0.1088,H
13405,Rorimer Elementary School,93,0.9903,0.9825,0.9946,0.9785,0.991,0.9929,0.9935,0.9934,0.9928,0.9612,0.9839,0.9871,0.9881,0.988,0.9869,0.9791,0.9969,0.9977,0.9979,0.9979,0.9977,0,1,1,1,1,1,0,H
13406,Rosa Parks Elementary School,60,0.9929,0.9832,0.9965,0.9833,0.9935,0.9949,0.9954,0.9953,0.9949,0.9621,0.9846,0.9876,0.9887,0.9885,0.9875,0.9821,0.999,0.9995,0.9995,0.9995,0.9995,0,1,1,1,1,1,0,H
13407,Rosa Parks Learning Center,101,0.9957,0.9881,0.9967,0.9901,0.9959,0.9969,0.9972,0.9971,0.9969,0.9695,0.9899,0.992,0.9927,0.9926,0.9919,0.9824,0.9993,0.9996,0.9997,0.9997,0.9996,0,1,1,1,1,1,0,H
13408,Roscoe Elementary School,128,0.9707,0.887,0.995,0.9844,0.9615,0.9685,0.971,0.9707,0.9681,0.8261,0.8804,0.9006,0.9082,0.9072,0.8993,0.9799,0.9974,0.9981,0.9983,0.9983,0.9981,0,1,1,1,1,1,0.2638,H
13409,Roscomare Road Elementary School,98,0.9936,0.9855,0.9968,0.9796,0.9954,0.9965,0.9968,0.9967,0.9964,0.9656,0.987,0.9896,0.9905,0.9904,0.9895,0.9825,0.9993,0.9997,0.9997,0.9997,0.9997,0,1,1,1,1,1,0,H
13412,rosecrans elementary,55,0.9889,0.9673,0.9963,0.9818,0.9881,0.9905,0.9913,0.9912,0.9904,0.9387,0.9673,0.9734,0.9756,0.9754,0.9731,0.9817,0.9988,0.9993,0.9993,0.9993,0.9993,0,1,1,1,1,1,5e-04,H
13413,Rosedell Elementary School,99,0.9773,0.9634,0.979,0.9798,0.9719,0.9772,0.9791,0.9789,0.9769,0.9333,0.9631,0.9699,0.9724,0.9721,0.9695,0.956,0.98,0.9839,0.9852,0.985,0.9836,0,1,1,1,1,1,0,H
13423,Rosewood Avenue Elementary School,36,0.9761,0.9635,0.9894,0.9444,0.9786,0.9827,0.9842,0.984,0.9825,0.9334,0.9633,0.97,0.9724,0.9721,0.9696,0.9715,0.9913,0.9932,0.9937,0.9937,0.9931,0,1,1,1,1,1,3e-04,H
13425,rosewood park,53,0.9828,0.9431,0.996,0.9811,0.9796,0.9835,0.9848,0.9847,0.9833,0.904,0.9411,0.9517,0.9556,0.9552,0.9512,0.9813,0.9985,0.999,0.9991,0.9991,0.999,0,1,1,1,1,1,0.0452,H
13431,Round Meadow Elementary School,83,0.9871,0.967,0.996,0.9759,0.987,0.9896,0.9904,0.9903,0.9894,0.9386,0.967,0.9731,0.9753,0.9751,0.9728,0.9815,0.9985,0.999,0.9991,0.9991,0.999,0,1,1,1,1,1,0.0013,H
13434,Rowan Avenue Elementary School,133,0.9765,0.9464,0.9841,0.9925,0.9678,0.9738,0.9759,0.9757,0.9735,0.9089,0.9447,0.9547,0.9583,0.9578,0.9541,0.9635,0.9855,0.9884,0.9894,0.9892,0.9882,0,1,1,1,1,1,0.044,H
13435,Rowland Elementary School,90,0.9857,0.9686,0.9938,0.9778,0.9845,0.9875,0.9886,0.9885,0.9874,0.9409,0.9687,0.9746,0.9767,0.9764,0.9742,0.9781,0.9961,0.997,0.9973,0.9973,0.997,0,1,1,1,1,1,0,H
13438,Rowland Avenue Elementary School,71,0.9676,0.9286,0.9791,0.9859,0.9566,0.9645,0.9674,0.967,0.9641,0.8835,0.9254,0.9386,0.9434,0.9429,0.9379,0.9562,0.9801,0.984,0.9854,0.9852,0.9839,0,1,1,1,1,1,0.2608,H
13439,rowland heights charter academy,17,0.9541,0.9385,0.9815,0.8824,0.962,0.969,0.9716,0.9713,0.9687,0.8975,0.9361,0.9475,0.9517,0.9512,0.9469,0.9596,0.9827,0.9861,0.9873,0.9871,0.9859,0,1,1,1,1,1,0.1353,H
13448,Royal Oaks Elementary School,73,0.9889,0.9577,0.9965,0.9863,0.9871,0.9897,0.9905,0.9904,0.9895,0.9252,0.957,0.9649,0.9678,0.9674,0.9644,0.9821,0.9991,0.9995,0.9995,0.9995,0.9995,0,1,1,1,1,1,0.0095,H
13449,royal oaks steam academy (k-8),55,0.985,0.9584,0.9965,0.9636,0.9869,0.9895,0.9904,0.9903,0.9894,0.9259,0.9578,0.9655,0.9683,0.968,0.9651,0.982,0.999,0.9994,0.9995,0.9995,0.9994,0,1,1,1,1,1,0.0112,H
13453,Russell Elementary School,165,0.9868,0.9771,0.9966,0.9515,0.9924,0.994,0.9945,0.9945,0.994,0.9532,0.978,0.9822,0.9836,0.9835,0.9819,0.9823,0.9992,0.9996,0.9996,0.9996,0.9996,0,1,1,1,1,1,0,H
13458,Sacred Heart Elementary School,38,0.9865,0.9764,0.9968,0.9474,0.993,0.9945,0.9949,0.9949,0.9944,0.9522,0.9772,0.9815,0.983,0.9829,0.9813,0.9825,0.9993,0.9997,0.9997,0.9997,0.9997,0,1,1,1,1,1,0,H
13467,Sahag-Mesrob Armenian Christian School,25,0.9829,0.9783,0.9969,0.92,0.9943,0.9956,0.996,0.9959,0.9955,0.9551,0.9793,0.9833,0.9847,0.9845,0.9831,0.9826,0.9994,0.9998,0.9998,0.9998,0.9998,0,1,1,1,1,1,0,H
13471,Saint Elizabeth,32,0.9784,0.964,0.9855,0.9688,0.9762,0.9807,0.9823,0.9821,0.9805,0.9341,0.9637,0.9704,0.9728,0.9726,0.9701,0.9659,0.9871,0.9897,0.9905,0.9905,0.9896,0,1,1,1,1,1,3e-04,H
13472,Saint Finbar School,21,0.9506,0.9218,0.9605,0.9524,0.9403,0.951,0.9549,0.9544,0.9504,0.8739,0.9181,0.9324,0.9377,0.937,0.9315,0.9292,0.9599,0.9674,0.97,0.9697,0.967,0,1,1,1,1,1,0.7662,H
13474,Saint Francis Xavier School,45,0.9901,0.9882,0.9967,0.9556,0.9961,0.9971,0.9973,0.9973,0.9971,0.9697,0.9901,0.9921,0.9928,0.9927,0.992,0.9825,0.9993,0.9997,0.9997,0.9997,0.9997,0,1,1,1,1,1,0,H
13478,Saint Jude The Apostle,30,0.9718,0.9654,0.9829,0.9333,0.9752,0.9799,0.9815,0.9814,0.9796,0.9362,0.9653,0.9718,0.9741,0.9738,0.9715,0.9619,0.9842,0.9873,0.9884,0.9882,0.9872,0,1,1,1,1,1,0,H
13480,Saint Mark's Elementary School,,0.9725,0.9388,0.9938,0.9466,0.973,0.978,0.9798,0.9796,0.9778,0.8981,0.9365,0.9479,0.9519,0.9514,0.9471,0.978,0.9961,0.9971,0.9973,0.9973,0.997,1,1,1,1,1,1,0.0688,H
13482,Saint Paul the Apostle School,48,0.979,0.9706,0.9853,0.9583,0.9796,0.9835,0.9849,0.9847,0.9833,0.9438,0.9709,0.9764,0.9783,0.9781,0.9761,0.9655,0.9869,0.9895,0.9904,0.9903,0.9894,0,1,1,1,1,1,0,H
13487,Saint Thomas Aquinas,20,0.9154,0.8392,0.944,0.95,0.8915,0.9098,0.9167,0.9159,0.9088,0.7626,0.8296,0.8565,0.8671,0.8661,0.8553,0.9055,0.9421,0.9526,0.9564,0.956,0.952,0,1,1,1,1,1,0.989,M
13488,Saint Thomas The Apostle,27,0.9196,0.8488,0.9407,0.963,0.8943,0.9122,0.9189,0.9182,0.9112,0.7756,0.8396,0.8653,0.8753,0.874,0.8638,0.9007,0.9385,0.9495,0.9536,0.9532,0.949,0,1,1,1,1,1,0.9952,M
13489,Saints Felicitas And Perpetua School,27,0.9324,0.8969,0.9341,0.963,0.9122,0.9274,0.9331,0.9324,0.9265,0.8394,0.8911,0.9096,0.9167,0.9158,0.9086,0.8912,0.9315,0.9436,0.9481,0.9478,0.9432,0,1,1,1,1,1,1,M
13492,Salem Lutheran School,12,0.9983,0.9916,0.9969,1,0.9974,0.9981,0.9983,0.9982,0.9981,0.9747,0.9937,0.995,0.9955,0.9954,0.995,0.9826,0.9994,0.9998,0.9998,0.9998,0.9998,0,1,1,1,1,1,0,H
13493,Sally Ride Elementary: A Smart Academy,80,0.9885,0.9932,0.997,0.9375,0.9982,0.9988,0.9989,0.9989,0.9988,0.9771,0.9954,0.9965,0.9968,0.9968,0.9964,0.9828,0.9995,0.9999,0.9999,0.9999,0.9999,0,1,1,1,1,1,0,H
13502,Samuel A. Fryer Yavneh Hebrew,41,0.917,0.8597,0.9321,0.9512,0.8934,0.9114,0.9182,0.9175,0.9104,0.7897,0.851,0.8754,0.8847,0.8836,0.874,0.8888,0.9292,0.9417,0.9463,0.9458,0.941,0,1,1,1,1,1,0.9985,M
13506,San Antonio Elementary School,61,0.983,0.9716,0.9842,0.9836,0.9792,0.9832,0.9846,0.9844,0.983,0.9452,0.972,0.9773,0.9792,0.979,0.977,0.9639,0.9857,0.9886,0.9895,0.9894,0.9884,0,1,1,1,1,1,0,H
13515,San Fernando Elementary School,102,0.9712,0.9393,0.9788,0.9902,0.9607,0.9679,0.9705,0.9702,0.9675,0.8988,0.9369,0.9482,0.9523,0.9519,0.9476,0.9556,0.9797,0.9837,0.985,0.9849,0.9835,0,1,1,1,1,1,0.1375,H
13534,San Gabriel Academy,21,0.9714,0.9549,0.9821,0.9524,0.9701,0.9757,0.9777,0.9775,0.9754,0.9209,0.9539,0.9624,0.9654,0.9651,0.9619,0.9607,0.9834,0.9866,0.9877,0.9876,0.9865,0,1,1,1,1,1,0.0055,H
13536,San Gabriel Avenue Elementary School,109,0.9976,0.9938,0.997,0.9908,0.9985,0.999,0.9991,0.9991,0.999,0.9781,0.9962,0.9971,0.9974,0.9973,0.9971,0.9829,0.9996,0.9999,0.9999,0.9999,0.9999,0,1,1,1,1,1,0,H
13537,San Gabriel Christian,24,0.9594,0.9696,0.9887,0.8333,0.9812,0.9849,0.9861,0.986,0.9847,0.9424,0.9698,0.9755,0.9774,0.9772,0.9752,0.9704,0.9905,0.9925,0.9931,0.993,0.9924,0,1,1,1,1,1,0,H
13538,San Gabriel Mission Elementary School,22,0.9902,0.9882,0.9969,0.9545,0.9965,0.9974,0.9976,0.9976,0.9974,0.9696,0.99,0.9921,0.9927,0.9926,0.9919,0.9827,0.9994,0.9998,0.9998,0.9998,0.9998,0,1,1,1,1,1,0,H
13543,San Jose Elementary School,82,0.8883,0.9057,0.9326,0.6829,0.9158,0.9304,0.9359,0.9353,0.9296,0.8514,0.9006,0.9177,0.9241,0.9233,0.9167,0.889,0.9297,0.9422,0.9468,0.9463,0.9415,0,1,1,1,1,1,1,L
13544,San Jose Charter Academy,162,0.9764,0.947,0.9862,0.9877,0.9688,0.9746,0.9767,0.9765,0.9743,0.9097,0.9453,0.9552,0.9588,0.9584,0.9547,0.9666,0.9878,0.9903,0.9911,0.991,0.9902,0,1,1,1,1,1,0.043,H
13550,San Jose Street Elementary School,145,0.9774,0.9425,0.9887,0.9931,0.9689,0.9747,0.9768,0.9765,0.9744,0.9029,0.9405,0.9511,0.955,0.9545,0.9505,0.9704,0.9905,0.9925,0.9931,0.993,0.9924,0,1,1,1,1,1,0.068,H
13555,San Marino Montessori,20,0.8878,0.8597,0.923,0.8,0.8877,0.9066,0.9138,0.9129,0.9055,0.7894,0.8511,0.8755,0.8848,0.8837,0.8742,0.8758,0.9194,0.9335,0.9387,0.9382,0.9328,0,1,1,1,1,1,1,L
13557,San Miguel Elementary School,157,0.9249,0.8637,0.9335,0.9873,0.896,0.9137,0.9204,0.9196,0.9127,0.7951,0.8555,0.879,0.888,0.887,0.8777,0.8908,0.9307,0.9429,0.9474,0.947,0.9423,0,1,1,1,1,1,0.9998,M
13558,San Miguel Catholic School,36,0.976,0.9704,0.9845,0.9444,0.9786,0.9827,0.9841,0.984,0.9825,0.9432,0.9707,0.9761,0.9781,0.9779,0.9758,0.9642,0.986,0.9888,0.9897,0.9896,0.9886,0,1,1,1,1,1,0,H
13559,San Pascual Elementary Science Technology Engineering Arts And Mathematics (STEAM) Magnet,55,0.9724,0.9377,0.9848,0.9818,0.9644,0.971,0.9734,0.9731,0.9707,0.8965,0.9353,0.9468,0.9511,0.9506,0.9462,0.9645,0.9864,0.989,0.9899,0.9898,0.9889,0,1,1,1,1,1,0.1158,H
13566,San Pedro Street Elementary School,54,0.973,0.9385,0.9863,0.9815,0.9654,0.9718,0.9741,0.9738,0.9714,0.8971,0.9362,0.9475,0.9518,0.9513,0.947,0.967,0.9879,0.9904,0.9913,0.9912,0.9903,0,1,1,1,1,1,0.113,H
13569,San Rafael Elementary School,68,0.9891,0.9785,0.9923,0.9853,0.9876,0.9901,0.991,0.9909,0.99,0.9555,0.9795,0.9834,0.9848,0.9846,0.9832,0.9759,0.9945,0.9957,0.9961,0.9961,0.9957,0,1,1,1,1,1,0,H
13571,Sanchez (George I.) Elementary School,30,0.9651,0.9544,0.9758,0.9333,0.9655,0.9719,0.9742,0.974,0.9716,0.9202,0.9532,0.9618,0.9649,0.9646,0.9614,0.9513,0.9765,0.981,0.9825,0.9823,0.9807,0,1,1,1,1,1,0.0055,H
13580,Santa Clarita Elementary School,64,0.9543,0.9233,0.9553,0.9844,0.938,0.9491,0.9532,0.9527,0.9485,0.8761,0.9196,0.9338,0.939,0.9384,0.933,0.9215,0.9543,0.9627,0.9657,0.9653,0.9622,0,1,1,1,1,1,0.8895,H
13581,Santa Clarita Christian,39,0.9894,0.989,0.9969,0.9487,0.9967,0.9976,0.9978,0.9978,0.9976,0.9709,0.9909,0.9928,0.9934,0.9934,0.9927,0.9827,0.9994,0.9998,0.9998,0.9998,0.9998,0,1,1,1,1,1,0,H
13588,Santa Clarita Valley International,68,0.9009,0.807,0.9484,0.9118,0.8803,0.9001,0.9076,0.9068,0.899,0.7212,0.7946,0.826,0.8382,0.8369,0.8244,0.9121,0.9469,0.9564,0.9599,0.9595,0.9558,0,1,1,1,1,1,0.9775,M
13595,Santa Fe Springs Christian School,20,0.9724,0.8893,0.9964,0.95,0.9722,0.9773,0.9791,0.9789,0.977,0.829,0.883,0.9029,0.9104,0.9095,0.9017,0.9819,0.9989,0.9994,0.9994,0.9994,0.9993,0,1,1,1,1,1,0.1665,H
13597,Santa Isabel School,28,0.9465,0.8982,0.9761,0.9286,0.9402,0.9509,0.9548,0.9543,0.9503,0.8416,0.8924,0.9107,0.9177,0.9168,0.9097,0.952,0.9769,0.9813,0.9828,0.9826,0.981,0,1,1,1,1,1,0.6238,M
13600,Santa Monica Alternative (K-8) School,22,0.9823,0.9746,0.9914,0.9545,0.9851,0.9881,0.9891,0.9889,0.9879,0.9495,0.9753,0.98,0.9816,0.9814,0.9797,0.9744,0.9935,0.9949,0.9953,0.9953,0.9948,0,1,1,1,1,1,0,H
13602,Santa Monica Boulevard Community Charter School,153,0.9843,0.9821,0.995,0.9412,0.9912,0.993,0.9936,0.9936,0.993,0.9606,0.9834,0.9866,0.9877,0.9876,0.9865,0.9799,0.9975,0.9982,0.9983,0.9983,0.9981,0,1,1,1,1,1,0,H
13612,Santa Rosa / Bishop Alemany,31,0.974,0.963,0.988,0.9355,0.9777,0.982,0.9835,0.9833,0.9818,0.9326,0.9627,0.9696,0.972,0.9718,0.9692,0.9694,0.9898,0.9919,0.9926,0.9925,0.9918,0,1,1,1,1,1,0,H
13614,Santa Teresita School,,0.9941,0.989,0.9968,0.9785,0.9964,0.9973,0.9976,0.9975,0.9973,0.9708,0.9908,0.9928,0.9934,0.9933,0.9927,0.9826,0.9994,0.9998,0.9998,0.9998,0.9998,1,1,1,1,1,1,0,H
13617,Sara Coughlin Elementary School,101,0.9703,0.9408,0.9886,0.9505,0.9689,0.9747,0.9767,0.9765,0.9744,0.9003,0.9384,0.9495,0.9535,0.9531,0.9488,0.9702,0.9904,0.9924,0.993,0.9929,0.9923,0,1,1,1,1,1,0.0823,H
13619,Saticoy Elementary School,88,0.9522,0.9158,0.9636,0.9659,0.9394,0.9502,0.9542,0.9538,0.9496,0.8653,0.9115,0.9269,0.9326,0.932,0.926,0.9335,0.9633,0.9701,0.9726,0.9723,0.9698,0,1,1,1,1,1,0.7472,H
13623,Saturn Street Elementary School,65,0.9661,0.9716,0.9863,0.8769,0.9805,0.9842,0.9856,0.9854,0.9841,0.9452,0.972,0.9772,0.9791,0.9789,0.9769,0.9669,0.988,0.9904,0.9912,0.9911,0.9902,0,1,1,1,1,1,0,H
13627,Savannah Elementary School,66,0.9875,0.9607,0.9962,0.9848,0.9854,0.9883,0.9893,0.9892,0.9882,0.9293,0.9601,0.9675,0.9701,0.9698,0.9671,0.9816,0.9987,0.9992,0.9993,0.9993,0.9992,0,1,1,1,1,1,0.0058,H
13630,scale leadership academy,40,0.8774,0.8349,0.9294,0.775,0.8791,0.8993,0.9069,0.906,0.8981,0.7573,0.8245,0.8523,0.863,0.8618,0.8507,0.8843,0.9264,0.9394,0.9442,0.9435,0.9384,0,1,1,1,1,1,0.9988,L
13633,Scholars Preparatory School,22,0.9824,0.9752,0.991,0.9545,0.9853,0.9882,0.9892,0.9891,0.9881,0.9506,0.9759,0.9805,0.9821,0.982,0.9803,0.9739,0.9931,0.9946,0.9951,0.995,0.9945,0,1,1,1,1,1,0,H
13634,Scholarship Prep - South Bay,70,0.9662,0.9564,0.9728,0.9429,0.9649,0.9714,0.9737,0.9735,0.971,0.9232,0.9556,0.9637,0.9666,0.9662,0.9632,0.947,0.9733,0.9784,0.9802,0.98,0.9781,0,1,1,1,1,1,3e-04,H
13642,Scott Avenue Elementary School,64,0.9553,0.9306,0.9579,0.9688,0.9431,0.9534,0.9571,0.9567,0.9528,0.8863,0.9276,0.9404,0.9451,0.9446,0.9396,0.9253,0.9572,0.965,0.9679,0.9676,0.9646,0,1,1,1,1,1,0.763,H
13652,Seaside Elementary School,115,0.9971,0.9917,0.9969,0.9913,0.9977,0.9983,0.9985,0.9985,0.9983,0.975,0.9938,0.9952,0.9956,0.9956,0.9951,0.9827,0.9995,0.9998,0.9999,0.9999,0.9998,0,1,1,1,1,1,0,H
13657,Second Street Elementary School,45,0.9886,0.984,0.9967,0.9556,0.9941,0.9954,0.9958,0.9957,0.9953,0.9635,0.9854,0.9883,0.9893,0.9892,0.9882,0.9823,0.9992,0.9996,0.9996,0.9996,0.9996,0,1,1,1,1,1,0,H
13672,Sellers Elementary School,97,0.9813,0.9671,0.9852,0.9794,0.9778,0.982,0.9835,0.9833,0.9818,0.9387,0.9671,0.9733,0.9755,0.9752,0.973,0.9652,0.9868,0.9895,0.9903,0.9902,0.9893,0,1,1,1,1,1,0,H
13675,selma avenue elementary,29,0.9469,0.8762,0.9843,0.931,0.9403,0.9509,0.9548,0.9543,0.9503,0.8117,0.8689,0.8907,0.8989,0.898,0.8895,0.9639,0.9857,0.9886,0.9896,0.9895,0.9885,0,1,1,1,1,1,0.5375,M
13684,Sequoyah School,29,0.9832,0.9741,0.9897,0.9655,0.9838,0.987,0.9881,0.988,0.9868,0.9488,0.9747,0.9796,0.9813,0.9811,0.9793,0.9718,0.9916,0.9934,0.994,0.9939,0.9933,0,1,1,1,1,1,0,H
13695,Serrania Avenue Charter For Enriched Studies,108,0.9884,0.9771,0.9899,0.9907,0.9853,0.9882,0.9892,0.9891,0.9881,0.9533,0.978,0.9822,0.9836,0.9835,0.982,0.9721,0.9918,0.9936,0.9941,0.994,0.9935,0,1,1,1,1,1,0,H
13698,"Seton, Inc.",95,0.9794,0.964,0.9831,0.9789,0.9751,0.9798,0.9815,0.9813,0.9796,0.9342,0.9637,0.9705,0.9729,0.9726,0.9702,0.9623,0.9845,0.9876,0.9886,0.9885,0.9874,0,1,1,1,1,1,0,H
13699,Seven Arrows Elementary School,25,0.9903,0.9872,0.9967,0.96,0.9954,0.9965,0.9968,0.9968,0.9965,0.9684,0.9889,0.9912,0.9919,0.9918,0.9911,0.9823,0.9992,0.9996,0.9996,0.9996,0.9996,0,1,1,1,1,1,0,H
13700,Seventh Street Elementary School,85,0.8974,0.8443,0.8904,0.9765,0.8601,0.8831,0.8918,0.8908,0.8818,0.7692,0.8344,0.8609,0.8711,0.8699,0.8594,0.8306,0.8843,0.9038,0.9111,0.9101,0.9026,0,1,1,1,1,1,1,L
13701,Seventy-Fifth Street Elementary School,102,0.996,0.9896,0.9967,0.9902,0.9963,0.9972,0.9975,0.9974,0.9972,0.9718,0.9916,0.9934,0.9939,0.9938,0.9933,0.9824,0.9992,0.9996,0.9997,0.9997,0.9996,0,1,1,1,1,1,0,H
13702,Seventy-Fourth Street Elementary School,86,0.9598,0.9416,0.9744,0.9302,0.9587,0.9663,0.9691,0.9687,0.9659,0.9019,0.9394,0.9502,0.9542,0.9537,0.9496,0.9494,0.975,0.9798,0.9814,0.9812,0.9795,0,1,1,1,1,1,0.1373,H
13713,Sharp Avenue Elementary School,97,0.9734,0.9636,0.9819,0.9485,0.9738,0.9788,0.9805,0.9803,0.9785,0.9337,0.9634,0.9702,0.9726,0.9723,0.9698,0.9604,0.9832,0.9865,0.9876,0.9874,0.9863,0,1,1,1,1,1,0,H
13719,Shelyn Elementary School,97,0.9837,0.968,0.9901,0.9794,0.9812,0.9849,0.9861,0.986,0.9847,0.94,0.9682,0.9741,0.9762,0.976,0.9738,0.9726,0.9921,0.9938,0.9943,0.9942,0.9937,0,1,1,1,1,1,0,H
13722,Shenandoah Street Elementary School,84,0.9807,0.9619,0.9884,0.9762,0.9776,0.9819,0.9834,0.9832,0.9817,0.9312,0.9615,0.9687,0.9712,0.9709,0.9683,0.97,0.9902,0.9923,0.9929,0.9928,0.9922,0,1,1,1,1,1,3e-04,H
13727,Shepherd of the Valley Lutheran School,10,0.9932,0.9815,0.9937,1,0.9899,0.992,0.9927,0.9926,0.9919,0.9597,0.9828,0.9861,0.9873,0.9872,0.986,0.9778,0.9959,0.9969,0.9972,0.9972,0.9969,0,1,1,1,1,1,0,H
13729,Sheridan Street Elementary School,109,0.9736,0.9529,0.9742,0.9908,0.964,0.9707,0.9731,0.9728,0.9703,0.9181,0.9518,0.9606,0.9637,0.9633,0.96,0.9491,0.9749,0.9797,0.9814,0.9812,0.9794,0,1,1,1,1,1,0.007,H
13734,Sherman Oaks Elementary Charter School,90,0.9644,0.9364,0.975,0.9667,0.9566,0.9646,0.9674,0.9671,0.9641,0.8948,0.9339,0.9457,0.9501,0.9496,0.9451,0.9501,0.9757,0.9804,0.982,0.9818,0.9801,0,1,1,1,1,1,0.2128,H
13748,Shirley Avenue Elementary School,92,0.9921,0.9757,0.9968,0.9783,0.9936,0.995,0.9954,0.9954,0.995,0.9511,0.9765,0.9809,0.9825,0.9824,0.9807,0.9825,0.9994,0.9997,0.9997,0.9997,0.9997,0,1,1,1,1,1,5e-04,H
13749,Shirpser Elementary School,80,0.9236,0.8856,0.9176,0.975,0.897,0.9146,0.9212,0.9204,0.9136,0.8241,0.8791,0.8993,0.907,0.9061,0.8982,0.8681,0.9135,0.9286,0.9341,0.9335,0.9277,0,1,1,1,1,1,1,M
13754,Short Avenue Elementary School,114,0.9018,0.8649,0.901,0.9298,0.877,0.8976,0.9053,0.9045,0.8964,0.7966,0.8567,0.8802,0.8891,0.8881,0.8789,0.8449,0.8956,0.9135,0.9202,0.9194,0.9124,0,1,1,1,1,1,1,M
13758,Sierra Elementary School,148,0.9818,0.9686,0.9799,0.9932,0.9752,0.9799,0.9816,0.9814,0.9796,0.9408,0.9687,0.9746,0.9767,0.9764,0.9742,0.9576,0.9811,0.9847,0.986,0.9859,0.9846,0,1,1,1,1,1,0,H
13763,Sierra Canyon School,64,0.9855,0.9713,0.9899,0.9844,0.9827,0.986,0.9872,0.9871,0.9859,0.9446,0.9717,0.977,0.9789,0.9787,0.9768,0.9721,0.9918,0.9936,0.9941,0.9941,0.9935,0,1,1,1,1,1,0,H
13768,Sierra Madre Elementary School,91,0.9482,0.8198,0.9911,0.978,0.9313,0.9431,0.9475,0.947,0.9425,0.7383,0.8085,0.8382,0.8497,0.8485,0.8368,0.974,0.9932,0.9947,0.9951,0.9951,0.9946,0,1,1,1,1,1,0.5688,M
13774,Sierra Park Elementary School,44,0.9641,0.9404,0.9768,0.9545,0.959,0.9665,0.9693,0.9689,0.9661,0.9,0.9381,0.9492,0.9532,0.9527,0.9485,0.9529,0.9777,0.9819,0.9834,0.9833,0.9817,0,1,1,1,1,1,0.1622,H
13776,Sierra Vista Elementary School,40,0.9799,0.9714,0.9901,0.95,0.9828,0.9861,0.9873,0.9872,0.986,0.945,0.9718,0.9771,0.979,0.9788,0.9768,0.9726,0.9921,0.9938,0.9943,0.9942,0.9937,0,1,1,1,1,1,0,H
13784,Signal Hill Elementary School,127,0.9906,0.966,0.9963,0.9921,0.9881,0.9905,0.9913,0.9912,0.9904,0.9372,0.966,0.9724,0.9746,0.9743,0.9719,0.9818,0.9988,0.9993,0.9993,0.9993,0.9993,0,1,1,1,1,1,8e-04,H
13788,Silver Spur Elementary School,96,0.9467,0.9028,0.9561,0.9792,0.9284,0.9411,0.9457,0.9452,0.9404,0.8477,0.8976,0.9151,0.9216,0.9209,0.9141,0.9225,0.9551,0.9633,0.9663,0.966,0.9629,0,1,1,1,1,1,0.9272,M
13796,Sinai Akiba Academy,43,0.9324,0.8185,0.9828,0.9302,0.9201,0.9338,0.9389,0.9383,0.933,0.7361,0.8067,0.8371,0.8489,0.8473,0.8352,0.962,0.9842,0.9873,0.9884,0.9882,0.9871,0,1,1,1,1,1,0.695,M
13798,Sinwa Education Center,,0.9533,0.9302,0.9725,0.9188,0.9522,0.9609,0.964,0.9637,0.9604,0.8857,0.9271,0.94,0.9449,0.9444,0.9395,0.9466,0.973,0.9781,0.9799,0.9797,0.9778,1,1,1,1,1,1,0.354,H
13803,Sixth Avenue Elementary School,81,0.978,0.9711,0.9967,0.9012,0.9918,0.9936,0.9941,0.994,0.9935,0.9444,0.9715,0.9769,0.9788,0.9785,0.9765,0.9824,0.9992,0.9996,0.9996,0.9996,0.9996,0,1,1,1,1,1,0.0018,H
13804,Sixty-First Street Elementary School,146,0.8397,0.709,0.8869,0.9178,0.7951,0.8261,0.8382,0.8368,0.8243,0.6042,0.6906,0.7326,0.7493,0.7473,0.73,0.8258,0.8803,0.9005,0.908,0.9071,0.8992,0,1,1,1,1,1,1,L
13805,Sixty-Sixth Street Elementary School,109,0.9642,0.8907,0.9907,0.9908,0.9507,0.9595,0.9627,0.9624,0.959,0.8325,0.8847,0.904,0.9114,0.9105,0.9029,0.9733,0.9927,0.9943,0.9948,0.9947,0.9942,0,1,1,1,1,1,0.4115,H
13806,Skyblue Mesa Elementary School,96,0.9941,0.9894,0.9967,0.9792,0.9963,0.9972,0.9975,0.9974,0.9972,0.9716,0.9913,0.9931,0.9937,0.9937,0.9931,0.9824,0.9993,0.9996,0.9997,0.9997,0.9996,0,1,1,1,1,1,0,H
13834,smartstart developmental learning center,,0.9948,0.9904,0.9969,0.9796,0.9972,0.998,0.9981,0.9981,0.9979,0.9729,0.9923,0.994,0.9945,0.9944,0.9939,0.9827,0.9995,0.9998,0.9998,0.9998,0.9998,1,1,1,1,1,1,0,H
13845,Solano Avenue Elementary School,27,0.9781,0.9553,0.9914,0.963,0.9772,0.9815,0.983,0.9829,0.9813,0.9219,0.9545,0.9627,0.9657,0.9654,0.9622,0.9745,0.9934,0.9949,0.9953,0.9952,0.9948,0,1,1,1,1,1,0.0073,H
13846,Soleado Elementary School,66,0.9907,0.9815,0.9967,0.9697,0.9936,0.995,0.9954,0.9954,0.9949,0.9599,0.9828,0.9862,0.9874,0.9872,0.986,0.9823,0.9992,0.9996,0.9996,0.9996,0.9996,0,1,1,1,1,1,0,H
13849,Soleil Academy Charter,45,0.8935,0.8106,0.9158,0.9556,0.8597,0.8826,0.8914,0.8903,0.8813,0.7261,0.7985,0.8296,0.8415,0.8401,0.8275,0.8658,0.9117,0.927,0.9326,0.9318,0.9259,0,1,1,1,1,1,1,L
13855,Sonrise Christian School,50,0.9515,0.932,0.9871,0.86,0.9636,0.9703,0.9727,0.9724,0.9699,0.8882,0.9291,0.9416,0.9462,0.9457,0.9408,0.9683,0.9889,0.9911,0.9918,0.9917,0.9909,0,1,1,1,1,1,0.1655,H
13872,Sophia T. Salvin Special Education Center,17,0.9326,0.9451,0.9723,0.7647,0.9593,0.9667,0.9694,0.9691,0.9663,0.9068,0.9433,0.9535,0.9572,0.9568,0.9529,0.9462,0.9727,0.9779,0.9797,0.9795,0.9776,0,1,1,1,1,1,0.0843,M
13873,Soto Street Elementary School,27,0.9874,0.9709,0.9965,0.963,0.9905,0.9924,0.9931,0.993,0.9923,0.9442,0.9713,0.9767,0.9786,0.9784,0.9764,0.9821,0.9991,0.9995,0.9995,0.9995,0.9995,0,1,1,1,1,1,0.001,H
13890,South Bay Faith Academy,11,0.9787,0.9729,0.9965,0.9091,0.9909,0.9928,0.9934,0.9933,0.9927,0.947,0.9734,0.9785,0.9803,0.9801,0.9782,0.9821,0.999,0.9994,0.9995,0.9995,0.9994,0,1,1,1,1,1,3e-04,H
13905,South Hills Academy,25,0.9554,0.9035,0.9813,0.96,0.9454,0.9552,0.9588,0.9584,0.9546,0.849,0.8985,0.9157,0.922,0.9211,0.9144,0.9595,0.9825,0.9859,0.9871,0.987,0.9858,0,1,1,1,1,1,0.5202,H
13906,South Park Elementary School,183,0.9672,0.9444,0.985,0.9399,0.9669,0.9731,0.9753,0.975,0.9727,0.9059,0.9425,0.9529,0.9567,0.9562,0.9523,0.9652,0.9865,0.9892,0.9901,0.99,0.9891,0,1,1,1,1,1,0.0705,H
13911,South Ranchito Elementary School,124,0.9575,0.9167,0.9621,1,0.9389,0.9498,0.9538,0.9533,0.9492,0.8669,0.9126,0.9278,0.9335,0.9328,0.927,0.9313,0.9618,0.9688,0.9713,0.971,0.9684,0,1,1,1,1,1,0.7735,H
13912,south ranchito dual language academy,77,0.9689,0.9414,0.9782,0.974,0.9612,0.9684,0.9709,0.9707,0.968,0.9015,0.9393,0.9501,0.9541,0.9536,0.9494,0.9549,0.9792,0.9832,0.9846,0.9844,0.983,0,1,1,1,1,1,0.1155,H
13930,Southland Christian Academy,30,0.9745,0.9618,0.9908,0.9333,0.979,0.983,0.9844,0.9843,0.9828,0.9307,0.9614,0.9685,0.9711,0.9708,0.9682,0.9737,0.9929,0.9944,0.9949,0.9948,0.9943,0,1,1,1,1,1,8e-04,H
13931,Southlands Christian Schools,44,0.976,0.9684,0.996,0.9091,0.987,0.9896,0.9905,0.9904,0.9895,0.9406,0.9685,0.9745,0.9766,0.9763,0.9741,0.9814,0.9985,0.999,0.9991,0.9991,0.999,0,1,1,1,1,1,3e-04,H
13943,Sparks Elementary School,85,0.9837,0.955,0.9957,0.9765,0.9819,0.9854,0.9866,0.9865,0.9852,0.9212,0.9541,0.9624,0.9654,0.965,0.9618,0.9809,0.9982,0.9987,0.9989,0.9988,0.9987,0,1,1,1,1,1,0.0138,H
13968,St. Agnes Parish School,22,0.9802,0.9576,0.9949,0.9545,0.9821,0.9856,0.9868,0.9866,0.9854,0.9246,0.9568,0.9647,0.9676,0.9673,0.9643,0.9797,0.9973,0.9981,0.9983,0.9982,0.9981,0,1,1,1,1,1,0.007,H
13971,St Albert The Great Middle School,,0.9901,0.9766,0.9967,0.9726,0.9921,0.9938,0.9943,0.9942,0.9937,0.9526,0.9774,0.9817,0.9832,0.9831,0.9815,0.9823,0.9992,0.9996,0.9996,0.9996,0.9996,1,1,1,1,1,1,0,H
13975,St Alphonsus Elementary,,0.9736,0.9499,0.9916,0.9483,0.9742,0.9791,0.9808,0.9806,0.9788,0.9134,0.9484,0.9578,0.9612,0.9608,0.9573,0.9748,0.9937,0.9951,0.9955,0.9955,0.995,1,1,1,1,1,1,0.0265,H
13977,St. Anastasia Catholic School,,0.8011,0.7721,0.8276,0.7144,0.7884,0.8206,0.8331,0.8316,0.8187,0.6781,0.7573,0.7931,0.8072,0.8057,0.7911,0.7481,0.8169,0.8455,0.8567,0.8556,0.8441,1,1,1,1,1,1,1,L
13978,St. Andrew Elementary School,34,0.9374,0.9015,0.95,0.9412,0.9243,0.9376,0.9425,0.9419,0.9368,0.8461,0.896,0.9138,0.9204,0.9197,0.9128,0.9141,0.9485,0.9579,0.9613,0.9609,0.9574,0,1,1,1,1,1,0.975,M
13981,St. Anne Elementary School,21,0.9858,0.9743,0.9965,0.9524,0.9908,0.9927,0.9933,0.9932,0.9926,0.9491,0.9749,0.9797,0.9813,0.9811,0.9794,0.982,0.999,0.9994,0.9995,0.9995,0.9994,0,1,1,1,1,1,0,H
13984,St. Anthony Elementary School,22,0.9811,0.9621,0.9956,0.9545,0.9834,0.9867,0.9878,0.9876,0.9865,0.9314,0.9617,0.9688,0.9714,0.9711,0.9685,0.9808,0.998,0.9986,0.9988,0.9987,0.9986,0,1,1,1,1,1,0.0022,H
13988,St. Anthony Of Padua,28,0.9892,0.9725,0.9968,0.9643,0.9927,0.9943,0.9948,0.9947,0.9942,0.9467,0.973,0.9782,0.98,0.9799,0.978,0.9825,0.9993,0.9997,0.9997,0.9997,0.9997,0,1,1,1,1,1,0.0018,H
13994,St. Athanasius Elementary School,21,0.9788,0.9604,0.9935,0.9524,0.9806,0.9844,0.9857,0.9855,0.9842,0.9291,0.9598,0.9672,0.9698,0.9695,0.9668,0.9777,0.9958,0.9968,0.9971,0.9971,0.9968,0,1,1,1,1,1,0.0015,H
13997,St. Augustine School (SAS),22,0.9633,0.9425,0.9719,0.9545,0.9579,0.9656,0.9684,0.9681,0.9652,0.9031,0.9405,0.9512,0.9551,0.9547,0.9506,0.9457,0.9723,0.9776,0.9794,0.9792,0.9773,0,1,1,1,1,1,0.129,H
13998,St. Barnabas Elementary School,31,0.9671,0.9345,0.9906,0.9355,0.9679,0.9738,0.976,0.9757,0.9735,0.8917,0.9317,0.9438,0.9482,0.9477,0.9431,0.9734,0.9927,0.9943,0.9947,0.9947,0.9942,0,1,1,1,1,1,0.112,H
13999,St Bede the Venerable Elementary,42,0.9202,0.8631,0.9355,0.9524,0.8975,0.915,0.9215,0.9208,0.914,0.7944,0.8548,0.8785,0.8875,0.8867,0.8774,0.8932,0.9329,0.9449,0.9492,0.9486,0.944,0,1,1,1,1,1,0.9988,M
14001,St. Benedict Elementary School,57,0.9419,0.9577,0.9939,0.7368,0.9792,0.9832,0.9846,0.9844,0.983,0.925,0.9569,0.9648,0.9677,0.9673,0.9643,0.9783,0.9963,0.9972,0.9974,0.9974,0.9971,0,1,1,1,1,1,0.0063,M
14003,St. Bernard Elementary School,30,0.9339,0.9648,0.9954,0.6667,0.9846,0.9876,0.9887,0.9886,0.9875,0.9351,0.9647,0.9712,0.9735,0.9732,0.9708,0.9804,0.9978,0.9985,0.9986,0.9986,0.9985,0,1,1,1,1,1,0.0013,M
14006,St. Bernardine Of Siena Elementary School,26,0.9796,0.9525,0.9841,1,0.9704,0.976,0.978,0.9777,0.9757,0.9176,0.9513,0.9602,0.9635,0.9631,0.9598,0.9636,0.9856,0.9884,0.9894,0.9893,0.9883,0,1,1,1,1,1,0.0122,H
14008,St. Brendan,30,0.9645,0.9454,0.9818,0.9333,0.9647,0.9712,0.9736,0.9733,0.9709,0.9072,0.9436,0.9537,0.9574,0.957,0.9531,0.9601,0.9831,0.9864,0.9875,0.9874,0.9862,0,1,1,1,1,1,0.063,H
14009,St. Bridget of Sweden Elementary School,11,0.9698,0.9325,0.9763,1,0.9563,0.9643,0.9672,0.9669,0.9639,0.8892,0.9297,0.9421,0.9468,0.9464,0.9417,0.9521,0.9771,0.9814,0.983,0.9829,0.9813,0,1,1,1,1,1,0.2475,H
14011,St. Bruno Parish School,30,0.9698,0.9459,0.9909,0.9333,0.9723,0.9775,0.9794,0.9792,0.9772,0.9085,0.9441,0.9542,0.9579,0.9575,0.9537,0.9737,0.993,0.9945,0.9949,0.9949,0.9944,0,1,1,1,1,1,0.0525,H
14013,St. Catherine Laboure Elementary School,39,0.9824,0.9618,0.9962,0.9487,0.9867,0.9893,0.9902,0.9901,0.9892,0.9309,0.9614,0.9685,0.971,0.9707,0.968,0.9817,0.9988,0.9992,0.9993,0.9993,0.9992,0,1,1,1,1,1,0.0032,H
14014,St. Catherine Of Siena School,22,0.946,0.9373,0.9714,0.8636,0.9548,0.9631,0.9661,0.9657,0.9626,0.8958,0.9349,0.9465,0.9508,0.9503,0.9459,0.945,0.9718,0.9771,0.979,0.9788,0.9768,0,1,1,1,1,1,0.2462,M
14015,St. Cecilia Elementary School,27,0.9726,0.9699,0.9957,0.8889,0.9869,0.9895,0.9904,0.9903,0.9894,0.9427,0.9702,0.9758,0.9778,0.9775,0.9755,0.9809,0.9981,0.9987,0.9988,0.9988,0.9987,0,1,1,1,1,1,0,H
14016,St. Charles Borromeo,38,0.9538,0.9175,0.9723,0.9474,0.946,0.9557,0.9593,0.9589,0.9552,0.8678,0.9133,0.9283,0.9339,0.9332,0.9275,0.9463,0.9727,0.9779,0.9797,0.9795,0.9776,0,1,1,1,1,1,0.536,H
14018,St. Christopher Parish School,21,0.9709,0.9487,0.9859,0.9524,0.9694,0.9751,0.9771,0.9769,0.9748,0.912,0.9472,0.9567,0.9601,0.9597,0.9561,0.9665,0.9874,0.99,0.9908,0.9907,0.9898,0,1,1,1,1,1,0.0322,H
14020,St. Columbkille Elementary School,20,0.9514,0.9584,0.9918,0.8,0.9777,0.982,0.9835,0.9833,0.9818,0.9261,0.9577,0.9654,0.9683,0.968,0.9651,0.9751,0.9939,0.9953,0.9957,0.9956,0.9952,0,1,1,1,1,1,0.0027,H
14021,St Cornelius Elementary,30,0.9834,0.9741,0.9966,0.9333,0.9918,0.9935,0.9941,0.994,0.9934,0.9491,0.9747,0.9794,0.9811,0.9809,0.9792,0.9823,0.9991,0.9995,0.9996,0.9996,0.9995,0,1,1,1,1,1,3e-04,H
14023,St. Cyprian Elementary School,35,0.9701,0.9497,0.9861,0.9429,0.9705,0.976,0.978,0.9777,0.9757,0.9138,0.9484,0.9577,0.9611,0.9606,0.957,0.9665,0.9877,0.9902,0.991,0.9909,0.9901,0,1,1,1,1,1,0.026,H
14025,St. Cyril of Jerusalem Elementary School,31,0.9545,0.9303,0.9804,0.9032,0.9576,0.9654,0.9682,0.9678,0.9649,0.8855,0.9272,0.9401,0.9449,0.9443,0.9394,0.9584,0.9816,0.9851,0.9864,0.9862,0.985,0,1,1,1,1,1,0.2412,H
14026,St. Didacus Elementary School,17,0.9943,0.9708,0.9967,1,0.9915,0.9933,0.9939,0.9938,0.9932,0.9441,0.9711,0.9765,0.9785,0.9783,0.9763,0.9824,0.9992,0.9996,0.9996,0.9996,0.9996,0,1,1,1,1,1,8e-04,H
14028,St. Dominic Elementary School,33,0.9415,0.9136,0.9624,0.9091,0.9377,0.9488,0.9529,0.9524,0.9482,0.8623,0.9093,0.9249,0.9308,0.9301,0.924,0.9319,0.9621,0.969,0.9715,0.9712,0.9685,0,1,1,1,1,1,0.7885,M
14029,St. Dominic Savio,54,0.9726,0.9444,0.982,0.9815,0.9648,0.9713,0.9737,0.9734,0.971,0.9062,0.9426,0.9528,0.9567,0.9563,0.9523,0.9604,0.9833,0.9866,0.9877,0.9876,0.9865,0,1,1,1,1,1,0.074,H
14032,St. Dorothy Elementary School,43,0.9418,0.8721,0.9728,0.9535,0.9277,0.9403,0.945,0.9445,0.9396,0.806,0.8642,0.8869,0.8955,0.8944,0.8859,0.947,0.9733,0.9784,0.9802,0.98,0.9781,0,1,1,1,1,1,0.7625,M
14034,St Elisabeth School,27,0.957,0.9284,0.9661,0.963,0.947,0.9566,0.96,0.9596,0.956,0.8835,0.9252,0.9384,0.9432,0.9427,0.9376,0.9373,0.966,0.9723,0.9746,0.9743,0.972,0,1,1,1,1,1,0.532,H
14036,St. Emydius School,25,0.9867,0.9675,0.9966,0.96,0.9902,0.9922,0.9929,0.9928,0.9921,0.9392,0.9676,0.9736,0.9758,0.9756,0.9734,0.9823,0.9992,0.9996,0.9996,0.9996,0.9996,0,1,1,1,1,1,0.001,H
14037,St. Eugene,26,0.9903,0.9841,0.9968,0.9615,0.995,0.9962,0.9965,0.9965,0.9961,0.9635,0.9855,0.9884,0.9894,0.9893,0.9883,0.9826,0.9994,0.9997,0.9997,0.9997,0.9997,0,1,1,1,1,1,0,H
14038,St. Euphrasia School,23,0.8641,0.7637,0.8873,0.9565,0.8192,0.8475,0.8584,0.8571,0.8458,0.6686,0.7487,0.785,0.7991,0.7974,0.7826,0.8267,0.8809,0.9008,0.9085,0.9076,0.8998,0,1,1,1,1,1,1,L
14039,st. ferdinand elementary,28,0.9711,0.9383,0.9888,0.9643,0.9668,0.9729,0.9751,0.9749,0.9726,0.897,0.9359,0.9474,0.9516,0.951,0.9466,0.9706,0.9907,0.9926,0.9933,0.9932,0.9925,0,1,1,1,1,1,0.1008,H
14040,St. Frances Of Rome Elementary School,21,0.9589,0.8962,0.9902,0.9524,0.9522,0.9608,0.9639,0.9636,0.9603,0.8386,0.8903,0.9089,0.9161,0.9152,0.9079,0.9728,0.9922,0.9939,0.9944,0.9943,0.9938,0,1,1,1,1,1,0.3915,H
14041,St. Frances X. Cabrini,41,0.8844,0.8339,0.9151,0.8537,0.8706,0.8921,0.9002,0.8993,0.8908,0.7561,0.8237,0.8515,0.8622,0.861,0.8498,0.8645,0.9108,0.9263,0.9319,0.9311,0.9252,0,1,1,1,1,1,1,L
14043,St. Francis De Sales,35,0.9642,0.9432,0.9784,0.9429,0.9619,0.9689,0.9715,0.9712,0.9686,0.9038,0.9412,0.9518,0.9556,0.9551,0.951,0.9553,0.9794,0.9833,0.9847,0.9845,0.9831,0,1,1,1,1,1,0.091,H
14045,St. Francis Of Assisi Elementary School,24,0.972,0.9495,0.9854,0.9583,0.9695,0.9752,0.9772,0.977,0.9749,0.9129,0.948,0.9575,0.9609,0.9606,0.957,0.9656,0.987,0.9897,0.9905,0.9904,0.9895,0,1,1,1,1,1,0.029,H
14046,St. Genevieve Elementary School,55,0.9375,0.9154,0.9956,0.7455,0.9709,0.9763,0.9782,0.978,0.976,0.8647,0.9108,0.9264,0.9323,0.9318,0.9259,0.9807,0.9981,0.9987,0.9988,0.9988,0.9987,0,1,1,1,1,1,0.1455,M
14050,St. Gertrude School,27,0.9764,0.971,0.9968,0.8889,0.9924,0.994,0.9945,0.9945,0.994,0.9443,0.9714,0.9767,0.9786,0.9784,0.9765,0.9825,0.9993,0.9997,0.9997,0.9997,0.9997,0,1,1,1,1,1,0.0013,H
14052,St. Gregory The Great,45,0.8182,0.7219,0.8183,0.9556,0.7574,0.7929,0.8069,0.8053,0.7909,0.619,0.7045,0.7451,0.7615,0.7595,0.7426,0.7362,0.8066,0.8367,0.8481,0.8465,0.8344,0,1,1,1,1,1,1,L
14053,St. Gregory's A. And M. Hovsepian School,17,0.9394,0.8515,0.9655,1,0.9135,0.9283,0.9339,0.9333,0.9275,0.7794,0.8421,0.8677,0.8774,0.8762,0.8662,0.9365,0.9654,0.9718,0.9741,0.9738,0.9714,0,1,1,1,1,1,0.8825,M
14054,St. Helen,43,0.9227,0.8683,0.9381,0.9535,0.9007,0.9177,0.924,0.9233,0.9167,0.8011,0.8607,0.8832,0.892,0.8911,0.8819,0.8972,0.9358,0.9472,0.9514,0.951,0.9466,0,1,1,1,1,1,0.998,M
14056,St. Hilary Elementary School,24,0.9781,0.9575,0.9923,0.9583,0.9782,0.9824,0.9838,0.9837,0.9822,0.9247,0.9567,0.9647,0.9676,0.9673,0.9643,0.9759,0.9945,0.9958,0.9961,0.9961,0.9957,0,1,1,1,1,1,0.0073,H
14057,St. Ignatius Of Loyola Elementary School,26,0.8623,0.889,0.9552,0.5,0.9221,0.9358,0.9408,0.9402,0.935,0.8288,0.8827,0.9024,0.91,0.909,0.9014,0.9215,0.9543,0.9626,0.9657,0.9653,0.9622,0,1,1,1,1,1,0.9418,L
14061,St. James Elementary School,24,0.8889,0.8123,0.9058,0.9583,0.8527,0.8767,0.8858,0.8847,0.8753,0.7288,0.8007,0.8311,0.8431,0.8418,0.8294,0.8518,0.9008,0.9177,0.9241,0.9234,0.9168,0,1,1,1,1,1,1,L
14063,St. James Episcopal School,44,0.9611,0.9318,0.9763,0.9545,0.9548,0.963,0.966,0.9657,0.9626,0.888,0.9288,0.9415,0.9462,0.9457,0.9408,0.9521,0.9771,0.9815,0.983,0.9829,0.9813,0,1,1,1,1,1,0.2922,H
14065,st. james -holy redeemer school,21,0.9602,0.9505,0.9784,0.9048,0.9653,0.9717,0.974,0.9738,0.9714,0.9145,0.949,0.9583,0.9618,0.9614,0.9579,0.9552,0.9794,0.9834,0.9848,0.9847,0.9832,0,1,1,1,1,1,0.021,H
14066,St. James Parish Day School,11,0.9948,0.9762,0.9966,1,0.9923,0.9939,0.9944,0.9944,0.9938,0.9519,0.977,0.9814,0.983,0.9828,0.9813,0.9823,0.9992,0.9996,0.9996,0.9996,0.9996,0,1,1,1,1,1,0,H
14068,St. Jane Frances De Chantal School,43,0.8551,0.928,0.9667,0.3488,0.9476,0.957,0.9605,0.9601,0.9565,0.8825,0.9247,0.9381,0.9429,0.9423,0.9372,0.9381,0.9666,0.9729,0.9751,0.9749,0.9726,0,1,1,1,1,1,0.5078,L
14071,St. Jerome Elementary School,30,0.8361,0.7419,0.8499,0.9333,0.7865,0.8188,0.8314,0.8299,0.8169,0.6421,0.7255,0.7642,0.7795,0.7779,0.7622,0.7776,0.8408,0.8665,0.8762,0.8752,0.865,0,1,1,1,1,1,1,L
14074,St. John Chrysostom School,22,0.8145,0.9385,0.981,0.0455,0.9617,0.9688,0.9713,0.971,0.9684,0.8972,0.9361,0.9476,0.9518,0.9513,0.9469,0.9591,0.9822,0.9857,0.9868,0.9867,0.9855,0,1,1,1,1,1,0.1305,L
14075,St. John Eudes,28,0.9348,0.8871,0.9481,0.9643,0.9153,0.93,0.9355,0.9349,0.9292,0.8259,0.8807,0.9007,0.9082,0.9074,0.8996,0.911,0.9465,0.9563,0.9598,0.9593,0.9557,0,1,1,1,1,1,0.9838,M
14076,St. John Fisher Elementary School,33,0.8642,0.7839,0.8775,0.9394,0.8231,0.851,0.8617,0.8605,0.8494,0.6926,0.77,0.8043,0.8176,0.8161,0.8023,0.8134,0.8703,0.8918,0.9,0.899,0.8905,0,1,1,1,1,1,1,L
14078,St. John Of God Elementary School,42,0.9398,0.861,0.976,0.9524,0.9251,0.9382,0.943,0.9424,0.9374,0.7913,0.8526,0.8766,0.8858,0.8847,0.8752,0.9514,0.9767,0.9812,0.9827,0.9826,0.981,0,1,1,1,1,1,0.7475,M
14080,St. John The Baptist,20,0.9305,0.8615,0.9592,0.95,0.9126,0.9277,0.9333,0.9326,0.9268,0.7916,0.8528,0.8772,0.8863,0.8852,0.8757,0.9274,0.9586,0.9661,0.9688,0.9685,0.9657,0,1,1,1,1,1,0.9232,M
14090,St. Joseph Elementary School,24,0.9885,0.9766,0.9968,0.9583,0.9932,0.9947,0.9951,0.9951,0.9946,0.9525,0.9775,0.9818,0.9833,0.9832,0.9816,0.9825,0.9993,0.9997,0.9997,0.9997,0.9997,0,1,1,1,1,1,5e-04,H
14096,St. Joseph The Worker Elementary School,39,0.9698,0.9376,0.9904,0.9487,0.9687,0.9745,0.9766,0.9763,0.9742,0.8964,0.9351,0.9466,0.951,0.9504,0.9461,0.973,0.9924,0.994,0.9945,0.9945,0.994,0,1,1,1,1,1,0.0935,H
14100,St. Lawrence Martyr Elementary School,32,0.9483,0.912,0.9677,0.9375,0.9406,0.9512,0.9551,0.9547,0.9506,0.8599,0.9073,0.9236,0.9295,0.9289,0.9227,0.9396,0.9678,0.9738,0.976,0.9757,0.9734,0,1,1,1,1,1,0.6778,M
14101,St. Lawrence of Brindisi Elementary School,51,0.9868,0.9619,0.9958,0.9804,0.9854,0.9883,0.9892,0.9891,0.9881,0.9314,0.9615,0.9686,0.9711,0.9709,0.9682,0.9811,0.9983,0.9989,0.9989,0.9989,0.9988,0,1,1,1,1,1,0.0032,H
14102,St. Linus Elementary School,26,0.9582,0.9313,0.9801,0.9231,0.9582,0.9658,0.9686,0.9683,0.9654,0.8872,0.9285,0.941,0.9458,0.9452,0.9403,0.9577,0.9812,0.9849,0.9861,0.986,0.9847,0,1,1,1,1,1,0.2315,H
14106,St. Louise De Marillac Elementary School,24,0.9615,0.9339,0.9865,0.9167,0.9644,0.971,0.9733,0.9731,0.9706,0.8906,0.9311,0.9433,0.9479,0.9473,0.9427,0.9672,0.9882,0.9906,0.9914,0.9913,0.9905,0,1,1,1,1,1,0.145,H
14107,St. Lucy School,34,0.9422,0.9823,0.9967,0.6765,0.9942,0.9955,0.9959,0.9959,0.9955,0.9609,0.9836,0.9868,0.9879,0.9878,0.9867,0.9824,0.9992,0.9996,0.9996,0.9996,0.9996,0,1,1,1,1,1,0,M
14111,St. Luke Catholic School,28,0.9219,0.8901,0.9411,0.8929,0.9137,0.9287,0.9343,0.9337,0.9279,0.8305,0.8838,0.9034,0.9108,0.91,0.9024,0.9013,0.9389,0.9499,0.9539,0.9534,0.9493,0,1,1,1,1,1,0.9988,M
14114,St. Madeleine Catholic School,30,0.9468,0.8134,0.9946,0.9333,0.9398,0.9502,0.954,0.9536,0.9496,0.7294,0.8013,0.8322,0.8441,0.8426,0.8301,0.9794,0.997,0.9978,0.998,0.998,0.9978,0,1,1,1,1,1,0.4608,M
14116,St. Malachy Catholic Elementary School,24,0.9616,0.9255,0.9782,0.9583,0.9546,0.9629,0.9659,0.9655,0.9624,0.8798,0.9222,0.9359,0.9409,0.9404,0.9352,0.9548,0.9792,0.9832,0.9846,0.9844,0.9829,0,1,1,1,1,1,0.3012,H
14117,St. Margaret Mary Alacoque,26,0.9306,0.9163,0.9596,0.8462,0.9371,0.9483,0.9524,0.9519,0.9477,0.8663,0.912,0.9274,0.933,0.9323,0.9263,0.9276,0.9589,0.9665,0.9693,0.969,0.9661,0,1,1,1,1,1,0.8312,M
14118,St. Maria Goretti,20,0.9854,0.9733,0.9966,0.95,0.9907,0.9926,0.9933,0.9932,0.9926,0.9476,0.9739,0.9788,0.9806,0.9803,0.9785,0.9822,0.9991,0.9995,0.9995,0.9995,0.9995,0,1,1,1,1,1,0,H
14119,St. Marianne De Paredes Elementary School,22,0.9716,0.9533,0.9826,0.9545,0.9698,0.9755,0.9775,0.9773,0.9752,0.9187,0.9522,0.9609,0.9639,0.9636,0.9603,0.9613,0.9839,0.9871,0.9881,0.988,0.9869,0,1,1,1,1,1,0.0102,H
14120,St. Mark School,32,0.9629,0.939,0.9802,0.9375,0.9615,0.9686,0.9711,0.9708,0.9682,0.898,0.9366,0.9479,0.9521,0.9516,0.9473,0.9579,0.9813,0.9849,0.9862,0.986,0.9847,0,1,1,1,1,1,0.1298,H
14121,St. Mark's Elementary School,39,0.6669,0.503,0.6816,0.9231,0.5695,0.6184,0.6387,0.6363,0.6154,0.3875,0.4773,0.5285,0.5507,0.5483,0.5262,0.5732,0.6622,0.7059,0.7234,0.7211,0.7027,0,1,1,1,1,1,1,L
14122,St. Mark's Lutheran Elementary School,54,0.9788,0.9596,0.9846,0.9815,0.9737,0.9787,0.9805,0.9803,0.9784,0.9277,0.959,0.9665,0.9693,0.9689,0.9661,0.9644,0.9861,0.9889,0.9898,0.9897,0.9887,0,1,1,1,1,1,0.001,H
14124,St. Martha Elementary School,47,0.9699,0.9482,0.9821,0.9574,0.9666,0.9728,0.9751,0.9748,0.9725,0.9111,0.9466,0.9562,0.9598,0.9593,0.9557,0.9607,0.9834,0.9867,0.9878,0.9877,0.9866,0,1,1,1,1,1,0.0367,H
14125,St. Martin-In-The-Fields Parish School,12,0.9573,0.9556,0.9929,0.8333,0.9783,0.9825,0.9839,0.9838,0.9823,0.9221,0.9546,0.9629,0.966,0.9657,0.9626,0.9767,0.9951,0.9962,0.9965,0.9965,0.9962,0,1,1,1,1,1,0.0115,H
14126,St. Martin Of Tours Schools,26,0.9741,0.939,0.9929,0.9615,0.9718,0.977,0.9789,0.9787,0.9768,0.8984,0.9369,0.948,0.9522,0.9517,0.9474,0.9768,0.9951,0.9963,0.9966,0.9965,0.9962,0,1,1,1,1,1,0.0695,H
14127,St. Mary Catholic Elementary School,19,0.9921,0.9705,0.9963,1,0.9884,0.9907,0.9915,0.9914,0.9906,0.9436,0.9708,0.9763,0.9782,0.978,0.976,0.9819,0.9989,0.9993,0.9994,0.9994,0.9993,0,1,1,1,1,1,5e-04,H
14131,St. Mary Of The Assumption Elementary School,33,0.9785,0.9592,0.9956,0.9394,0.9834,0.9866,0.9877,0.9876,0.9865,0.9272,0.9586,0.9662,0.9689,0.9686,0.9657,0.9807,0.9981,0.9987,0.9988,0.9988,0.9986,0,1,1,1,1,1,0.0037,H
14134,St. Mary's Armenian Church Tufenkian School,60,0.8794,0.8386,0.91,0.8333,0.8683,0.8901,0.8983,0.8974,0.8888,0.7618,0.8281,0.8558,0.8662,0.8651,0.8543,0.8575,0.9051,0.9215,0.9278,0.9271,0.9208,0,1,1,1,1,1,1,L
14136,St. Matthew's Parish School,25,0.9805,0.9667,0.9967,0.92,0.9909,0.9928,0.9934,0.9933,0.9927,0.9378,0.9666,0.9728,0.9751,0.9749,0.9726,0.9823,0.9992,0.9996,0.9996,0.9996,0.9996,0,1,1,1,1,1,0.0037,H
14137,St. Matthias Elementary School,48,0.8385,0.8744,0.9285,0.4583,0.8984,0.9157,0.9222,0.9215,0.9147,0.8092,0.8669,0.889,0.8974,0.8964,0.8878,0.8832,0.9253,0.9385,0.9434,0.9429,0.9378,0,1,1,1,1,1,1,L
14138,St. Mel Elementary School,50,0.9603,0.9291,0.9663,0.98,0.9476,0.9571,0.9605,0.9601,0.9565,0.884,0.9258,0.9389,0.9438,0.9433,0.9383,0.9374,0.9662,0.9725,0.9748,0.9745,0.9722,0,1,1,1,1,1,0.518,H
14140,St.Michael Elementary School,31,0.982,0.971,0.9964,0.9355,0.9894,0.9915,0.9922,0.9922,0.9914,0.9444,0.9714,0.9768,0.9787,0.9785,0.9765,0.9819,0.9989,0.9993,0.9994,0.9994,0.9993,0,1,1,1,1,1,0,H
14145,St. Monica Catholic Elementary School,20,0.9891,0.9869,0.9968,0.95,0.996,0.997,0.9973,0.9972,0.997,0.9677,0.9886,0.991,0.9917,0.9916,0.9908,0.9826,0.9993,0.9997,0.9997,0.9997,0.9997,0,1,1,1,1,1,0,H
14146,St. Nicholas School,21,0.9845,0.9713,0.9963,0.9524,0.9889,0.9912,0.9919,0.9918,0.9911,0.9448,0.9716,0.977,0.9789,0.9787,0.9768,0.9818,0.9988,0.9993,0.9994,0.9994,0.9993,0,1,1,1,1,1,0,H
14148,St. Odilia Elementary School,59,0.9903,0.9673,0.9966,0.9831,0.9899,0.992,0.9927,0.9926,0.9919,0.9391,0.9673,0.9734,0.9756,0.9754,0.9732,0.9823,0.9991,0.9995,0.9996,0.9996,0.9995,0,1,1,1,1,1,0.0025,H
14149,St. Pancratius Parish School,28,0.9876,0.9732,0.9965,0.9643,0.9904,0.9924,0.9931,0.993,0.9923,0.9476,0.9737,0.9787,0.9805,0.9803,0.9785,0.9821,0.999,0.9994,0.9995,0.9995,0.9994,0,1,1,1,1,1,3e-04,H
14150,St. Patrick Elementary School,29,0.8602,0.9684,0.9963,0.2069,0.9887,0.991,0.9918,0.9917,0.9909,0.9404,0.9685,0.9744,0.9766,0.9763,0.9741,0.9818,0.9989,0.9993,0.9994,0.9994,0.9993,0,1,1,1,1,1,5e-04,L
14151,St. Paul Elementary School,26,0.9541,0.9189,0.9671,0.9615,0.9432,0.9534,0.9571,0.9567,0.9528,0.8696,0.915,0.9297,0.9353,0.9346,0.9289,0.9386,0.9672,0.9732,0.9754,0.9751,0.9728,0,1,1,1,1,1,0.6415,H
14153,St. Paul Of The Cross Elementary School,28,0.9753,0.941,0.994,0.9643,0.9727,0.9779,0.9797,0.9795,0.9776,0.9008,0.9387,0.9499,0.9539,0.9535,0.9493,0.9785,0.9964,0.9973,0.9975,0.9975,0.9972,0,1,1,1,1,1,0.0727,H
14154,St Paul the Apostle,47,0.9592,0.9125,0.9807,0.9574,0.9514,0.9602,0.9634,0.963,0.9597,0.8608,0.908,0.9239,0.9299,0.9292,0.9231,0.9585,0.9818,0.9854,0.9866,0.9864,0.9852,0,1,1,1,1,1,0.3928,H
14158,St. Philip Neri,27,0.8402,0.5814,0.9349,0.963,0.7869,0.8176,0.8297,0.8283,0.8158,0.4662,0.557,0.6075,0.6289,0.6267,0.6055,0.8927,0.9323,0.9443,0.9487,0.9484,0.9439,0,1,1,1,1,1,0.9875,L
14159,St. Philip The Apostle,90,0.9925,0.9779,0.9968,0.9778,0.9942,0.9955,0.9959,0.9959,0.9955,0.9544,0.9788,0.9829,0.9843,0.9842,0.9828,0.9826,0.9994,0.9997,0.9998,0.9998,0.9997,0,1,1,1,1,1,3e-04,H
14161,St. Philomena Elementary School,33,0.9789,0.9582,0.996,0.9394,0.984,0.9871,0.9882,0.9881,0.987,0.9258,0.9576,0.9653,0.9681,0.9678,0.9649,0.9813,0.9984,0.999,0.9991,0.9991,0.999,0,1,1,1,1,1,0.0063,H
14163,St Pius X Parish School,36,0.9842,0.9696,0.9966,0.9444,0.9903,0.9923,0.993,0.9929,0.9922,0.9422,0.9699,0.9754,0.9774,0.9772,0.9751,0.9822,0.9991,0.9995,0.9995,0.9995,0.9995,0,1,1,1,1,1,0.0022,H
14167,St. Raphael Elementary School,47,0.9715,0.9499,0.9914,0.9362,0.9741,0.979,0.9807,0.9805,0.9787,0.9135,0.9484,0.9578,0.9611,0.9608,0.9573,0.9744,0.9935,0.9949,0.9954,0.9953,0.9949,0,1,1,1,1,1,0.0257,H
14168,St. Raymond Elementary School,20,0.9879,0.9797,0.9968,0.95,0.9944,0.9957,0.996,0.996,0.9956,0.9571,0.9808,0.9845,0.9858,0.9857,0.9843,0.9825,0.9994,0.9997,0.9997,0.9997,0.9997,0,1,1,1,1,1,0,H
14169,St Rita School,35,0.9529,0.9813,0.9967,0.7429,0.9937,0.9951,0.9955,0.9955,0.995,0.9595,0.9825,0.9859,0.9871,0.987,0.9858,0.9824,0.9992,0.9996,0.9996,0.9996,0.9996,0,1,1,1,1,1,0,H
14170,St. Rita Catholic School,61,0.9954,0.9906,0.9969,0.9836,0.9971,0.9979,0.9981,0.9981,0.9979,0.9733,0.9926,0.9942,0.9947,0.9946,0.9941,0.9826,0.9994,0.9998,0.9998,0.9998,0.9998,0,1,1,1,1,1,0,H
14173,St. Robert Bellarmine Elementary School,22,0.8676,0.8999,0.9245,0.5909,0.9082,0.9241,0.93,0.9293,0.9232,0.8436,0.8945,0.9124,0.9193,0.9185,0.9115,0.8778,0.9211,0.9349,0.9399,0.9394,0.934,0,1,1,1,1,1,1,L
14174,St. Rose Of Lima Catholic,19,0.9871,0.9851,0.9962,0.9474,0.9938,0.9951,0.9956,0.9955,0.9951,0.9652,0.9867,0.9894,0.9903,0.9901,0.9892,0.9815,0.9987,0.9991,0.9992,0.9992,0.9991,0,1,1,1,1,1,0,H
14176,St. Stephen Academy,12,0.9149,0.9904,0.9969,0.5,0.9973,0.998,0.9982,0.9982,0.998,0.9729,0.9923,0.994,0.9945,0.9944,0.9939,0.9827,0.9995,0.9998,0.9998,0.9998,0.9998,0,1,1,1,1,1,0,M
14177,St. Stephen Martyr,16,0.9818,0.9628,0.9817,1,0.9736,0.9786,0.9804,0.9802,0.9783,0.9324,0.9624,0.9694,0.9719,0.9716,0.969,0.9602,0.983,0.9864,0.9875,0.9873,0.9862,0,1,1,1,1,1,0,H
14186,St. Teresa Of Avila Elementary School,23,0.9666,0.9772,0.9967,0.8261,0.9934,0.9948,0.9953,0.9952,0.9948,0.9533,0.978,0.9823,0.9837,0.9835,0.982,0.9824,0.9993,0.9996,0.9997,0.9997,0.9996,0,1,1,1,1,1,0,H
14188,St. Thomas More Catholic Elementary School,21,0.8911,0.8457,0.8835,0.9524,0.857,0.8804,0.8893,0.8883,0.8791,0.7711,0.836,0.8623,0.8723,0.8711,0.8607,0.8215,0.8768,0.8975,0.9052,0.9043,0.8962,0,1,1,1,1,1,1,L
14189,St. Timothy School,22,0.9735,0.9437,0.9931,0.9545,0.9725,0.9777,0.9795,0.9793,0.9774,0.905,0.9417,0.9523,0.9561,0.9557,0.9517,0.977,0.9954,0.9964,0.9967,0.9967,0.9964,0,1,1,1,1,1,0.0522,H
14193,St. Turibius Elementary School,20,0.9833,0.9565,0.9966,0.95,0.9877,0.9902,0.991,0.9909,0.99,0.9236,0.9557,0.9637,0.9667,0.9664,0.9634,0.9822,0.9992,0.9996,0.9996,0.9996,0.9996,0,1,1,1,1,1,0.011,H
14194,St. Vincent Elementary School,38,0.9883,0.9873,0.9967,0.9474,0.9955,0.9966,0.9969,0.9969,0.9966,0.9683,0.989,0.9913,0.992,0.9919,0.9912,0.9824,0.9992,0.9996,0.9996,0.9996,0.9996,0,1,1,1,1,1,0,H
14198,Stagg Street Elementary School,102,0.9962,0.9895,0.9968,0.9902,0.9967,0.9975,0.9977,0.9977,0.9975,0.9716,0.9914,0.9932,0.9938,0.9937,0.9932,0.9826,0.9994,0.9997,0.9997,0.9997,0.9997,0,1,1,1,1,1,0,H
14201,Stanford Primary Center,147,0.961,0.8886,0.9826,0.9932,0.9455,0.9552,0.9588,0.9584,0.9547,0.8288,0.8824,0.902,0.9096,0.9087,0.901,0.9615,0.9841,0.9873,0.9883,0.9881,0.9871,0,1,1,1,1,1,0.493,H
14203,Stanley G. Oswalt Academy,100,0.9837,0.968,0.9861,0.99,0.9786,0.9827,0.9842,0.984,0.9825,0.94,0.9681,0.9741,0.9762,0.9759,0.9737,0.9665,0.9878,0.9902,0.991,0.9909,0.9901,0,1,1,1,1,1,0,H
14204,Stanley Mosk Elementary School,109,0.9828,0.9702,0.9923,0.9633,0.9838,0.987,0.9881,0.9879,0.9868,0.9432,0.9705,0.9761,0.9781,0.9778,0.9758,0.9758,0.9945,0.9958,0.9961,0.9961,0.9957,0,1,1,1,1,1,0,H
14205,Stanton Elementary School,93,0.9199,0.8719,0.92,0.9785,0.891,0.9095,0.9164,0.9156,0.9084,0.8054,0.8641,0.8867,0.8951,0.8942,0.8854,0.8715,0.9161,0.9306,0.9361,0.9355,0.9299,0,1,1,1,1,1,1,M
14209,Star Christian,33,0.9868,0.9853,0.9968,0.9394,0.9953,0.9964,0.9967,0.9966,0.9963,0.9655,0.9868,0.9894,0.9903,0.9902,0.9893,0.9825,0.9993,0.9997,0.9997,0.9997,0.9997,0,1,1,1,1,1,0,H
14221,State Street Elementary School,89,0.974,0.9157,0.9958,0.9663,0.9706,0.976,0.978,0.9777,0.9757,0.8653,0.9113,0.9268,0.9326,0.9321,0.9263,0.9811,0.9983,0.9988,0.9989,0.9989,0.9988,0,1,1,1,1,1,0.1648,H
14227,Stella Elementary Charter Academy,65,0.9822,0.968,0.9846,0.9846,0.9778,0.982,0.9835,0.9834,0.9818,0.9401,0.9682,0.9742,0.9763,0.976,0.9738,0.9644,0.9861,0.9889,0.9898,0.9897,0.9888,0,1,1,1,1,1,0,H
14232,STEM Preparatory Elementary,53,0.8323,0.7131,0.847,0.9811,0.7708,0.8048,0.8181,0.8165,0.8028,0.6083,0.6946,0.7365,0.7534,0.7513,0.7345,0.7727,0.8374,0.8636,0.8736,0.8725,0.8621,0,1,1,1,1,1,1,L
14238,Stephen Foster Elementary School,105,0.994,0.9838,0.9964,0.9905,0.9934,0.9949,0.9953,0.9953,0.9948,0.9632,0.9853,0.9882,0.9892,0.9891,0.9881,0.9819,0.9989,0.9994,0.9994,0.9994,0.9994,0,1,1,1,1,1,0,H
14246,Stevenson Elementary School,104,0.4172,0.2209,0.3639,0.9712,0.2667,0.3082,0.327,0.3248,0.3055,0.1496,0.2014,0.2363,0.2528,0.251,0.2344,0.2631,0.3389,0.3861,0.4069,0.4043,0.3827,0,1,1,1,1,1,1,L
14249,Stevenson Ranch Elementary School,106,0.9759,0.9554,0.9774,0.9906,0.9674,0.9735,0.9757,0.9754,0.9732,0.9216,0.9544,0.9627,0.9658,0.9654,0.9623,0.9537,0.9782,0.9825,0.9839,0.9838,0.9823,0,1,1,1,1,1,0.0022,H
14255,Stonehurst Avenue Elementary School,40,0.9806,0.9725,0.9909,0.95,0.9839,0.987,0.9881,0.988,0.9869,0.9466,0.973,0.9781,0.9798,0.9796,0.9778,0.9738,0.993,0.9945,0.995,0.9949,0.9944,0,1,1,1,1,1,0,H
14259,Stoner Avenue Elementary School,52,0.9909,0.9827,0.9946,0.9808,0.9913,0.9931,0.9937,0.9936,0.993,0.9616,0.9841,0.9872,0.9883,0.9882,0.9871,0.9793,0.997,0.9978,0.998,0.998,0.9978,0,1,1,1,1,1,0,H
14262,stowers(cecil b.) elementary,66,0.9751,0.9554,0.9777,0.9848,0.9675,0.9736,0.9757,0.9755,0.9733,0.9217,0.9545,0.9627,0.9657,0.9654,0.9622,0.9541,0.9786,0.9827,0.9842,0.984,0.9826,0,1,1,1,1,1,0.002,H
14265,Stratford School,26,0.9846,0.979,0.9907,0.9615,0.9867,0.9894,0.9903,0.9902,0.9892,0.9561,0.98,0.9838,0.9852,0.985,0.9836,0.9734,0.9927,0.9943,0.9948,0.9947,0.9942,0,1,1,1,1,1,0,H
14269,Strathern Street Elementary School,102,0.9867,0.9853,0.9967,0.9412,0.9947,0.9959,0.9962,0.9962,0.9958,0.9654,0.9869,0.9895,0.9904,0.9903,0.9894,0.9823,0.9992,0.9996,0.9996,0.9996,0.9996,0,1,1,1,1,1,0,H
14271,Sts. Peter And St. Paul,32,0.8875,0.968,0.9888,0.4062,0.9803,0.9841,0.9854,0.9853,0.9839,0.94,0.9681,0.9741,0.9762,0.976,0.9738,0.9707,0.9907,0.9926,0.9932,0.9932,0.9925,0,1,1,1,1,1,0,L
14272,Studebaker Elementary School,80,0.9935,0.9888,0.9968,0.975,0.9965,0.9974,0.9976,0.9976,0.9973,0.9706,0.9906,0.9926,0.9932,0.9931,0.9925,0.9826,0.9994,0.9997,0.9998,0.9998,0.9997,0,1,1,1,1,1,0,H
14288,Sulphur Springs Community Elementary School,122,0.9791,0.9904,0.9969,0.8852,0.9973,0.998,0.9982,0.9982,0.998,0.9729,0.9924,0.994,0.9945,0.9945,0.9939,0.9827,0.9994,0.9998,0.9998,0.9998,0.9998,0,1,1,1,1,1,0,H
14290,Sumac Elementary School,59,0.9621,0.9375,0.9696,0.9661,0.9535,0.962,0.965,0.9647,0.9615,0.8959,0.9351,0.9465,0.9508,0.9503,0.9459,0.9421,0.9698,0.9755,0.9775,0.9773,0.9752,0,1,1,1,1,1,0.2692,H
14292,Summerwind Elementary School,93,0.9703,0.9386,0.9821,0.9785,0.9622,0.9692,0.9717,0.9714,0.9688,0.8977,0.9362,0.9477,0.9519,0.9514,0.9471,0.9607,0.9834,0.9867,0.9878,0.9877,0.9865,0,1,1,1,1,1,0.141,H
14296,Sumner Elementary School,72,0.9866,0.9459,0.9967,0.9722,0.9872,0.9897,0.9906,0.9905,0.9896,0.9074,0.944,0.9544,0.9582,0.9579,0.954,0.9824,0.9993,0.9996,0.9997,0.9997,0.9996,0,1,1,1,1,1,0.0312,H
14301,sundown elementary,112,0.9962,0.9887,0.9968,0.9911,0.9964,0.9973,0.9975,0.9975,0.9973,0.9703,0.9905,0.9925,0.9931,0.993,0.9924,0.9826,0.9994,0.9997,0.9998,0.9998,0.9998,0,1,1,1,1,1,0,H
14307,Sunkist Elementary School,57,0.9926,0.9841,0.9963,0.9825,0.9934,0.9948,0.9952,0.9952,0.9947,0.9636,0.9856,0.9884,0.9894,0.9893,0.9883,0.9817,0.9988,0.9992,0.9993,0.9993,0.9992,0,1,1,1,1,1,0,H
14311,Sunland Elementary School,61,0.9915,0.9876,0.9966,0.9672,0.9953,0.9964,0.9967,0.9967,0.9964,0.9689,0.9893,0.9915,0.9922,0.9922,0.9914,0.9823,0.9992,0.9996,0.9996,0.9996,0.9996,0,1,1,1,1,1,0,H
14316,Sunny Brae Avenue Elementary School,97,0.9871,0.9426,0.9966,0.9794,0.9862,0.9889,0.9898,0.9897,0.9888,0.9035,0.9406,0.9512,0.9551,0.9546,0.9506,0.9822,0.9991,0.9995,0.9996,0.9996,0.9995,0,1,1,1,1,1,0.0365,H
14319,Sunnydale Elementary School,94,0.9683,0.9413,0.975,0.9787,0.9593,0.9668,0.9695,0.9692,0.9664,0.9013,0.9391,0.9502,0.9543,0.9538,0.9497,0.9503,0.9757,0.9803,0.9819,0.9817,0.9801,0,1,1,1,1,1,0.1242,H
14325,Sunrise Elementary School,63,0.9936,0.9856,0.9965,0.9841,0.9943,0.9956,0.9959,0.9959,0.9955,0.9658,0.9872,0.9898,0.9906,0.9905,0.9897,0.9821,0.999,0.9994,0.9995,0.9995,0.9994,0,1,1,1,1,1,0,H
14333,Sunset Elementary School,32,0.9832,0.9928,0.997,0.9062,0.9981,0.9987,0.9988,0.9988,0.9987,0.9765,0.995,0.9961,0.9965,0.9964,0.9961,0.9828,0.9996,0.9999,0.9999,0.9999,0.9999,0,1,1,1,1,1,0,H
14351,Sunshine Educational Center,12,0.9992,0.9942,0.997,1,0.9987,0.9991,0.9992,0.9992,0.9991,0.9787,0.9966,0.9974,0.9976,0.9976,0.9974,0.9829,0.9996,0.9999,0.9999,0.9999,0.9999,0,1,1,1,1,1,0,H
14363,Superior Street Elementary School,79,0.9927,0.9843,0.9968,0.9747,0.9953,0.9964,0.9967,0.9967,0.9964,0.9639,0.9858,0.9886,0.9896,0.9895,0.9885,0.9825,0.9993,0.9997,0.9997,0.9997,0.9997,0,1,1,1,1,1,0,H
14368,Sutherland Elementary School,80,0.9944,0.9918,0.9969,0.975,0.9976,0.9983,0.9985,0.9984,0.9983,0.9751,0.9939,0.9953,0.9957,0.9956,0.9952,0.9827,0.9995,0.9998,0.9998,0.9998,0.9998,0,1,1,1,1,1,0,H
14371,Suva Elementary School,116,0.993,0.9838,0.995,0.9914,0.9918,0.9935,0.9941,0.994,0.9934,0.9632,0.9852,0.9881,0.9891,0.989,0.988,0.9799,0.9974,0.9981,0.9983,0.9983,0.9981,0,1,1,1,1,1,0,H
14376,Sven Lokrantz Special Education Center,10,0.9728,0.9463,0.9746,1,0.9607,0.968,0.9706,0.9703,0.9676,0.9084,0.9446,0.9546,0.9582,0.9578,0.954,0.9497,0.9753,0.98,0.9817,0.9815,0.9797,0,1,1,1,1,1,0.067,H
14381,Sycamore Elementary School,34,0.9758,0.9419,0.9959,0.9412,0.979,0.983,0.9844,0.9842,0.9828,0.9021,0.9398,0.9506,0.9546,0.9542,0.9501,0.9812,0.9984,0.9989,0.999,0.999,0.9989,0,1,1,1,1,1,0.0512,H
14389,Sylmar Elementary School,96,0.9889,0.9796,0.9961,0.9688,0.9912,0.9931,0.9937,0.9936,0.993,0.9568,0.9806,0.9844,0.9857,0.9855,0.9842,0.9815,0.9986,0.9991,0.9992,0.9992,0.9991,0,1,1,1,1,1,0,H
14392,Sylmar Leadership Academy,90,0.9778,0.9632,0.9806,0.9778,0.9731,0.9782,0.98,0.9798,0.9779,0.933,0.9629,0.9698,0.9722,0.9719,0.9694,0.9584,0.9817,0.9853,0.9865,0.9864,0.9851,0,1,1,1,1,1,0,H
14394,Sylvan Park Elementary School,173,0.9834,0.9794,0.9965,0.9306,0.9925,0.9941,0.9946,0.9945,0.994,0.957,0.9805,0.9842,0.9855,0.9854,0.984,0.9821,0.999,0.9994,0.9995,0.9995,0.9994,0,1,1,1,1,1,0,H
14395,Synergy Charter Academy,47,0.9836,0.9686,0.9954,0.9574,0.9863,0.989,0.9899,0.9898,0.9889,0.9409,0.9687,0.9745,0.9766,0.9763,0.9742,0.9804,0.9978,0.9984,0.9986,0.9986,0.9984,0,1,1,1,1,1,0,H
14402,Tamarisk Elementary School,151,0.9849,0.9716,0.9872,0.9868,0.9811,0.9848,0.9861,0.9859,0.9846,0.9452,0.972,0.9773,0.9792,0.979,0.977,0.9683,0.989,0.9912,0.992,0.9919,0.9911,0,1,1,1,1,1,0,H
14405,Taper Avenue Elementary School,126,0.9735,0.9572,0.979,0.9683,0.9693,0.975,0.9771,0.9768,0.9747,0.924,0.9564,0.9644,0.9672,0.9669,0.9639,0.9561,0.98,0.9839,0.9852,0.985,0.9836,0,1,1,1,1,1,0.0022,H
14408,Tarzana Elementary School,60,0.9807,0.9805,0.9912,0.9333,0.988,0.9904,0.9912,0.9911,0.9903,0.9583,0.9817,0.9853,0.9865,0.9864,0.9851,0.9743,0.9933,0.9948,0.9952,0.9952,0.9947,0,1,1,1,1,1,0,H
14419,TEACH Preparatory Mildred S. Cunningham & Edith H.,,0.9549,0.9444,0.9644,0.9209,0.9538,0.9623,0.9653,0.965,0.9618,0.9059,0.9425,0.9529,0.9566,0.9562,0.9523,0.9348,0.9642,0.9708,0.9732,0.9729,0.9705,1,1,1,1,1,1,0.1737,H
14432,Telesis Academy Of Science & Math,42,0.9818,0.9698,0.9943,0.9524,0.9849,0.9879,0.9889,0.9888,0.9878,0.9425,0.97,0.9756,0.9776,0.9774,0.9753,0.9788,0.9967,0.9975,0.9977,0.9977,0.9975,0,1,1,1,1,1,0,H
14433,Telfair Avenue Elementary School,117,0.9843,0.9675,0.9872,0.9915,0.9792,0.9832,0.9846,0.9844,0.983,0.9391,0.9675,0.9736,0.9758,0.9756,0.9733,0.9682,0.989,0.9912,0.9919,0.9919,0.9911,0,1,1,1,1,1,0,H
14437,temple academy,48,0.9822,0.9808,0.9928,0.9375,0.9891,0.9914,0.9921,0.992,0.9912,0.9587,0.9819,0.9855,0.9867,0.9865,0.9853,0.9767,0.9951,0.9962,0.9965,0.9965,0.9962,0,1,1,1,1,1,0,H
14457,Temple Isaiah Preschool And Kindergarten,,0.9952,0.9916,0.9969,0.9802,0.9976,0.9983,0.9985,0.9984,0.9983,0.9748,0.9937,0.9951,0.9955,0.9955,0.995,0.9827,0.9995,0.9998,0.9998,0.9998,0.9998,1,1,1,1,1,1,0,H
14469,Teresa Hughes Elementary School,85,0.9912,0.9837,0.996,0.9765,0.9927,0.9943,0.9948,0.9947,0.9942,0.963,0.9851,0.988,0.9891,0.9889,0.9879,0.9814,0.9985,0.999,0.9991,0.9991,0.999,0,1,1,1,1,1,0,H
14472,Tesoro Del Valle Elementary School,64,0.9814,0.9649,0.9854,0.9844,0.9768,0.9812,0.9827,0.9826,0.981,0.9353,0.9647,0.9714,0.9737,0.9734,0.971,0.9655,0.9869,0.9896,0.9904,0.9903,0.9894,0,1,1,1,1,1,0,H
14477,Theodore Roosevelt,94,0.9853,0.9888,0.9968,0.9255,0.9965,0.9973,0.9976,0.9975,0.9973,0.9705,0.9906,0.9926,0.9932,0.9932,0.9925,0.9826,0.9994,0.9997,0.9998,0.9998,0.9997,0,1,1,1,1,1,0,H
14486,Third Street Elementary School,149,0.9818,0.9693,0.9872,0.9732,0.98,0.9839,0.9852,0.9851,0.9837,0.9419,0.9696,0.9752,0.9773,0.977,0.9749,0.9682,0.989,0.9912,0.992,0.9919,0.9911,0,1,1,1,1,1,0,H
14488,Thirty-Second Street USC Performing Arts,43,0.991,0.9918,0.997,0.9535,0.9979,0.9985,0.9987,0.9987,0.9985,0.9751,0.9939,0.9953,0.9957,0.9956,0.9952,0.9828,0.9995,0.9999,0.9999,0.9999,0.9999,0,1,1,1,1,1,0,H
14490,Thomas B. Moffitt Elementary School,129,0.9829,0.9738,0.9956,0.9457,0.9881,0.9905,0.9913,0.9912,0.9904,0.9484,0.9744,0.9793,0.981,0.9808,0.979,0.9807,0.9981,0.9986,0.9988,0.9988,0.9986,0,1,1,1,1,1,0,H
14491,Thomas Edison Elementary School,115,0.9605,0.9274,0.9638,0.9913,0.9451,0.955,0.9586,0.9582,0.9545,0.8816,0.924,0.9374,0.9423,0.9418,0.9367,0.9341,0.9637,0.9703,0.9728,0.9725,0.97,0,1,1,1,1,1,0.6115,H
14493,Thomas Jefferson Elementary School,149,0.9678,0.9442,0.9745,0.9732,0.9599,0.9672,0.9699,0.9696,0.9668,0.9055,0.9422,0.9526,0.9563,0.9559,0.952,0.9495,0.9752,0.9799,0.9816,0.9814,0.9796,0,1,1,1,1,1,0.0952,H
14508,Thurgood Marshall Elementary School,97,0.9807,0.9663,0.9848,0.9794,0.9769,0.9814,0.9829,0.9827,0.9811,0.9374,0.9663,0.9725,0.9748,0.9745,0.9721,0.9646,0.9863,0.9891,0.99,0.9899,0.9889,0,1,1,1,1,1,0,H
14514,Tibby Elementary School,75,0.8821,0.8047,0.8841,0.9867,0.8368,0.863,0.873,0.8718,0.8614,0.7182,0.792,0.8243,0.8365,0.8351,0.8225,0.8226,0.8775,0.8978,0.9056,0.9048,0.8968,0,1,1,1,1,1,1,L
14516,Tierra Bonita Elementary School,137,0.925,0.8835,0.9247,0.9708,0.8999,0.917,0.9234,0.9227,0.916,0.8212,0.8766,0.8974,0.9051,0.9042,0.8961,0.8783,0.9211,0.9349,0.9401,0.9396,0.9342,0,1,1,1,1,1,1,M
14527,Tincher Preparatory School,105,0.995,0.9867,0.9965,0.9905,0.9949,0.996,0.9964,0.9963,0.996,0.9675,0.9884,0.9907,0.9915,0.9914,0.9906,0.9821,0.9991,0.9995,0.9995,0.9995,0.9995,0,1,1,1,1,1,0,H
14546,today's fresh start charter,141,0.9907,0.9758,0.9922,1,0.9864,0.9891,0.99,0.9899,0.989,0.9515,0.9766,0.9811,0.9826,0.9825,0.9808,0.9757,0.9944,0.9956,0.996,0.9959,0.9956,0,1,1,1,1,1,0,H
14547,today's fresh start charter school inglewood,62,0.99,0.9796,0.9941,0.9839,0.9893,0.9915,0.9922,0.9921,0.9914,0.9569,0.9807,0.9844,0.9857,0.9855,0.9842,0.9785,0.9964,0.9973,0.9976,0.9975,0.9973,0,1,1,1,1,1,0,H
14548,Today's Fresh Start-Compton,40,0.9368,0.9049,0.9429,0.95,0.9214,0.9351,0.9403,0.9397,0.9344,0.8503,0.8996,0.9169,0.9235,0.9227,0.916,0.9036,0.9408,0.9515,0.9554,0.9549,0.9508,0,1,1,1,1,1,0.9975,M
14557,Toland Way Elementary School,47,0.992,0.9938,0.997,0.9574,0.9985,0.999,0.9991,0.9991,0.999,0.978,0.9961,0.997,0.9973,0.9972,0.997,0.9829,0.9996,0.9999,0.9999,0.9999,0.9999,0,1,1,1,1,1,0,H
14559,Toluca Lake Elementary School,102,0.9118,0.7558,0.9695,0.9804,0.8798,0.8994,0.9069,0.906,0.8983,0.6593,0.7402,0.7774,0.7926,0.7911,0.776,0.9422,0.9698,0.9753,0.9774,0.9772,0.9751,0,1,1,1,1,1,0.8925,M
14560,Tom Bradley Global Awareness Magnet School,31,0.9583,0.8629,0.9948,0.9355,0.9555,0.9634,0.9663,0.966,0.963,0.7938,0.8546,0.8783,0.8873,0.8863,0.877,0.9795,0.9972,0.9979,0.9981,0.9981,0.9979,0,1,1,1,1,1,0.324,H
14567,Topanga Elementary Charter,63,0.9707,0.9387,0.9803,0.9841,0.9614,0.9685,0.9711,0.9708,0.9681,0.8978,0.9364,0.9476,0.9518,0.9514,0.947,0.9579,0.9814,0.9851,0.9863,0.9862,0.9849,0,1,1,1,1,1,0.1322,H
14571,Topeka Charter School For Advanced Studies,109,0.9481,0.7931,0.9928,0.9908,0.9282,0.9404,0.9449,0.9444,0.9397,0.7051,0.78,0.8131,0.8262,0.8246,0.811,0.9766,0.995,0.9961,0.9965,0.9964,0.9961,0,1,1,1,1,1,0.5495,M
14575,Torrance Elementary School,101,0.9822,0.9683,0.9822,0.9901,0.9765,0.981,0.9825,0.9824,0.9807,0.9405,0.9685,0.9743,0.9764,0.9762,0.974,0.9608,0.9835,0.9867,0.9878,0.9877,0.9866,0,1,1,1,1,1,0,H
14587,Towers Elementary School,103,0.9946,0.9855,0.9965,0.9903,0.9944,0.9956,0.996,0.996,0.9956,0.9659,0.9871,0.9897,0.9906,0.9905,0.9896,0.9821,0.999,0.9994,0.9995,0.9995,0.9994,0,1,1,1,1,1,0,H
14592,Towne Avenue Elementary School,71,0.9963,0.9922,0.9969,0.9859,0.9978,0.9984,0.9986,0.9986,0.9984,0.9756,0.9943,0.9956,0.996,0.996,0.9956,0.9828,0.9995,0.9998,0.9998,0.9998,0.9998,0,1,1,1,1,1,0,H
14594,Tracy Elementary School,118,0.9515,0.9084,0.9584,0.9915,0.9324,0.9444,0.9488,0.9483,0.9437,0.8555,0.9036,0.9202,0.9263,0.9255,0.9191,0.926,0.9577,0.9655,0.9683,0.968,0.9651,0,1,1,1,1,1,0.8798,H
14596,Transfiguration Elementary School,,0.981,0.971,0.9896,0.9591,0.9822,0.9857,0.9869,0.9868,0.9855,0.9441,0.9713,0.9767,0.9787,0.9785,0.9765,0.9717,0.9916,0.9934,0.9939,0.9938,0.9933,1,1,1,1,1,1,0,H
14618,Trinity Christian School,13,0.9542,0.9618,0.9783,0.8462,0.9707,0.9762,0.9782,0.9779,0.9759,0.9308,0.9613,0.9684,0.9711,0.9707,0.9681,0.955,0.9793,0.9833,0.9847,0.9845,0.983,0,1,1,1,1,1,0,H
14622,Trinity Classical Academy,63,0.9948,0.9888,0.9967,0.9841,0.996,0.997,0.9972,0.9972,0.997,0.9706,0.9906,0.9926,0.9932,0.9932,0.9925,0.9824,0.9993,0.9996,0.9997,0.9997,0.9996,0,1,1,1,1,1,0,H
14626,Trinity Lutheran High School,,0.9665,0.9571,0.9749,0.9378,0.9665,0.9727,0.9749,0.9747,0.9724,0.9242,0.9562,0.9643,0.9672,0.9669,0.9639,0.9499,0.9755,0.9802,0.9818,0.9817,0.98,1,1,1,1,1,1,8e-04,H
14647,Tulita Elementary School,107,0.9343,0.8994,0.925,0.9907,0.9083,0.9242,0.9301,0.9294,0.9233,0.8428,0.8937,0.9119,0.9187,0.918,0.911,0.8787,0.9216,0.9354,0.9404,0.9399,0.9346,0,1,1,1,1,1,1,M
14650,Tulsa Street Elementary School,84,0.9933,0.9872,0.9968,0.9762,0.9958,0.9968,0.9971,0.997,0.9968,0.9681,0.9889,0.9912,0.9919,0.9918,0.991,0.9825,0.9993,0.9997,0.9997,0.9997,0.9997,0,1,1,1,1,1,0,H
14651,Tumbleweed Elementary School,123,0.9751,0.9534,0.9766,0.9919,0.9659,0.9722,0.9745,0.9743,0.9719,0.9187,0.9523,0.961,0.9642,0.9638,0.9605,0.9526,0.9774,0.9818,0.9833,0.9831,0.9815,0,1,1,1,1,1,0.0075,H
14653,Turning Point School,25,0.9782,0.9261,0.9963,0.96,0.978,0.9821,0.9836,0.9834,0.9819,0.8799,0.9227,0.9364,0.9415,0.941,0.9358,0.9818,0.9988,0.9993,0.9993,0.9993,0.9993,0,1,1,1,1,1,0.0993,H
14670,Twain Elementary School,93,0.9633,0.8927,0.9936,0.9785,0.9524,0.9609,0.9641,0.9637,0.9605,0.8339,0.8868,0.9058,0.9132,0.9123,0.9047,0.9778,0.9959,0.9969,0.9972,0.9971,0.9969,0,1,1,1,1,1,0.391,H
14674,Tweedy Elementary School,98,0.9619,0.9322,0.9717,0.9694,0.9524,0.9611,0.9642,0.9639,0.9606,0.8882,0.929,0.9418,0.9464,0.9458,0.941,0.9454,0.9721,0.9774,0.9793,0.9791,0.9771,0,1,1,1,1,1,0.3405,H
14675,Twentieth Street Elementary School,135,0.9796,0.9647,0.978,0.9926,0.9722,0.9774,0.9793,0.9791,0.9772,0.935,0.9645,0.9711,0.9734,0.9731,0.9707,0.9546,0.9789,0.983,0.9844,0.9843,0.9828,0,1,1,1,1,1,0,H
14676,Twenty-Eighth Street Elementary School,99,0.9922,0.9744,0.9968,0.9798,0.9933,0.9948,0.9952,0.9952,0.9947,0.9493,0.975,0.9799,0.9815,0.9814,0.9797,0.9826,0.9993,0.9997,0.9997,0.9997,0.9997,0,1,1,1,1,1,8e-04,H
14677,Twenty-Fourth Street Elementary School,126,0.9788,0.965,0.9852,0.9683,0.9768,0.9812,0.9828,0.9826,0.981,0.9358,0.9649,0.9714,0.9738,0.9735,0.9711,0.9652,0.9868,0.9894,0.9903,0.9902,0.9893,0,1,1,1,1,1,0,H
14680,Twin Lakes Elementary School,22,0.9706,0.9537,0.9804,0.9545,0.9683,0.9742,0.9764,0.9761,0.9739,0.9191,0.9526,0.9612,0.9644,0.964,0.9608,0.9581,0.9816,0.9852,0.9864,0.9863,0.985,0,1,1,1,1,1,0.0082,H
14682,Two Hundred Thirty-Second Place School,99,0.9953,0.9915,0.9969,0.9798,0.9978,0.9985,0.9986,0.9986,0.9984,0.9747,0.9936,0.995,0.9954,0.9954,0.995,0.9828,0.9995,0.9998,0.9999,0.9999,0.9998,0,1,1,1,1,1,0,H
14684,tzu chi elementary school,21,0.9888,0.9874,0.9966,0.9524,0.995,0.9962,0.9965,0.9965,0.9961,0.9687,0.9892,0.9914,0.9921,0.992,0.9912,0.9822,0.9991,0.9995,0.9996,0.9996,0.9995,0,1,1,1,1,1,0,H
14686,Tzu Chi Elementary School - Walnut,55,0.985,0.9878,0.9966,0.9273,0.9956,0.9966,0.9969,0.9969,0.9966,0.9692,0.9896,0.9917,0.9924,0.9923,0.9916,0.9822,0.9992,0.9995,0.9996,0.9996,0.9995,0,1,1,1,1,1,0,H
14691,UCLA Community School,70,0.9515,0.9784,0.9962,0.7429,0.9916,0.9934,0.9939,0.9939,0.9933,0.9554,0.9795,0.9834,0.9848,0.9846,0.9832,0.9816,0.9986,0.9991,0.9992,0.9992,0.9991,0,1,1,1,1,1,0,H
14704,Union Avenue Elementary School,179,0.9945,0.9942,0.997,0.9721,0.9986,0.9991,0.9992,0.9992,0.9991,0.9787,0.9965,0.9974,0.9976,0.9976,0.9974,0.9829,0.9996,0.9999,0.9999,0.9999,0.9999,0,1,1,1,1,1,0,H
14709,United Christian Education Center,14,0.6815,0.5473,0.6409,1,0.5714,0.6205,0.6409,0.6385,0.6175,0.4308,0.5225,0.5732,0.5947,0.5919,0.5697,0.5283,0.6193,0.6663,0.6856,0.6833,0.6635,0,1,1,1,1,1,1,L
14732,Unsworth Elementary School,102,0.9296,0.8225,0.9822,0.9412,0.9137,0.9284,0.9339,0.9332,0.9275,0.7404,0.811,0.8407,0.8521,0.8506,0.8388,0.9609,0.9835,0.9868,0.9879,0.9877,0.9866,0,1,1,1,1,1,0.7762,M
14747,Utah Street Elementary School,52,0.995,0.9898,0.9969,0.9808,0.9972,0.998,0.9982,0.9981,0.998,0.9721,0.9917,0.9935,0.994,0.994,0.9934,0.9828,0.9995,0.9998,0.9998,0.9998,0.9998,0,1,1,1,1,1,0,H
14752,Valencia Elementary School,98,0.9894,0.9571,0.9962,1,0.9844,0.9875,0.9885,0.9884,0.9873,0.9239,0.9562,0.9643,0.9673,0.9669,0.9639,0.9817,0.9987,0.9992,0.9993,0.9993,0.9992,0,1,1,1,1,1,0.0118,H
14758,Valencia Valley Elementary School,130,0.9684,0.9358,0.9745,0.9923,0.9562,0.9642,0.9671,0.9667,0.9637,0.8937,0.9332,0.9451,0.9496,0.9491,0.9446,0.9495,0.9752,0.9799,0.9815,0.9813,0.9795,0,1,1,1,1,1,0.234,H
14760,Valentine Elementary School,113,0.9743,0.945,0.9822,0.9912,0.9649,0.9714,0.9737,0.9735,0.971,0.9068,0.9431,0.9534,0.9571,0.9567,0.9528,0.9607,0.9835,0.9867,0.9878,0.9877,0.9866,0,1,1,1,1,1,0.062,H
14762,Valerio Street Elementary School,168,0.9873,0.9715,0.992,0.9881,0.9843,0.9874,0.9885,0.9883,0.9873,0.9451,0.9719,0.9772,0.9792,0.979,0.977,0.9753,0.9941,0.9954,0.9958,0.9958,0.9954,0,1,1,1,1,1,0,H
14764,valiant academy of los angeles,,0.9756,0.9289,0.9957,0.9514,0.9764,0.9808,0.9824,0.9822,0.9806,0.8839,0.9258,0.9388,0.9437,0.9431,0.938,0.9809,0.9982,0.9988,0.9989,0.9989,0.9987,1,1,1,1,1,1,0.0875,H
14767,Valinda School Of Academics,53,0.99,0.9813,0.9937,0.9811,0.9899,0.992,0.9926,0.9926,0.9919,0.9595,0.9825,0.9859,0.9871,0.9869,0.9857,0.9779,0.996,0.997,0.9972,0.9972,0.9969,0,1,1,1,1,1,0,H
14769,Valley School,71,0.992,0.9794,0.9962,0.9859,0.9916,0.9934,0.9939,0.9939,0.9933,0.9568,0.9804,0.9842,0.9855,0.9854,0.984,0.9817,0.9987,0.9992,0.9993,0.9992,0.9992,0,1,1,1,1,1,0,H
14772,Valley Beth Shalom Day School,30,0.9868,0.9889,0.9969,0.9333,0.9967,0.9975,0.9977,0.9977,0.9975,0.9709,0.9908,0.9928,0.9934,0.9933,0.9927,0.9826,0.9994,0.9998,0.9998,0.9998,0.9998,0,1,1,1,1,1,0,H
14774,Valley Charter Elementary School,47,0.8138,0.5982,0.8925,0.9574,0.7521,0.7873,0.8011,0.7995,0.7852,0.4823,0.5751,0.6237,0.644,0.6419,0.6208,0.834,0.8866,0.9057,0.9128,0.9118,0.9042,0,1,1,1,1,1,1,L
14776,Valley Christian Elementary School,93,0.9931,0.9839,0.9968,0.9785,0.995,0.9962,0.9965,0.9965,0.9961,0.9633,0.9853,0.9882,0.9892,0.9891,0.9881,0.9826,0.9994,0.9997,0.9997,0.9997,0.9997,0,1,1,1,1,1,0,H
14801,Valley Presbyterian School,,0.9612,0.936,0.9805,0.9302,0.9608,0.968,0.9706,0.9703,0.9676,0.8936,0.9334,0.9453,0.9498,0.9493,0.9447,0.9584,0.9817,0.9852,0.9864,0.9863,0.985,1,1,1,1,1,1,0.15,H
14805,Valley View Elementary School,79,0.9541,0.9251,0.9573,0.9747,0.94,0.9508,0.9547,0.9542,0.9502,0.8787,0.9216,0.9354,0.9405,0.9399,0.9347,0.9243,0.9564,0.9644,0.9673,0.967,0.964,0,1,1,1,1,1,0.8268,H
14811,valley view community elementary,108,0.982,0.9784,0.9951,0.9352,0.9894,0.9916,0.9923,0.9922,0.9915,0.9552,0.9794,0.9834,0.9848,0.9846,0.9832,0.9799,0.9975,0.9982,0.9983,0.9983,0.9982,0,1,1,1,1,1,0,H
14816,Valleydale Elementary School,134,0.9702,0.9393,0.9759,0.9925,0.9587,0.9663,0.969,0.9687,0.9659,0.8983,0.9369,0.9483,0.9525,0.952,0.9478,0.9516,0.9767,0.9812,0.9828,0.9826,0.9809,0,1,1,1,1,1,0.157,H
14819,valmonte elementary,21,0.9116,0.993,0.997,0.4762,0.9982,0.9988,0.9989,0.9989,0.9987,0.9768,0.9952,0.9963,0.9966,0.9966,0.9963,0.9829,0.9995,0.9999,0.9999,0.9999,0.9999,0,1,1,1,1,1,0,M
14822,Valor Academy Elementary,87,0.9838,0.9706,0.9893,0.977,0.9819,0.9854,0.9866,0.9865,0.9852,0.9437,0.9709,0.9763,0.9782,0.978,0.976,0.9714,0.9912,0.9931,0.9936,0.9936,0.993,0,1,1,1,1,1,0,H
14825,Valor Christian Academy,30,0.9723,0.9695,0.9804,0.9333,0.9758,0.9804,0.9821,0.9819,0.9802,0.9421,0.9697,0.9754,0.9774,0.9772,0.9751,0.9582,0.9816,0.9852,0.9864,0.9863,0.985,0,1,1,1,1,1,0,H
14827,Van Deene Avenue Elementary School,65,0.9937,0.9855,0.9965,0.9846,0.9944,0.9957,0.9961,0.996,0.9956,0.9656,0.9871,0.9897,0.9905,0.9904,0.9895,0.9821,0.999,0.9995,0.9995,0.9995,0.9995,0,1,1,1,1,1,0,H
14828,Van Gogh Charter School,87,0.9884,0.9793,0.9935,0.977,0.9886,0.9909,0.9917,0.9916,0.9908,0.9564,0.9803,0.9841,0.9854,0.9853,0.9839,0.9776,0.9958,0.9968,0.997,0.997,0.9967,0,1,1,1,1,1,0,H
14829,Van Ness Avenue Elementary School,33,0.9809,0.9778,0.9918,0.9394,0.9868,0.9894,0.9903,0.9902,0.9893,0.9543,0.9787,0.9828,0.9843,0.9841,0.9826,0.9751,0.9939,0.9952,0.9957,0.9956,0.9952,0,1,1,1,1,1,0,H
14832,Van Nuys Elementary School,98,0.9941,0.9891,0.9967,0.9796,0.9962,0.9971,0.9974,0.9973,0.9971,0.971,0.9909,0.9928,0.9934,0.9933,0.9927,0.9824,0.9993,0.9996,0.9997,0.9997,0.9996,0,1,1,1,1,1,0,H
14843,Vanalden Avenue Elementary School,96,0.9883,0.9726,0.9954,0.9792,0.9878,0.9903,0.9911,0.991,0.9902,0.9467,0.973,0.9781,0.9799,0.9797,0.9779,0.9805,0.9979,0.9985,0.9986,0.9986,0.9985,0,1,1,1,1,1,0,H
14848,Vaughn Next Century Learning Center,257,0.992,0.9833,0.9938,0.9883,0.991,0.9929,0.9935,0.9934,0.9928,0.9625,0.9847,0.9878,0.9888,0.9886,0.9876,0.9781,0.9961,0.997,0.9973,0.9973,0.997,0,1,1,1,1,1,0,H
14850,Vejar Elementary School,108,0.9813,0.9908,0.9969,0.8981,0.9973,0.9981,0.9982,0.9982,0.998,0.9735,0.9928,0.9944,0.9949,0.9948,0.9943,0.9827,0.9995,0.9998,0.9998,0.9998,0.9998,0,1,1,1,1,1,0,H
14851,Vena Avenue Elementary School,103,0.9915,0.9896,0.9969,0.9612,0.9968,0.9976,0.9978,0.9978,0.9976,0.9719,0.9915,0.9933,0.9939,0.9938,0.9932,0.9826,0.9994,0.9998,0.9998,0.9998,0.9998,0,1,1,1,1,1,0,H
14868,Verdugo Woodlands Elementary School,94,0.9936,0.9878,0.9967,0.9787,0.9957,0.9967,0.997,0.997,0.9967,0.9691,0.9896,0.9917,0.9924,0.9924,0.9916,0.9824,0.9992,0.9996,0.9997,0.9996,0.9996,0,1,1,1,1,1,0,H
14870,Vermont Avenue Elementary School,63,0.9761,0.8802,0.9963,0.9841,0.9693,0.9749,0.9769,0.9766,0.9746,0.8166,0.8732,0.8941,0.902,0.9011,0.8929,0.9818,0.9988,0.9992,0.9993,0.9993,0.9992,0,1,1,1,1,1,0.185,H
14876,Vernon City Elementary School,24,0.9893,0.9811,0.9968,0.9583,0.9944,0.9956,0.996,0.996,0.9956,0.9592,0.9823,0.9857,0.9869,0.9868,0.9855,0.9825,0.9994,0.9997,0.9997,0.9997,0.9997,0,1,1,1,1,1,0,H
14882,Victor Elementary School,177,0.9686,0.9403,0.9727,0.9887,0.9574,0.9652,0.968,0.9677,0.9648,0.9,0.9381,0.9493,0.9534,0.9529,0.9487,0.9469,0.9732,0.9782,0.98,0.9798,0.978,0,1,1,1,1,1,0.1592,H
14884,Victor F. Hodge Elementary School,96,0.9936,0.9864,0.9968,0.9792,0.9956,0.9966,0.9969,0.9969,0.9966,0.9669,0.9881,0.9905,0.9913,0.9912,0.9903,0.9825,0.9993,0.9997,0.9997,0.9997,0.9997,0,1,1,1,1,1,0,H
14886,Victoria Avenue Elementary School,57,0.992,0.9803,0.9964,0.9825,0.9924,0.994,0.9945,0.9945,0.994,0.9579,0.9815,0.9851,0.9863,0.9861,0.9848,0.9819,0.9989,0.9994,0.9994,0.9994,0.9994,0,1,1,1,1,1,0,H
14889,Victory Boulevard Elementary School,106,0.9762,0.9581,0.9835,0.9717,0.9722,0.9774,0.9793,0.9791,0.9772,0.9256,0.9573,0.9652,0.968,0.9677,0.9648,0.9628,0.9849,0.9879,0.9889,0.9888,0.9877,0,1,1,1,1,1,0.0027,H
14895,the vida school,20,0.9631,0.9416,0.9738,0.95,0.9586,0.9662,0.969,0.9687,0.9658,0.9018,0.9394,0.9503,0.9543,0.9538,0.9497,0.9485,0.9743,0.9792,0.981,0.9808,0.979,0,1,1,1,1,1,0.1212,H
14898,View Park Preparatory Accelerated Charter School,95,0.9358,0.849,0.9679,0.9789,0.9133,0.9282,0.9338,0.9331,0.9274,0.7755,0.8396,0.8656,0.8756,0.8744,0.8641,0.9397,0.968,0.974,0.9761,0.9759,0.9738,0,1,1,1,1,1,0.8592,M
14899,Viewpoint School,69,0.9901,0.9788,0.9938,0.9855,0.9889,0.9912,0.9919,0.9918,0.9911,0.9557,0.9798,0.9837,0.9851,0.9849,0.9836,0.9781,0.9961,0.9971,0.9973,0.9973,0.9971,0,1,1,1,1,1,0,H
14901,Villacorta Elementary School,46,0.9352,0.901,0.9389,0.9565,0.9176,0.932,0.9373,0.9367,0.9311,0.8452,0.8955,0.9134,0.9202,0.9193,0.9124,0.8983,0.9368,0.948,0.9521,0.9516,0.9473,0,1,1,1,1,1,0.9998,M
14906,Village Charter Academy,68,0.9724,0.94,0.9827,0.9853,0.9636,0.9703,0.9727,0.9725,0.97,0.8999,0.9377,0.9489,0.953,0.9526,0.9484,0.9615,0.9841,0.9873,0.9883,0.9882,0.9871,0,1,1,1,1,1,0.1138,H
14907,Village Christian Schools,71,0.9964,0.992,0.997,0.9859,0.9979,0.9985,0.9987,0.9986,0.9985,0.9753,0.9942,0.9955,0.9958,0.9958,0.9954,0.9828,0.9995,0.9999,0.9999,0.9999,0.9999,0,1,1,1,1,1,0,H
14914,"Village School, Inc.",40,0.8979,0.7977,0.9354,0.95,0.8672,0.8889,0.8972,0.8963,0.8877,0.7103,0.7847,0.8172,0.8297,0.8282,0.8151,0.8927,0.9329,0.9447,0.9491,0.9486,0.9441,0,1,1,1,1,1,0.9962,L
14918,Village Montessori Academy,24,0.9622,0.9846,0.9968,0.7917,0.9953,0.9964,0.9967,0.9967,0.9964,0.9643,0.9861,0.9889,0.9898,0.9897,0.9888,0.9826,0.9994,0.9997,0.9998,0.9998,0.9997,0,1,1,1,1,1,0,H
14931,Vine Elementary School,81,0.9292,0.8947,0.9338,0.9506,0.9106,0.926,0.9318,0.9312,0.9252,0.8362,0.8887,0.9076,0.9146,0.9137,0.9063,0.8909,0.9311,0.9432,0.9478,0.9472,0.9426,0,1,1,1,1,1,1,M
14936,Vine Street Elementary School,30,0.6198,0.3878,0.6827,0.9333,0.5101,0.5598,0.5807,0.5782,0.5567,0.2834,0.3626,0.4112,0.4322,0.4296,0.4081,0.5723,0.6625,0.7074,0.7253,0.7233,0.7048,0,1,1,1,1,1,1,L
14937,Vinedale Elementary School,28,0.6752,0.4521,0.783,0.8214,0.6023,0.6487,0.6678,0.6655,0.6458,0.3419,0.4266,0.4769,0.4992,0.4968,0.4742,0.6915,0.7692,0.8032,0.8168,0.8152,0.8014,0,1,1,1,1,1,1,L
14938,Vineland Elementary School,91,0.6649,0.4302,0.7214,0.978,0.5563,0.6049,0.6252,0.6228,0.6019,0.3209,0.4044,0.4548,0.4768,0.4742,0.4521,0.6188,0.704,0.7447,0.7611,0.7592,0.7422,0,1,1,1,1,1,1,L
14939,Vineyard Christian School,23,0.9206,0.8956,0.9441,0.8696,0.9174,0.9318,0.9372,0.9366,0.931,0.8372,0.8896,0.9085,0.9156,0.9149,0.9076,0.906,0.9422,0.9525,0.9562,0.9558,0.9519,0,1,1,1,1,1,0.9948,M
14940,Vintage Math/Science/Technology Magnet School,47,0.9777,0.9628,0.9889,0.9574,0.9779,0.9821,0.9836,0.9834,0.9819,0.9324,0.9625,0.9694,0.9719,0.9716,0.9691,0.9707,0.9908,0.9927,0.9933,0.9933,0.9926,0,1,1,1,1,1,8e-04,H
14943,Virginia Road Elementary School,52,0.9852,0.9724,0.9901,0.9808,0.9831,0.9864,0.9875,0.9874,0.9862,0.9462,0.9728,0.9779,0.9798,0.9796,0.9777,0.9724,0.992,0.9937,0.9942,0.9942,0.9936,0,1,1,1,1,1,0,H
14945,virtual academy of international studies/humanities (world languages and cultures),,0.9634,0.9508,0.9746,0.9333,0.9631,0.97,0.9724,0.9721,0.9696,0.9148,0.9494,0.9586,0.9619,0.9616,0.9581,0.9497,0.9753,0.98,0.9816,0.9814,0.9797,1,1,1,1,1,1,0.0205,H
14946,virtual academy of the arts & entertainment,,0.9583,0.869,0.9956,0.9266,0.9576,0.9652,0.9679,0.9676,0.9648,0.8027,0.8613,0.8845,0.8932,0.8923,0.8833,0.9807,0.998,0.9986,0.9987,0.9987,0.9986,1,1,1,1,1,1,0.312,H
14947,virtual academy steam,43,0.9256,0.9943,0.997,0.5581,0.9986,0.9991,0.9992,0.9992,0.9991,0.9788,0.9967,0.9975,0.9977,0.9977,0.9975,0.9829,0.9996,0.9999,0.9999,0.9999,0.9999,0,1,1,1,1,1,0,M
14952,Visitation Elementary School,40,0.9407,0.9588,0.9861,0.75,0.9744,0.9793,0.981,0.9808,0.979,0.9265,0.9581,0.9659,0.9686,0.9683,0.9655,0.9666,0.9877,0.9902,0.991,0.9909,0.9901,0,1,1,1,1,1,0.0025,M
14959,Vista Del Valle Elementary School,44,0.9496,0.9292,0.9509,0.9545,0.9384,0.9494,0.9535,0.953,0.9488,0.8841,0.926,0.9391,0.9438,0.9433,0.9384,0.9155,0.9496,0.9588,0.9621,0.9618,0.9583,0,1,1,1,1,1,0.9615,M
14960,Vista Del Valle Dual Language Academy,85,0.9764,0.9134,0.9963,0.9529,0.9771,0.9814,0.9829,0.9827,0.9812,0.8624,0.9091,0.9247,0.9305,0.9297,0.9236,0.9817,0.9988,0.9992,0.9993,0.9993,0.9992,0,1,1,1,1,1,0.1055,H
14961,Vista Grande Elementary School,62,0.9327,0.862,0.952,0.9839,0.9077,0.9235,0.9295,0.9288,0.9227,0.7926,0.8537,0.8775,0.8864,0.8853,0.8759,0.9167,0.9507,0.9598,0.963,0.9625,0.9591,0,1,1,1,1,1,0.9685,M
14963,Vista Horizon Global Academy,23,0.9149,0.873,0.9152,0.9565,0.8891,0.9079,0.915,0.9141,0.9068,0.8072,0.8653,0.8877,0.8963,0.8953,0.8866,0.865,0.911,0.9264,0.9322,0.9315,0.9255,0,1,1,1,1,1,1,M
14965,Vista San Gabriel Elementary School,161,0.994,0.9842,0.9966,0.9876,0.9941,0.9954,0.9958,0.9958,0.9954,0.9636,0.9856,0.9885,0.9894,0.9894,0.9884,0.9822,0.9991,0.9995,0.9996,0.9996,0.9995,0,1,1,1,1,1,0,H
14977,W. R. Powell Elementary School,60,0.9956,0.991,0.9969,0.9833,0.9974,0.9981,0.9983,0.9982,0.9981,0.9739,0.9931,0.9946,0.995,0.995,0.9945,0.9827,0.9995,0.9998,0.9998,0.9998,0.9998,0,1,1,1,1,1,0,H
14980,Wadsworth Avenue Elementary School,100,0.9887,0.9799,0.9925,0.98,0.9883,0.9906,0.9914,0.9913,0.9905,0.9572,0.9809,0.9846,0.9859,0.9857,0.9844,0.9761,0.9946,0.9958,0.9962,0.9962,0.9958,0,1,1,1,1,1,0,H
14982,Wagon Wheel School,20,0.9782,0.9688,0.9881,0.95,0.9804,0.9842,0.9855,0.9854,0.984,0.9411,0.9689,0.9748,0.9768,0.9766,0.9745,0.9695,0.99,0.992,0.9927,0.9926,0.992,0,1,1,1,1,1,0,H
14984,Walden School,24,0.988,0.9841,0.9956,0.9583,0.9924,0.994,0.9945,0.9945,0.994,0.9637,0.9856,0.9884,0.9894,0.9893,0.9883,0.9806,0.998,0.9986,0.9987,0.9987,0.9986,0,1,1,1,1,1,0,H
14988,Walgrove Avenue Elementary School,56,0.9616,0.9454,0.9693,0.9464,0.9574,0.9652,0.968,0.9677,0.9648,0.9074,0.9436,0.9538,0.9575,0.9571,0.9532,0.9418,0.9694,0.9752,0.9772,0.977,0.9749,0,1,1,1,1,1,0.1035,H
14990,Wallen L. Andrews Elementary School,87,0.9633,0.9413,0.9644,0.977,0.9525,0.9612,0.9643,0.9639,0.9607,0.9016,0.9392,0.95,0.954,0.9536,0.9494,0.9347,0.9642,0.9709,0.9733,0.973,0.9705,0,1,1,1,1,1,0.264,H
14992,Walnut Elementary School,92,0.9737,0.9441,0.985,0.9783,0.9671,0.9732,0.9754,0.9751,0.9729,0.9054,0.9421,0.9526,0.9565,0.9561,0.9521,0.9649,0.9865,0.9892,0.9901,0.99,0.9891,0,1,1,1,1,1,0.0625,H
14997,Walnut Montessori Preschool Academy,,0.9836,0.9784,0.9884,0.963,0.9851,0.988,0.989,0.9889,0.9879,0.9553,0.9794,0.9834,0.9848,0.9846,0.9832,0.9701,0.9903,0.9923,0.9929,0.9929,0.9922,1,1,1,1,1,1,0,H
14998,Walnut Park Elementary School,113,0.9686,0.9437,0.9729,0.9823,0.9589,0.9665,0.9692,0.9689,0.966,0.9049,0.9418,0.9523,0.9561,0.9557,0.9517,0.9471,0.9734,0.9784,0.9802,0.98,0.9781,0,1,1,1,1,1,0.1045,H
15007,Walt Disney Elementary School,65,0.9947,0.9872,0.9968,0.9846,0.9959,0.9969,0.9971,0.9971,0.9968,0.9681,0.9889,0.9912,0.9919,0.9918,0.991,0.9825,0.9993,0.9997,0.9997,0.9997,0.9997,0,1,1,1,1,1,0,H
15010,Walteria Elementary School,118,0.9131,0.8437,0.9217,0.9915,0.8785,0.8988,0.9065,0.9056,0.8976,0.7682,0.8338,0.8606,0.8707,0.8695,0.8589,0.8739,0.9179,0.9323,0.9376,0.9369,0.9314,0,1,1,1,1,1,1,M
15013,Ward Elementary School,99,0.994,0.9937,0.997,0.9697,0.9985,0.999,0.9991,0.9991,0.999,0.9778,0.9959,0.9969,0.9972,0.9972,0.9969,0.9829,0.9996,0.9999,0.9999,0.9999,0.9999,0,1,1,1,1,1,0,H
15014,Warner Avenue Elementary School,121,0.9948,0.993,0.997,0.9752,0.9983,0.9989,0.999,0.9989,0.9988,0.9769,0.9952,0.9963,0.9967,0.9966,0.9963,0.9829,0.9996,0.9999,0.9999,0.9999,0.9999,0,1,1,1,1,1,0,H
15016,warren lane tk-6 elementary,,0.9509,0.9368,0.9632,0.9152,0.9496,0.9587,0.962,0.9617,0.9582,0.8953,0.9344,0.946,0.9502,0.9497,0.9452,0.9331,0.963,0.9698,0.9723,0.972,0.9694,1,1,1,1,1,1,0.4325,H
15019,Washington Elementary School,86,0.9857,0.9351,0.9965,0.9767,0.9847,0.9877,0.9887,0.9886,0.9876,0.8921,0.9324,0.9446,0.9491,0.9486,0.944,0.9822,0.9991,0.9995,0.9995,0.9995,0.9995,0,1,1,1,1,1,0.0532,H
15038,Washington Accelerated Elementary School,98,0.9692,0.9812,0.9962,0.8469,0.9921,0.9938,0.9943,0.9942,0.9937,0.9593,0.9824,0.9858,0.987,0.9868,0.9856,0.9816,0.9987,0.9991,0.9992,0.9992,0.9991,0,1,1,1,1,1,0,H
15039,Washington Primary Center School,49,0.9905,0.988,0.9968,0.9592,0.9959,0.9969,0.9972,0.9972,0.9969,0.9693,0.9897,0.9919,0.9925,0.9925,0.9918,0.9825,0.9993,0.9997,0.9997,0.9997,0.9997,0,1,1,1,1,1,0,H
15067,"Waverly School, The",23,0.9918,0.9933,0.997,0.9565,0.9984,0.9989,0.999,0.999,0.9989,0.9772,0.9955,0.9965,0.9968,0.9968,0.9965,0.9829,0.9996,0.9999,0.9999,0.9999,0.9999,0,1,1,1,1,1,0,H
15077,Webster Elementary School,40,0.9775,0.9589,0.9929,0.95,0.9794,0.9833,0.9847,0.9846,0.9831,0.9265,0.9582,0.9659,0.9687,0.9685,0.9656,0.9767,0.9952,0.9963,0.9966,0.9966,0.9963,0,1,1,1,1,1,0.0032,H
15085,Wedgeworth Elementary School,89,0.9329,0.9005,0.926,0.9775,0.9094,0.9251,0.9309,0.9303,0.9242,0.8445,0.895,0.9129,0.9196,0.9188,0.9119,0.8798,0.9226,0.9362,0.9413,0.9407,0.9355,0,1,1,1,1,1,1,M
15093,Weigand Avenue Elementary School,68,0.9754,0.9384,0.9887,0.9853,0.968,0.9739,0.976,0.9758,0.9736,0.8976,0.9361,0.9476,0.9518,0.9513,0.9469,0.9704,0.9905,0.9925,0.9931,0.993,0.9924,0,1,1,1,1,1,0.0882,H
15096,Weizmann Day School,10,0.9904,0.9424,0.9967,1,0.9859,0.9887,0.9896,0.9895,0.9886,0.9032,0.9404,0.951,0.9549,0.9545,0.9504,0.9824,0.9992,0.9996,0.9996,0.9996,0.9996,0,1,1,1,1,1,0.041,H
15097,Welby Way Elementary Charter School,67,0.9925,0.9842,0.9956,0.9851,0.9926,0.9942,0.9947,0.9946,0.9941,0.9636,0.9856,0.9885,0.9894,0.9893,0.9883,0.9808,0.9981,0.9987,0.9988,0.9988,0.9987,0,1,1,1,1,1,0,H
15100,Wescove Elementary School,92,0.9869,0.9411,0.9966,0.9783,0.9861,0.9888,0.9897,0.9896,0.9887,0.9018,0.9389,0.9497,0.9539,0.9534,0.9492,0.9822,0.9991,0.9995,0.9996,0.9996,0.9995,0,1,1,1,1,1,0.0362,H
15103,Wesley Gaines School,106,0.9532,0.9216,0.9513,0.9906,0.935,0.9466,0.9508,0.9504,0.9459,0.8736,0.9179,0.9322,0.9376,0.9369,0.9315,0.9156,0.9499,0.959,0.9624,0.962,0.9586,0,1,1,1,1,1,0.9595,H
15104,"Wesley School, The",30,0.9562,0.932,0.9728,0.9333,0.9528,0.9614,0.9645,0.9642,0.9609,0.8884,0.9291,0.9416,0.9461,0.9455,0.9407,0.947,0.9733,0.9784,0.9802,0.98,0.9781,0,1,1,1,1,1,0.3465,H
15112,West Athens Elementary School,115,0.9699,0.9538,0.9712,0.9739,0.9627,0.9696,0.9721,0.9718,0.9693,0.9193,0.9527,0.9613,0.9644,0.9641,0.9609,0.9448,0.9716,0.9769,0.9788,0.9786,0.9767,0,1,1,1,1,1,0.0025,H
15118,West Covina Christian Elementary School,24,0.9737,0.9705,0.9891,0.9167,0.9819,0.9854,0.9866,0.9865,0.9852,0.9436,0.9708,0.9763,0.9782,0.978,0.9759,0.971,0.991,0.9929,0.9935,0.9934,0.9928,0,1,1,1,1,1,0,H
15121,West Covina Hills Adventist School,10,0.9988,0.9927,0.997,1,0.9981,0.9987,0.9988,0.9988,0.9987,0.9765,0.9949,0.9961,0.9964,0.9964,0.996,0.9828,0.9995,0.9999,0.9999,0.9999,0.9999,0,1,1,1,1,1,0,H
15123,West Creek Academy,157,0.9632,0.9235,0.9731,0.9873,0.95,0.9591,0.9624,0.962,0.9586,0.876,0.9198,0.9339,0.9389,0.9384,0.933,0.9474,0.9737,0.9787,0.9804,0.9803,0.9784,0,1,1,1,1,1,0.4312,H
15125,West Hills Montessori,10,0.991,0.9608,0.9964,1,0.9869,0.9895,0.9903,0.9902,0.9893,0.9294,0.9602,0.9675,0.9701,0.9698,0.9671,0.9819,0.9989,0.9993,0.9994,0.9994,0.9993,0,1,1,1,1,1,0.0055,H
15127,West Hollywood Elementary School,63,0.9203,0.8623,0.9333,0.9683,0.8939,0.9119,0.9187,0.9179,0.9109,0.7929,0.8537,0.8777,0.8869,0.8859,0.8764,0.89,0.9304,0.9428,0.9474,0.947,0.9423,0,1,1,1,1,1,0.9995,M
15141,west valley christian church,,0.9742,0.9574,0.9879,0.9491,0.9749,0.9796,0.9813,0.9811,0.9794,0.9246,0.9567,0.9646,0.9675,0.9672,0.9642,0.9693,0.9897,0.9918,0.9925,0.9924,0.9917,1,1,1,1,1,1,0.0035,H
15151,West Vernon Avenue Elementary School,111,0.8761,0.7987,0.8736,0.991,0.8276,0.855,0.8655,0.8642,0.8534,0.7111,0.7858,0.8183,0.8309,0.8294,0.8165,0.8079,0.8662,0.8882,0.8965,0.8955,0.8869,0,1,1,1,1,1,1,L
15152,West Whittier Elementary School,77,0.8766,0.7928,0.887,0.974,0.8322,0.8589,0.8691,0.8679,0.8573,0.7041,0.7795,0.8127,0.8257,0.8243,0.8107,0.8255,0.8803,0.9007,0.9083,0.9074,0.8996,0,1,1,1,1,1,1,L
15154,west wind elementary,148,0.957,0.9298,0.9527,0.9932,0.9397,0.9505,0.9545,0.954,0.9499,0.8852,0.9268,0.9397,0.9444,0.9438,0.9388,0.9177,0.9515,0.9603,0.9636,0.9632,0.9599,0,1,1,1,1,1,0.921,H
15161,Westchester Lutheran School,28,0.9832,0.9688,0.9942,0.9643,0.9841,0.9873,0.9883,0.9882,0.9871,0.9413,0.969,0.9748,0.9768,0.9766,0.9744,0.9787,0.9965,0.9974,0.9976,0.9976,0.9974,0,1,1,1,1,1,0,H
15164,Westerly School of Long Beach,20,0.9692,0.9528,0.9793,0.95,0.9674,0.9735,0.9757,0.9754,0.9732,0.9178,0.9516,0.9604,0.9636,0.9632,0.9599,0.9565,0.9803,0.9841,0.9855,0.9853,0.9839,0,1,1,1,1,1,0.0098,H
15165,Western Avenue Technology Magnet,83,0.9495,0.8973,0.9799,0.9277,0.9447,0.9546,0.9582,0.9578,0.954,0.8401,0.8916,0.91,0.917,0.9162,0.909,0.9575,0.981,0.9847,0.986,0.9858,0.9845,0,1,1,1,1,1,0.5198,M
15166,Western Christian School,72,0.9848,0.9676,0.9898,0.9861,0.9812,0.9848,0.9861,0.986,0.9847,0.9392,0.9676,0.9737,0.9759,0.9756,0.9734,0.9721,0.9918,0.9935,0.994,0.994,0.9934,0,1,1,1,1,1,0,H
15167,Western Christian Psp,42,0.8547,0.7525,0.916,0.8333,0.8345,0.8607,0.8707,0.8696,0.8592,0.6541,0.7363,0.7744,0.7896,0.7878,0.7725,0.8659,0.9119,0.9271,0.9328,0.9321,0.9262,0,1,1,1,1,1,0.9995,L
15171,"Westland School, The",22,0.9186,0.8431,0.9445,0.9545,0.8949,0.9127,0.9194,0.9186,0.9117,0.7684,0.8337,0.8601,0.8705,0.8695,0.859,0.906,0.9426,0.9529,0.9567,0.9563,0.9524,0,1,1,1,1,1,0.9885,M
15174,Westminster Avenue Elementary School,54,0.6738,0.5135,0.6612,0.9815,0.5658,0.615,0.6354,0.633,0.612,0.3974,0.4878,0.5395,0.561,0.5586,0.5364,0.5506,0.6406,0.6862,0.7047,0.7026,0.6835,0,1,1,1,1,1,1,L
15181,Westmont Elementary School,58,0.9319,0.9214,0.9454,0.8793,0.9311,0.9433,0.9478,0.9473,0.9426,0.873,0.9176,0.932,0.9374,0.9368,0.9312,0.9074,0.9437,0.9538,0.9576,0.957,0.9532,0,1,1,1,1,1,0.9978,M
15183,Westport Heights Elementary School,38,0.954,0.8775,0.9898,0.9474,0.9465,0.956,0.9595,0.9591,0.9555,0.8127,0.8701,0.8917,0.8999,0.899,0.8906,0.9722,0.9918,0.9935,0.994,0.994,0.9934,0,1,1,1,1,1,0.459,H
15188,Westside Christian,12,0.9926,0.9773,0.9948,1,0.9891,0.9913,0.9921,0.992,0.9912,0.9537,0.9782,0.9824,0.9838,0.9837,0.9822,0.9795,0.9973,0.998,0.9982,0.9982,0.998,0,1,1,1,1,1,0,H
15194,Westside Global Awareness Magnet,22,0.93,0.9291,0.9587,0.8182,0.9428,0.9531,0.9569,0.9564,0.9525,0.884,0.9259,0.939,0.9438,0.9433,0.9383,0.9263,0.958,0.9657,0.9685,0.9682,0.9653,0,1,1,1,1,1,0.7565,M
15195,westside innovative school house,88,0.989,0.9877,0.9963,0.9545,0.9948,0.996,0.9963,0.9963,0.996,0.9689,0.9895,0.9917,0.9924,0.9923,0.9916,0.9817,0.9988,0.9992,0.9993,0.9993,0.9992,0,1,1,1,1,1,0,H
15199,Westside Neighborhood School,65,0.9333,0.9418,0.9848,0.7385,0.9665,0.9727,0.9749,0.9747,0.9724,0.9024,0.9397,0.9505,0.9545,0.954,0.9498,0.9648,0.9864,0.989,0.9899,0.9898,0.9889,0,1,1,1,1,1,0.0765,M
15200,Westside Waldorf School,22,0.9665,0.9107,0.9924,0.9545,0.9626,0.9694,0.9719,0.9716,0.9691,0.8587,0.9061,0.9222,0.9284,0.9275,0.9213,0.9759,0.9945,0.9958,0.9961,0.9961,0.9957,0,1,1,1,1,1,0.227,H
15203,Westwood Charter Elementary School,140,0.9041,0.7819,0.9407,0.9929,0.866,0.8878,0.8962,0.8952,0.8866,0.6912,0.7682,0.8022,0.8153,0.8138,0.7996,0.901,0.9385,0.9495,0.9536,0.9532,0.949,0,1,1,1,1,1,0.991,M
15213,White Memorial Adventist School,18,0.9837,0.981,0.9934,0.9444,0.9896,0.9918,0.9925,0.9924,0.9917,0.9591,0.9822,0.9857,0.9868,0.9867,0.9855,0.9775,0.9957,0.9967,0.997,0.997,0.9967,0,1,1,1,1,1,0,H
15214,White Oak Elementary School,60,0.9844,0.9749,0.9914,0.9667,0.9852,0.9882,0.9891,0.989,0.988,0.9501,0.9756,0.9802,0.9819,0.9817,0.98,0.9745,0.9935,0.9949,0.9953,0.9953,0.9949,0,1,1,1,1,1,0,H
15216,White Point Elementary School,81,0.9927,0.9859,0.9967,0.9753,0.9952,0.9963,0.9966,0.9966,0.9963,0.9663,0.9875,0.99,0.9909,0.9908,0.9899,0.9825,0.9993,0.9997,0.9997,0.9997,0.9997,0,1,1,1,1,1,0,H
15224,Whittier Elementary School,97,0.9875,0.9727,0.9945,0.9794,0.9867,0.9894,0.9903,0.9902,0.9893,0.9469,0.9732,0.9782,0.9801,0.9798,0.978,0.9792,0.9969,0.9977,0.9979,0.9979,0.9977,0,1,1,1,1,1,0,H
15230,Whittier Christian School - Maybrook,42,0.9294,0.8927,0.9347,0.9524,0.9103,0.9258,0.9316,0.931,0.925,0.8338,0.8867,0.9057,0.9128,0.912,0.9046,0.8919,0.9319,0.9441,0.9485,0.948,0.9434,0,1,1,1,1,1,1,M
15231,Whittier Christian Schools-Newlin,21,0.9662,0.9747,0.9917,0.8571,0.9854,0.9883,0.9893,0.9891,0.9881,0.9496,0.9753,0.98,0.9817,0.9815,0.9798,0.9748,0.9938,0.9952,0.9956,0.9956,0.9951,0,1,1,1,1,1,0,H
15232,Whittier Christian Schools - Satellite,17,0.9451,0.9814,0.9956,0.7059,0.9913,0.9932,0.9937,0.9937,0.9931,0.9596,0.9826,0.986,0.9872,0.987,0.9858,0.9807,0.998,0.9986,0.9988,0.9987,0.9986,0,1,1,1,1,1,0,M
15248,Wilbur Charter For Enriched Academics,103,0.968,0.946,0.9672,0.9903,0.9562,0.9642,0.9671,0.9668,0.9638,0.9078,0.9441,0.9543,0.958,0.9576,0.9538,0.9388,0.9672,0.9734,0.9755,0.9753,0.973,0,1,1,1,1,1,0.1025,H
15249,Wilcox Elementary School,100,0.9735,0.9573,0.9747,0.98,0.9663,0.9726,0.9749,0.9746,0.9723,0.9243,0.9565,0.9644,0.9673,0.967,0.964,0.9497,0.9754,0.9801,0.9817,0.9815,0.9798,0,1,1,1,1,1,5e-04,H
15252,Wild Rose Elementary School,62,0.9908,0.9843,0.9966,0.9677,0.9943,0.9956,0.996,0.9959,0.9955,0.964,0.9858,0.9886,0.9896,0.9894,0.9885,0.9823,0.9992,0.9995,0.9996,0.9996,0.9995,0,1,1,1,1,1,0,H
15254,Wilder's Preparatory Academy Charter,63,0.995,0.9878,0.9968,0.9841,0.9963,0.9972,0.9975,0.9974,0.9972,0.9692,0.9896,0.9918,0.9925,0.9924,0.9916,0.9826,0.9994,0.9997,0.9998,0.9998,0.9997,0,1,1,1,1,1,0,H
15259,Wildwood School,58,0.9808,0.9906,0.9969,0.8966,0.997,0.9978,0.998,0.9979,0.9977,0.9732,0.9926,0.9941,0.9946,0.9946,0.9941,0.9826,0.9994,0.9998,0.9998,0.9998,0.9998,0,1,1,1,1,1,0,H
15262,Wiley Canyon Elementary School,57,0.9919,0.9842,0.995,0.9825,0.9923,0.9939,0.9944,0.9944,0.9938,0.9638,0.9857,0.9885,0.9895,0.9894,0.9884,0.9798,0.9974,0.9981,0.9983,0.9983,0.9981,0,1,1,1,1,1,0,H
15265,Wilkerson Elementary School,60,0.9874,0.9754,0.9912,0.9833,0.9855,0.9884,0.9894,0.9893,0.9883,0.9507,0.9761,0.9807,0.9822,0.982,0.9803,0.9743,0.9933,0.9948,0.9952,0.9951,0.9947,0,1,1,1,1,1,0,H
15267,Will Rogers Elementary School,96,0.9937,0.9868,0.9968,0.9792,0.9957,0.9967,0.997,0.9969,0.9967,0.9676,0.9885,0.9908,0.9916,0.9915,0.9907,0.9825,0.9993,0.9997,0.9997,0.9997,0.9997,0,1,1,1,1,1,0,H
15272,Willard Elementary School,81,0.9885,0.9873,0.9966,0.9506,0.9951,0.9962,0.9965,0.9965,0.9962,0.9684,0.989,0.9912,0.992,0.9919,0.9911,0.9822,0.9991,0.9995,0.9996,0.9996,0.9995,0,1,1,1,1,1,0,H
15276,Willard F. Payne Elementary School,78,0.9877,0.9763,0.9947,0.9744,0.9882,0.9906,0.9914,0.9913,0.9905,0.952,0.9771,0.9814,0.983,0.9828,0.9812,0.9794,0.9971,0.9979,0.9981,0.9981,0.9979,0,1,1,1,1,1,0,H
15277,Willard (Frances E.) Elementary School,66,0.991,0.9859,0.9961,0.9697,0.9941,0.9954,0.9958,0.9957,0.9953,0.9662,0.9875,0.99,0.9909,0.9908,0.9899,0.9815,0.9986,0.9991,0.9992,0.9992,0.9991,0,1,1,1,1,1,0,H
15279,William Anderson Elementary School,100,0.9873,0.974,0.9896,0.99,0.9838,0.987,0.9881,0.988,0.9869,0.9488,0.9746,0.9794,0.9812,0.9809,0.9792,0.9718,0.9916,0.9934,0.9939,0.9939,0.9933,0,1,1,1,1,1,0,H
15281,William Green Elementary School,100,0.9497,0.915,0.9495,0.99,0.9302,0.9426,0.9471,0.9466,0.9419,0.8645,0.9108,0.9263,0.932,0.9314,0.9254,0.9133,0.9481,0.9574,0.9609,0.9606,0.957,0,1,1,1,1,1,0.978,M
15287,William Mckinley Elementary School,93,0.9852,0.9405,0.9965,0.9785,0.9836,0.9868,0.9879,0.9878,0.9866,0.9003,0.9383,0.9494,0.9534,0.953,0.9488,0.9821,0.999,0.9994,0.9995,0.9995,0.9994,0,1,1,1,1,1,0.0455,H
15291,William Northrup Elementary School,126,0.984,0.9703,0.984,0.9921,0.9785,0.9827,0.9841,0.9839,0.9825,0.9434,0.9706,0.9761,0.9781,0.9779,0.9758,0.9636,0.9855,0.9883,0.9893,0.9892,0.9882,0,1,1,1,1,1,0,H
15292,William R. Anton Elementary School,78,0.9097,0.8535,0.9118,0.9744,0.8777,0.8981,0.9059,0.905,0.897,0.7812,0.8444,0.8696,0.8792,0.878,0.8682,0.8599,0.9073,0.9233,0.9293,0.9286,0.9224,0,1,1,1,1,1,1,M
15294,William W. Orr Elementary School,75,0.9356,0.9001,0.9349,0.9733,0.9142,0.9291,0.9347,0.934,0.9283,0.844,0.8946,0.9127,0.9195,0.9188,0.9118,0.8925,0.9321,0.9442,0.9487,0.9482,0.9436,0,1,1,1,1,1,1,M
15296,Williams Elementary School,175,0.9825,0.9192,0.9963,0.9886,0.9773,0.9816,0.9831,0.9829,0.9813,0.87,0.9153,0.9299,0.9354,0.9347,0.9291,0.9817,0.9988,0.9993,0.9993,0.9993,0.9992,0,1,1,1,1,1,0.1065,H
15304,Willow Elementary,120,0.9831,0.966,0.9858,0.9917,0.9774,0.9818,0.9833,0.9831,0.9815,0.937,0.9659,0.9723,0.9746,0.9743,0.972,0.966,0.9874,0.9899,0.9907,0.9906,0.9898,0,1,1,1,1,1,0,H
15318,The Willows Community School,73,0.943,0.9363,0.9604,0.8767,0.9475,0.957,0.9604,0.96,0.9565,0.8945,0.9338,0.9454,0.9498,0.9493,0.9449,0.929,0.9599,0.9673,0.97,0.9697,0.9669,0,1,1,1,1,1,0.553,M
15320,wilmington christian school,11,0.9537,0.9086,0.9859,0.9091,0.955,0.9632,0.9661,0.9658,0.9627,0.8559,0.9039,0.9205,0.9267,0.9261,0.9199,0.9664,0.9875,0.99,0.9908,0.9908,0.9899,0,1,1,1,1,1,0.3362,H
15323,Wilmington Park Elementary School,131,0.855,0.7775,0.8413,0.9924,0.7986,0.8296,0.8416,0.8402,0.8278,0.6856,0.7635,0.7982,0.812,0.8106,0.7963,0.7653,0.8314,0.8584,0.8687,0.8675,0.8568,0,1,1,1,1,1,1,L
15327,Wilshire Crest Elementary School,49,0.9656,0.9446,0.9738,0.9592,0.9601,0.9675,0.9701,0.9698,0.9671,0.9063,0.9427,0.953,0.9568,0.9564,0.9525,0.9485,0.9744,0.9792,0.981,0.9808,0.979,0,1,1,1,1,1,0.0905,H
15329,Wilshire Park Elementary School,70,0.9953,0.9889,0.9968,0.9857,0.9964,0.9973,0.9975,0.9975,0.9973,0.9707,0.9908,0.9927,0.9933,0.9933,0.9926,0.9825,0.9993,0.9997,0.9997,0.9997,0.9997,0,1,1,1,1,1,0,H
15331,Wilshire Private School,15,0.9876,0.9918,0.997,0.9333,0.9979,0.9985,0.9986,0.9986,0.9985,0.9752,0.994,0.9953,0.9957,0.9956,0.9952,0.9828,0.9995,0.9999,0.9999,0.9999,0.9999,0,1,1,1,1,1,0,H
15335,Wilson Elementary School,84,0.9951,0.9935,0.997,0.9762,0.9984,0.999,0.9991,0.999,0.999,0.9776,0.9958,0.9968,0.997,0.997,0.9967,0.9829,0.9996,0.9999,0.9999,0.9999,0.9999,0,1,1,1,1,1,0,H
15345,Wilton Place Elementary School,53,0.9652,0.9336,0.973,0.9811,0.9543,0.9626,0.9656,0.9653,0.9622,0.8903,0.9308,0.9432,0.9477,0.9472,0.9425,0.9474,0.9736,0.9785,0.9802,0.9801,0.9782,0,1,1,1,1,1,0.2858,H
15348,Windsor Hills Academy,,0.9797,0.9645,0.9922,0.9571,0.9808,0.9845,0.9858,0.9856,0.9843,0.9349,0.9643,0.9709,0.9733,0.9731,0.9706,0.9757,0.9943,0.9956,0.996,0.9959,0.9955,1,1,1,1,1,1,0,H
15349,Windsor Hills Math Science,40,0.9864,0.9813,0.9961,0.95,0.9922,0.9938,0.9944,0.9943,0.9938,0.9594,0.9825,0.9859,0.9871,0.9869,0.9857,0.9815,0.9986,0.9991,0.9992,0.9992,0.9991,0,1,1,1,1,1,0,H
15352,Wing Lane Elementary School,65,0.9936,0.9789,0.9968,0.9846,0.9943,0.9955,0.9959,0.9959,0.9955,0.956,0.9799,0.9838,0.9851,0.9849,0.9835,0.9826,0.9994,0.9997,0.9998,0.9998,0.9997,0,1,1,1,1,1,3e-04,H
15354,Winnetka Avenue Elementary School,77,0.9275,0.887,0.9264,0.974,0.9027,0.9194,0.9256,0.9249,0.9185,0.8263,0.8806,0.9007,0.9082,0.9073,0.8994,0.8806,0.9229,0.9366,0.9416,0.941,0.9359,0,1,1,1,1,1,1,M
15357,Winter Gardens Elementary School,79,0.9498,0.9257,0.9468,0.9747,0.934,0.9457,0.95,0.9495,0.945,0.8792,0.9222,0.9359,0.9409,0.9403,0.9351,0.9092,0.9451,0.955,0.9586,0.9582,0.9544,0,1,1,1,1,1,0.9958,M
15358,Wisdom Elementary School,105,0.9962,0.9873,0.9969,0.9905,0.9966,0.9975,0.9977,0.9977,0.9975,0.9684,0.989,0.9913,0.992,0.9919,0.9912,0.9827,0.9994,0.9998,0.9998,0.9998,0.9998,0,1,1,1,1,1,0,H
15366,Wise School,61,0.9896,0.9788,0.9935,0.9836,0.9887,0.991,0.9917,0.9916,0.9909,0.9558,0.9798,0.9837,0.9851,0.9849,0.9835,0.9776,0.9958,0.9968,0.9971,0.997,0.9968,0,1,1,1,1,1,0,H
15371,WISH Community,141,0.9872,0.9802,0.9919,0.9716,0.9881,0.9905,0.9913,0.9912,0.9904,0.9577,0.9813,0.9849,0.9861,0.986,0.9847,0.9752,0.994,0.9953,0.9957,0.9957,0.9953,0,1,1,1,1,1,0,H
15373,Wittmann (Helen) Elementary School,83,0.9346,0.8915,0.9384,0.9759,0.9122,0.9274,0.9331,0.9324,0.9265,0.8326,0.8855,0.9047,0.9119,0.911,0.9034,0.8972,0.936,0.9475,0.9517,0.9512,0.9468,0,1,1,1,1,1,0.999,M
15389,Wonderland Angels Early Learning Center,23,0.9926,0.9809,0.9929,1,0.9892,0.9914,0.9921,0.992,0.9913,0.9588,0.982,0.9856,0.9867,0.9866,0.9854,0.9767,0.9951,0.9962,0.9965,0.9965,0.9962,0,1,1,1,1,1,0,H
15393,Wonderland Avenue Elementary School,58,0.8785,0.7758,0.8991,0.9828,0.8328,0.8594,0.8696,0.8684,0.8578,0.6829,0.7615,0.7965,0.8105,0.8089,0.7946,0.8421,0.8935,0.9116,0.9184,0.9176,0.9106,0,1,1,1,1,1,1,L
15398,Woodcrest Elementary School,115,0.881,0.7973,0.8861,0.9913,0.8343,0.8608,0.8709,0.8697,0.8592,0.7088,0.7842,0.8171,0.8298,0.8283,0.8152,0.8248,0.8795,0.8998,0.9074,0.9065,0.8986,0,1,1,1,1,1,1,L
15399,Woodcrest School,30,0.9782,0.9715,0.9918,0.9333,0.9843,0.9874,0.9884,0.9883,0.9872,0.9451,0.9719,0.9772,0.9791,0.9789,0.9769,0.9751,0.994,0.9953,0.9957,0.9957,0.9952,0,1,1,1,1,1,0,H
15404,Woodlake Elementary Community Charter School,130,0.9931,0.9817,0.9959,0.9923,0.9916,0.9934,0.9939,0.9939,0.9933,0.96,0.983,0.9863,0.9875,0.9873,0.9861,0.9812,0.9983,0.9989,0.999,0.999,0.9989,0,1,1,1,1,1,0,H
15407,Woodland Hills Elementary Charter For Enriched Studies,160,0.9672,0.941,0.9701,0.9875,0.9556,0.9637,0.9667,0.9663,0.9633,0.9011,0.9389,0.9498,0.9538,0.9534,0.9492,0.943,0.9704,0.976,0.978,0.9777,0.9757,0,1,1,1,1,1,0.1928,H
15409,woodland hills private school/,51,0.9662,0.9509,0.9776,0.9412,0.9653,0.9717,0.9741,0.9738,0.9714,0.9151,0.9495,0.9586,0.962,0.9616,0.9582,0.954,0.9785,0.9827,0.9841,0.984,0.9825,0,1,1,1,1,1,0.019,H
15413,Woodlawn Avenue Elementary School,114,0.9148,0.8214,0.9374,0.9912,0.881,0.9008,0.9083,0.9075,0.8997,0.7398,0.8099,0.8395,0.851,0.8496,0.8379,0.8963,0.9349,0.9465,0.9509,0.9503,0.9459,0,1,1,1,1,1,0.997,M
15423,woodworth-monroe academy,,0.9938,0.9882,0.9968,0.9781,0.9961,0.9971,0.9973,0.9973,0.997,0.9698,0.99,0.9921,0.9928,0.9927,0.992,0.9825,0.9994,0.9997,0.9998,0.9997,0.9997,1,1,1,1,1,1,0,H
15424,Workman Elementary School,54,0.9741,0.9539,0.978,0.9815,0.967,0.9731,0.9753,0.9751,0.9728,0.9196,0.9528,0.9614,0.9645,0.9642,0.961,0.9547,0.9789,0.983,0.9844,0.9843,0.9828,0,1,1,1,1,1,0.005,H
15425,Workman Avenue Elementary School,92,0.9777,0.9635,0.9804,0.9783,0.9729,0.978,0.9798,0.9796,0.9777,0.9334,0.9633,0.9701,0.9725,0.9722,0.9697,0.9582,0.9815,0.9851,0.9863,0.9862,0.9849,0,1,1,1,1,1,0,H
15436,worthington tk-6 elementary,86,0.8308,0.7308,0.8301,0.9767,0.7696,0.8038,0.8172,0.8157,0.8018,0.6297,0.7139,0.7536,0.7701,0.7681,0.7517,0.7503,0.8191,0.8477,0.8585,0.8572,0.8459,0,1,1,1,1,1,1,L
15437,Wright Elementary School,53,0.9629,0.9468,0.9726,0.9434,0.96,0.9674,0.97,0.9697,0.967,0.9092,0.9452,0.9551,0.9587,0.9583,0.9545,0.9464,0.973,0.9782,0.98,0.9797,0.9779,0,1,1,1,1,1,0.0555,H
15443,xinaxcalmecac academia semillas del pueblo,31,0.9318,0.9842,0.9966,0.6129,0.9945,0.9957,0.9961,0.996,0.9957,0.9638,0.9857,0.9885,0.9895,0.9894,0.9884,0.9823,0.9991,0.9995,0.9996,0.9996,0.9995,0,1,1,1,1,1,0,M
15449,Ybarra Academy For The Arts And Technology,69,0.9895,0.9776,0.9937,0.9855,0.9881,0.9905,0.9913,0.9912,0.9904,0.954,0.9785,0.9826,0.9841,0.9839,0.9824,0.9779,0.996,0.997,0.9972,0.9972,0.9969,0,1,1,1,1,1,0,H
15456,Yerba Buena Elementary School,83,0.9615,0.939,0.9624,0.9759,0.9503,0.9593,0.9626,0.9622,0.9588,0.8983,0.9368,0.9481,0.9522,0.9517,0.9475,0.9319,0.9621,0.9691,0.9716,0.9713,0.9688,0,1,1,1,1,1,0.39,H
15458,Yes Academy,84,0.956,0.9284,0.9583,0.9762,0.9423,0.9527,0.9565,0.956,0.9521,0.8832,0.9252,0.9384,0.9433,0.9428,0.9376,0.9259,0.9576,0.9654,0.9682,0.9679,0.965,0,1,1,1,1,1,0.773,H
15462,Yeshiva Ketana Of Los Angeles,33,0.9377,0.9913,0.9969,0.6364,0.9973,0.9981,0.9982,0.9982,0.998,0.9743,0.9933,0.9948,0.9952,0.9952,0.9947,0.9827,0.9994,0.9998,0.9998,0.9998,0.9998,0,1,1,1,1,1,0,M
15469,Yeshiva Rav Isacsohn / Torath Em,96,0.9942,0.9886,0.9968,0.9792,0.9965,0.9973,0.9976,0.9975,0.9973,0.9703,0.9904,0.9924,0.9931,0.993,0.9923,0.9826,0.9994,0.9997,0.9998,0.9998,0.9997,0,1,1,1,1,1,0,H
15508,Ynez Elementary School,78,0.9928,0.9944,0.997,0.9615,0.9987,0.9991,0.9992,0.9992,0.9991,0.9789,0.9967,0.9976,0.9978,0.9978,0.9975,0.9829,0.9996,0.9999,0.9999,0.9999,0.9999,0,1,1,1,1,1,0,H
15510,Yorbita Elementary School,74,0.9826,0.95,0.9939,0.9865,0.978,0.9822,0.9836,0.9835,0.982,0.914,0.9488,0.958,0.9614,0.9611,0.9576,0.9782,0.9962,0.9972,0.9974,0.9974,0.9971,0,1,1,1,1,1,0.025,H
15511,York School,89,0.9727,0.9247,0.9906,0.9775,0.9658,0.9722,0.9744,0.9742,0.9718,0.8777,0.9211,0.9351,0.9403,0.9397,0.9344,0.9733,0.9926,0.9942,0.9947,0.9947,0.9942,0,1,1,1,1,1,0.1592,H
15512,Yorkdale Elementary School,50,0.9863,0.9453,0.9966,0.98,0.9849,0.9878,0.9888,0.9887,0.9877,0.907,0.9435,0.9536,0.9573,0.9569,0.953,0.9822,0.9991,0.9995,0.9996,0.9995,0.9995,0,1,1,1,1,1,0.034,H
15538,Yucca Elementary School,92,0.916,0.8501,0.9278,0.9783,0.8857,0.9049,0.9122,0.9113,0.9038,0.7766,0.8406,0.8664,0.8763,0.8753,0.8653,0.8825,0.9245,0.9378,0.9427,0.9422,0.937,0,1,1,1,1,1,1,M
15541,Yukon Elementary School,67,0.9859,0.9707,0.9907,0.9851,0.983,0.9864,0.9875,0.9874,0.9862,0.9438,0.971,0.9764,0.9784,0.9782,0.9761,0.9733,0.9927,0.9943,0.9948,0.9947,0.9943,0,1,1,1,1,1,0,H
15555,Zela Davis School,160,0.9304,0.8834,0.9302,0.9875,0.9037,0.9202,0.9264,0.9257,0.9193,0.8213,0.8767,0.8972,0.9049,0.904,0.8959,0.8859,0.9272,0.94,0.9447,0.9442,0.9393,0,1,1,1,1,1,1,M
38415,,,0.9889,0.9808,0.995,0.9707,0.9907,0.9927,0.9933,0.9932,0.9926,0.9587,0.982,0.9855,0.9867,0.9866,0.9853,0.9798,0.9974,0.9981,0.9983,0.9982,0.9981,1,1,1,1,1,1,0,H
38416,,,0.9331,0.9025,0.9595,0.8899,0.9303,0.9426,0.9471,0.9466,0.9419,0.847,0.8973,0.9146,0.921,0.9202,0.9133,0.9275,0.9589,0.9664,0.9691,0.9688,0.966,1,1,1,1,1,1,0.8705,M
38420,,,0.9523,0.9277,0.9729,0.9174,0.9511,0.96,0.9632,0.9628,0.9595,0.8825,0.9244,0.9378,0.9426,0.942,0.9368,0.9471,0.9734,0.9784,0.9802,0.98,0.9781,1,1,1,1,1,1,0.3938,H
38428,,,0.9766,0.9544,0.9934,0.9527,0.9775,0.9818,0.9833,0.9831,0.9816,0.9202,0.9534,0.9619,0.965,0.9647,0.9614,0.9774,0.9956,0.9967,0.997,0.9969,0.9966,1,1,1,1,1,1,0.0112,H
38433,,,0.9619,0.922,0.9882,0.9313,0.9615,0.9686,0.9711,0.9708,0.9682,0.8744,0.9183,0.9325,0.9378,0.9372,0.9316,0.9697,0.9901,0.9921,0.9927,0.9927,0.992,1,1,1,1,1,1,0.2112,H
38434,,,0.9731,0.9266,0.9958,0.9477,0.9737,0.9786,0.9803,0.9801,0.9783,0.881,0.9234,0.9367,0.9418,0.9412,0.9361,0.9811,0.9983,0.9988,0.9989,0.9989,0.9988,1,1,1,1,1,1,0.1165,H
38435,,,0.9734,0.9521,0.989,0.9479,0.974,0.9789,0.9806,0.9804,0.9786,0.9168,0.9509,0.9598,0.9631,0.9627,0.9593,0.9711,0.991,0.9928,0.9934,0.9933,0.9927,1,1,1,1,1,1,0.0168,H
38436,,,0.9693,0.9414,0.9884,0.942,0.9695,0.9752,0.9772,0.977,0.9749,0.9013,0.9391,0.9501,0.9542,0.9537,0.9496,0.97,0.9902,0.9923,0.9929,0.9928,0.9922,1,1,1,1,1,1,0.0693,H
38443,,,0.943,0.9063,0.9708,0.904,0.941,0.9515,0.9554,0.955,0.9509,0.8522,0.9013,0.9183,0.9246,0.9241,0.9175,0.9444,0.9712,0.9767,0.9786,0.9783,0.9763,1,1,1,1,1,1,0.6322,M
38446,,,0.9835,0.9636,0.9954,0.9627,0.9849,0.9878,0.9889,0.9887,0.9877,0.9334,0.9633,0.9701,0.9726,0.9723,0.9698,0.9805,0.9979,0.9985,0.9986,0.9986,0.9985,1,1,1,1,1,1,0.0032,H
38447,,,0.9917,0.9797,0.9968,0.9749,0.9938,0.9952,0.9956,0.9955,0.9951,0.9571,0.9807,0.9844,0.9857,0.9856,0.9842,0.9825,0.9993,0.9997,0.9997,0.9997,0.9997,1,1,1,1,1,1,0,H
38451,,,0.9914,0.9798,0.9967,0.9744,0.9935,0.9949,0.9953,0.9953,0.9948,0.9572,0.9809,0.9846,0.9859,0.9858,0.9845,0.9824,0.9993,0.9996,0.9997,0.9997,0.9996,1,1,1,1,1,1,0,H
38453,,,0.9889,0.971,0.9966,0.9708,0.9908,0.9927,0.9933,0.9932,0.9926,0.9443,0.9713,0.9767,0.9786,0.9783,0.9763,0.9822,0.9991,0.9995,0.9996,0.9996,0.9995,1,1,1,1,1,1,3e-04,H
38454,,,0.9844,0.9708,0.9944,0.9642,0.9859,0.9887,0.9897,0.9896,0.9886,0.9439,0.9711,0.9765,0.9784,0.9782,0.9762,0.979,0.9968,0.9976,0.9978,0.9978,0.9976,1,1,1,1,1,1,0,H
38455,,,0.9784,0.9543,0.9934,0.9553,0.9794,0.9833,0.9847,0.9845,0.9831,0.9201,0.9532,0.9617,0.9647,0.9644,0.9612,0.9774,0.9957,0.9967,0.997,0.9969,0.9966,1,1,1,1,1,1,0.0135,H
38456,,,0.9564,0.9249,0.9801,0.9233,0.9555,0.9636,0.9666,0.9662,0.9632,0.8785,0.9215,0.9352,0.9402,0.9397,0.9344,0.9577,0.9812,0.9848,0.9861,0.9859,0.9846,1,1,1,1,1,1,0.309,H
38460,,,0.9685,0.9429,0.9875,0.9408,0.9687,0.9745,0.9766,0.9764,0.9742,0.9038,0.941,0.9516,0.9554,0.9549,0.9507,0.9686,0.9892,0.9915,0.9922,0.9921,0.9914,1,1,1,1,1,1,0.069,H
38461,,,0.9696,0.9499,0.985,0.9423,0.9698,0.9755,0.9775,0.9772,0.9752,0.9138,0.9484,0.9577,0.9611,0.9608,0.9572,0.9648,0.9865,0.9893,0.9901,0.99,0.9891,1,1,1,1,1,1,0.0257,H
38462,,,0.9726,0.9325,0.9949,0.9469,0.9731,0.9782,0.9799,0.9797,0.9779,0.8893,0.9297,0.9421,0.9468,0.9464,0.9416,0.9796,0.9972,0.998,0.9981,0.9981,0.998,1,1,1,1,1,1,0.089,H
38463,,,0.969,0.8859,0.9962,0.942,0.9692,0.9748,0.9768,0.9766,0.9745,0.8244,0.8792,0.8997,0.9073,0.9064,0.8985,0.9816,0.9986,0.9991,0.9992,0.9992,0.9991,1,1,1,1,1,1,0.1918,H
38467,,,0.9963,0.9946,0.997,0.9818,0.9988,0.9993,0.9993,0.9993,0.9993,0.9792,0.9969,0.9977,0.9979,0.9979,0.9977,0.983,0.9996,0.9999,0.9999,0.9999,0.9999,1,1,1,1,1,1,0,H
38472,,,0.987,0.9724,0.9962,0.9679,0.9887,0.991,0.9917,0.9917,0.9909,0.9463,0.9729,0.978,0.9798,0.9796,0.9777,0.9818,0.9988,0.9992,0.9993,0.9993,0.9992,1,1,1,1,1,1,0,H
38473,,,0.9948,0.9902,0.9969,0.9796,0.9972,0.998,0.9981,0.9981,0.9979,0.9728,0.9922,0.9939,0.9944,0.9943,0.9938,0.9827,0.9995,0.9998,0.9998,0.9998,0.9998,1,1,1,1,1,1,0,H
38478,,,0.9961,0.9937,0.997,0.9814,0.9986,0.9991,0.9991,0.9991,0.9991,0.9778,0.996,0.9969,0.9972,0.9972,0.9969,0.9829,0.9996,0.9999,0.9999,0.9999,0.9999,1,1,1,1,1,1,0,H
38490,,,0.8931,0.7145,0.9883,0.8375,0.8873,0.9054,0.9123,0.9115,0.9044,0.6084,0.6955,0.7378,0.7548,0.7528,0.7356,0.9699,0.9901,0.9922,0.9929,0.9928,0.9922,1,1,1,1,1,1,0.771,L
38494,,,0.4449,0.2734,0.62,0.3373,0.4201,0.4689,0.49,0.4875,0.4658,0.1903,0.2517,0.2917,0.3102,0.3079,0.2891,0.5058,0.5975,0.6456,0.6653,0.663,0.6423,1,1,1,1,1,1,1,L
38498,,,0.973,0.9572,0.9856,0.9474,0.9736,0.9786,0.9803,0.9801,0.9783,0.9241,0.9564,0.9644,0.9673,0.967,0.9639,0.9658,0.9871,0.9897,0.9906,0.9905,0.9896,1,1,1,1,1,1,0.0045,H
38499,,,0.9586,0.9101,0.9905,0.9266,0.9579,0.9656,0.9683,0.968,0.9652,0.8573,0.9054,0.9219,0.9281,0.9274,0.921,0.9732,0.9926,0.9942,0.9946,0.9946,0.9941,1,1,1,1,1,1,0.302,H
38505,,,0.9784,0.9592,0.9926,0.9553,0.9794,0.9833,0.9847,0.9846,0.9831,0.9272,0.9585,0.9662,0.9689,0.9686,0.9658,0.9763,0.9948,0.996,0.9964,0.9963,0.996,1,1,1,1,1,1,0.0022,H
38506,,,0.9909,0.9763,0.9968,0.9737,0.9929,0.9945,0.9949,0.9949,0.9944,0.9521,0.977,0.9814,0.983,0.9828,0.9813,0.9825,0.9994,0.9997,0.9997,0.9997,0.9997,1,1,1,1,1,1,0,H
38512,,,0.9949,0.9908,0.9969,0.9797,0.9973,0.998,0.9982,0.9982,0.998,0.9736,0.9928,0.9944,0.9948,0.9948,0.9943,0.9827,0.9995,0.9998,0.9998,0.9998,0.9998,1,1,1,1,1,1,0,H
38515,,,0.7469,0.6722,0.8138,0.6488,0.7307,0.7689,0.784,0.7822,0.7666,0.5619,0.652,0.6971,0.715,0.7132,0.6946,0.7304,0.8019,0.8326,0.8443,0.8429,0.8306,1,1,1,1,1,1,1,L
38516,,,0.9677,0.9218,0.9954,0.9398,0.9678,0.9737,0.9759,0.9756,0.9734,0.8739,0.918,0.9323,0.9376,0.937,0.9315,0.9805,0.9979,0.9985,0.9986,0.9986,0.9985,1,1,1,1,1,1,0.1825,H
38521,,,0.9762,0.9639,0.9863,0.952,0.977,0.9814,0.983,0.9828,0.9812,0.9338,0.9637,0.9704,0.9728,0.9725,0.9701,0.9669,0.988,0.9904,0.9912,0.9911,0.9903,1,1,1,1,1,1,0,H
38523,,,0.9948,0.9904,0.9969,0.9795,0.9971,0.9979,0.9981,0.9981,0.9979,0.9731,0.9924,0.9941,0.9946,0.9945,0.994,0.9827,0.9995,0.9998,0.9998,0.9998,0.9998,1,1,1,1,1,1,0,H
38525,,,0.996,0.9936,0.997,0.9813,0.9985,0.999,0.9991,0.9991,0.999,0.9777,0.9959,0.9969,0.9971,0.9971,0.9968,0.9829,0.9996,0.9999,0.9999,0.9999,0.9999,1,1,1,1,1,1,0,H
38529,,,0.9954,0.9921,0.997,0.9805,0.9978,0.9985,0.9986,0.9986,0.9985,0.9754,0.9942,0.9955,0.9959,0.9959,0.9955,0.9828,0.9995,0.9999,0.9999,0.9999,0.9999,1,1,1,1,1,1,0,H
38535,,,0.9953,0.9919,0.9969,0.9802,0.9977,0.9983,0.9985,0.9985,0.9983,0.9752,0.994,0.9953,0.9957,0.9957,0.9953,0.9828,0.9995,0.9998,0.9998,0.9998,0.9998,1,1,1,1,1,1,0,H
38539,,,0.9809,0.9621,0.9941,0.959,0.9821,0.9856,0.9868,0.9866,0.9854,0.9314,0.9617,0.9688,0.9714,0.9711,0.9685,0.9785,0.9965,0.9973,0.9976,0.9975,0.9973,1,1,1,1,1,1,0.0027,H
38540,,,0.996,0.9936,0.997,0.9813,0.9985,0.999,0.9991,0.9991,0.999,0.9777,0.9958,0.9968,0.9971,0.9971,0.9968,0.9829,0.9996,0.9999,0.9999,0.9999,0.9999,1,1,1,1,1,1,0,H
38543,,,0.9761,0.9571,0.9917,0.9519,0.9769,0.9813,0.9828,0.9826,0.981,0.9239,0.9562,0.9642,0.9672,0.9669,0.9638,0.975,0.9938,0.9952,0.9956,0.9955,0.9951,1,1,1,1,1,1,0.0058,H
38544,,,0.9847,0.9774,0.9909,0.9646,0.9862,0.989,0.9899,0.9898,0.9888,0.9538,0.9783,0.9824,0.9839,0.9837,0.9822,0.9737,0.993,0.9945,0.995,0.9949,0.9944,1,1,1,1,1,1,0,H
38550,,,0.4969,0.4348,0.5594,0.3826,0.4716,0.5224,0.5441,0.5416,0.5193,0.3249,0.4091,0.4592,0.4811,0.4787,0.4561,0.4434,0.5352,0.5854,0.6067,0.6043,0.5825,1,1,1,1,1,1,1,L
38558,,,0.9962,0.994,0.997,0.9816,0.9987,0.9991,0.9992,0.9992,0.9991,0.9784,0.9963,0.9972,0.9975,0.9974,0.9972,0.9829,0.9996,0.9999,0.9999,0.9999,0.9999,1,1,1,1,1,1,0,H
38559,,,0.8943,0.8608,0.9256,0.8361,0.8884,0.9072,0.9143,0.9135,0.9061,0.7907,0.8523,0.8763,0.8855,0.8844,0.8751,0.8792,0.9222,0.9358,0.9409,0.9403,0.935,1,1,1,1,1,1,1,L
38560,,,0.972,0.9601,0.9824,0.9459,0.9725,0.9777,0.9795,0.9793,0.9774,0.9283,0.9595,0.967,0.9697,0.9693,0.9665,0.961,0.9837,0.9869,0.988,0.9878,0.9867,1,1,1,1,1,1,8e-04,H
38562,,,0.9961,0.9937,0.997,0.9814,0.9985,0.999,0.9991,0.9991,0.999,0.9778,0.9959,0.9969,0.9972,0.9971,0.9969,0.9829,0.9996,0.9999,0.9999,0.9999,0.9999,1,1,1,1,1,1,0,H
38566,,,0.9756,0.9077,0.9965,0.9515,0.9763,0.9807,0.9823,0.9821,0.9805,0.8543,0.9027,0.9195,0.9258,0.9251,0.9186,0.9821,0.9991,0.9995,0.9995,0.9995,0.9995,1,1,1,1,1,1,0.1192,H
38571,,,0.986,0.9745,0.9948,0.9665,0.9877,0.9901,0.991,0.9909,0.99,0.9495,0.9751,0.9798,0.9815,0.9814,0.9796,0.9796,0.9972,0.998,0.9982,0.9981,0.998,1,1,1,1,1,1,0,H
38573,,,0.9462,0.9176,0.9705,0.9086,0.9445,0.9545,0.9581,0.9577,0.9539,0.8682,0.9135,0.9286,0.9343,0.9336,0.9278,0.9434,0.9708,0.9763,0.9782,0.978,0.976,1,1,1,1,1,1,0.5832,M
38576,,,0.9539,0.9383,0.9676,0.9196,0.9528,0.9614,0.9645,0.9642,0.961,0.8971,0.9359,0.9474,0.9515,0.9511,0.9467,0.9394,0.9678,0.9737,0.9759,0.9756,0.9734,1,1,1,1,1,1,0.2862,H
38586,,,0.9964,0.9949,0.997,0.9819,0.9989,0.9994,0.9994,0.9994,0.9994,0.9796,0.9972,0.998,0.9982,0.9981,0.998,0.983,0.9996,0.9999,0.9999,0.9999,0.9999,1,1,1,1,1,1,0,H
38587,,,0.9384,0.9092,0.9625,0.8974,0.936,0.9474,0.9516,0.9511,0.9467,0.8567,0.9046,0.921,0.9272,0.9265,0.9202,0.9321,0.9622,0.9691,0.9716,0.9714,0.9688,1,1,1,1,1,1,0.801,M
38590,,,0.9464,0.9205,0.9684,0.9089,0.9447,0.9547,0.9583,0.9579,0.9541,0.8721,0.9168,0.9313,0.9367,0.9361,0.9305,0.9407,0.9686,0.9744,0.9765,0.9763,0.9741,1,1,1,1,1,1,0.6028,M
38594,,,0.9961,0.9941,0.997,0.9815,0.9986,0.9991,0.9992,0.9991,0.9991,0.9785,0.9964,0.9973,0.9975,0.9975,0.9973,0.9829,0.9996,0.9999,0.9999,0.9999,0.9999,1,1,1,1,1,1,0,H
38598,,,0.9882,0.9603,0.9968,0.9697,0.99,0.992,0.9927,0.9926,0.9919,0.9289,0.9598,0.9671,0.9697,0.9694,0.9665,0.9826,0.9994,0.9997,0.9997,0.9997,0.9997,1,1,1,1,1,1,0.0085,H
38599,,,0.995,0.9899,0.9969,0.9799,0.9974,0.9981,0.9983,0.9983,0.9981,0.9722,0.9919,0.9936,0.9941,0.9941,0.9935,0.9828,0.9995,0.9998,0.9999,0.9999,0.9998,1,1,1,1,1,1,0,H
38605,,,0.943,0.922,0.9615,0.9039,0.941,0.9516,0.9554,0.955,0.951,0.8742,0.9183,0.9326,0.9379,0.9373,0.9319,0.9306,0.961,0.9682,0.9708,0.9705,0.9678,1,1,1,1,1,1,0.7505,M
38609,,,0.9952,0.991,0.997,0.9802,0.9977,0.9983,0.9985,0.9985,0.9983,0.9738,0.993,0.9945,0.995,0.9949,0.9944,0.9828,0.9995,0.9999,0.9999,0.9999,0.9999,1,1,1,1,1,1,0,H
38615,,,0.9857,0.9759,0.9944,0.966,0.9873,0.9899,0.9907,0.9906,0.9897,0.9514,0.9766,0.9811,0.9827,0.9825,0.9809,0.9789,0.9967,0.9976,0.9978,0.9978,0.9976,1,1,1,1,1,1,0,H
38621,,,0.9804,0.9731,0.9869,0.9582,0.9816,0.9851,0.9864,0.9862,0.985,0.9473,0.9736,0.9786,0.9803,0.9801,0.9783,0.9678,0.9886,0.9909,0.9917,0.9916,0.9908,1,1,1,1,1,1,0,H
38622,,,0.9869,0.9789,0.9935,0.9678,0.9886,0.9909,0.9917,0.9916,0.9908,0.9559,0.9799,0.9838,0.9851,0.985,0.9836,0.9775,0.9958,0.9968,0.9971,0.997,0.9968,1,1,1,1,1,1,0,H
38628,,,0.8404,0.7543,0.9096,0.7652,0.8304,0.8572,0.8674,0.8663,0.8556,0.6569,0.7382,0.776,0.791,0.7893,0.7741,0.8568,0.905,0.9213,0.9273,0.9266,0.9202,1,1,1,1,1,1,1,L
38630,,,0.9476,0.8894,0.9857,0.9109,0.946,0.9557,0.9592,0.9588,0.9551,0.8292,0.8831,0.9029,0.9103,0.9095,0.9018,0.9659,0.9873,0.9899,0.9907,0.9906,0.9897,1,1,1,1,1,1,0.472,M
38633,,,0.9716,0.9584,0.9826,0.9452,0.972,0.9773,0.9791,0.9789,0.977,0.926,0.9577,0.9655,0.9682,0.9679,0.965,0.9613,0.984,0.9871,0.9881,0.988,0.9869,1,1,1,1,1,1,8e-04,H
38635,,,0.9585,0.9446,0.9705,0.9261,0.9578,0.9655,0.9683,0.968,0.9651,0.9063,0.9429,0.953,0.9568,0.9563,0.9524,0.9435,0.9708,0.9763,0.9782,0.978,0.976,1,1,1,1,1,1,0.106,H
38645,,,0.9839,0.9733,0.9928,0.9634,0.9854,0.9883,0.9893,0.9891,0.9881,0.9475,0.9737,0.9788,0.9806,0.9804,0.9786,0.9766,0.995,0.9962,0.9965,0.9964,0.9961,1,1,1,1,1,1,0,H
38646,,,0.9554,0.9434,0.9664,0.9216,0.9544,0.9627,0.9657,0.9654,0.9623,0.9046,0.9414,0.9519,0.9558,0.9554,0.9514,0.9377,0.9664,0.9726,0.9748,0.9746,0.9722,1,1,1,1,1,1,0.1845,H
38647,,,0.9439,0.9286,0.9577,0.9052,0.942,0.9524,0.9562,0.9557,0.9518,0.8832,0.9254,0.9385,0.9434,0.9429,0.9378,0.9248,0.9569,0.9648,0.9676,0.9672,0.9643,1,1,1,1,1,1,0.7955,M
38649,,,0.98,0.9511,0.9956,0.9577,0.9812,0.9848,0.9861,0.9859,0.9846,0.9151,0.9497,0.9589,0.9622,0.9618,0.9584,0.9807,0.998,0.9986,0.9987,0.9987,0.9986,1,1,1,1,1,1,0.022,H
38650,,,0.7287,0.6185,0.8226,0.6282,0.7117,0.7513,0.7671,0.7653,0.749,0.5043,0.5959,0.6438,0.6635,0.661,0.641,0.7415,0.8114,0.8408,0.8522,0.8509,0.8392,1,1,1,1,1,1,1,L
38651,,,0.9904,0.983,0.9959,0.973,0.9924,0.9941,0.9946,0.9945,0.994,0.9619,0.9843,0.9875,0.9885,0.9884,0.9873,0.9812,0.9983,0.9989,0.999,0.999,0.9989,1,1,1,1,1,1,0,H
38652,,,0.975,0.9611,0.9866,0.9502,0.9757,0.9803,0.9819,0.9817,0.9801,0.9299,0.9606,0.9679,0.9705,0.9702,0.9675,0.9672,0.9883,0.9906,0.9914,0.9913,0.9905,1,1,1,1,1,1,0.0013,H
38654,,,0.9456,0.8842,0.9856,0.908,0.9438,0.9538,0.9575,0.957,0.9532,0.8217,0.8774,0.898,0.9057,0.9048,0.8968,0.9658,0.9871,0.9897,0.9906,0.9905,0.9896,1,1,1,1,1,1,0.5068,M
38655,,,0.9622,0.9447,0.9767,0.9316,0.9618,0.9689,0.9714,0.9711,0.9685,0.9063,0.9429,0.9532,0.957,0.9566,0.9528,0.9528,0.9776,0.9819,0.9834,0.9832,0.9816,1,1,1,1,1,1,0.0782,H
38657,,,0.9931,0.9866,0.9966,0.977,0.9953,0.9964,0.9967,0.9967,0.9964,0.9673,0.9883,0.9907,0.9915,0.9914,0.9906,0.9823,0.9992,0.9996,0.9996,0.9996,0.9996,1,1,1,1,1,1,0,H
38659,,,0.9881,0.9796,0.995,0.9695,0.9899,0.992,0.9926,0.9926,0.9919,0.957,0.9807,0.9845,0.9858,0.9856,0.9843,0.9798,0.9974,0.9981,0.9983,0.9982,0.9981,1,1,1,1,1,1,0,H
