school_id,school_name,enrollment,coverage,coverage_ci_low,coverage_ci_high,coverage_K,coverage_1,coverage_2,coverage_3,coverage_4,coverage_5,coverage_ci_low_K,coverage_ci_low_1,coverage_ci_low_2,coverage_ci_low_3,coverage_ci_low_4,coverage_ci_low_5,coverage_ci_high_K,coverage_ci_high_1,coverage_ci_high_2,coverage_ci_high_3,coverage_ci_high_4,coverage_ci_high_5,is_estimated_K,is_estimated_1,is_estimated_2,is_estimated_3,is_estimated_4,is_estimated_5,prob_below_95,tier
17710,A. E. Arnold Elementary School,96,0.9808,0.9347,0.9959,0.9792,0.9771,0.9815,0.983,0.9828,0.9812,0.8923,0.9321,0.9441,0.9485,0.9479,0.9433,0.9812,0.9984,0.9989,0.999,0.999,0.9989,0,1,1,1,1,1,0.0782,H
17712,A. J. Cook Elementary School,57,0.9589,0.9108,0.9736,0.9825,0.9451,0.955,0.9586,0.9582,0.9544,0.8587,0.9063,0.9223,0.9283,0.9277,0.9214,0.9481,0.9742,0.9791,0.9809,0.9807,0.9789,0,1,1,1,1,1,0.5505,H
17722,Abiding Savior Lutheran School,57,0.9839,0.9478,0.9959,0.9825,0.9808,0.9845,0.9858,0.9856,0.9843,0.9108,0.9462,0.956,0.9595,0.9591,0.9554,0.9811,0.9984,0.9989,0.999,0.999,0.9989,0,1,1,1,1,1,0.0325,H
17724,Abraham Lincoln Elementary School,99,0.7798,0.5794,0.8335,0.9798,0.7021,0.7422,0.7583,0.7564,0.7398,0.4633,0.5557,0.6053,0.626,0.6236,0.602,0.7558,0.8232,0.8509,0.8618,0.8606,0.8494,0,1,1,1,1,1,1,L
17727,Acacia Elementary School,122,0.9804,0.9582,0.9852,0.9918,0.9736,0.9786,0.9803,0.9801,0.9783,0.9256,0.9575,0.9653,0.9681,0.9678,0.9648,0.9652,0.9867,0.9894,0.9903,0.9902,0.9892,0,1,1,1,1,1,0.0018,H
17730,Academy On The Hills,23,0.9851,0.9783,0.994,0.9565,0.9887,0.991,0.9918,0.9917,0.9909,0.9551,0.9793,0.9833,0.9847,0.9845,0.9831,0.9784,0.9964,0.9973,0.9975,0.9975,0.9972,0,1,1,1,1,1,0,H
17732,Access County Community School,27,0.9539,0.9678,0.9848,0.8148,0.9778,0.9821,0.9835,0.9834,0.9818,0.9397,0.9679,0.9739,0.9761,0.9758,0.9736,0.9646,0.9863,0.989,0.99,0.9898,0.9889,0,1,1,1,1,1,0,H
17737,Ada Clegg Elementary School,100,0.9875,0.9742,0.9901,0.99,0.9841,0.9872,0.9883,0.9882,0.9871,0.949,0.9749,0.9795,0.9813,0.981,0.9793,0.9726,0.9921,0.9938,0.9943,0.9943,0.9937,0,1,1,1,1,1,0,H
17738,Adams Elementary School,71,0.987,0.9773,0.9931,0.9718,0.9877,0.9902,0.991,0.9909,0.9901,0.9536,0.9781,0.9823,0.9838,0.9836,0.9821,0.9771,0.9954,0.9964,0.9967,0.9967,0.9964,0,1,1,1,1,1,0,H
17753,Agnes L. Smith Elementary School,83,0.9035,0.8431,0.9145,0.9518,0.8744,0.8953,0.9032,0.9023,0.8941,0.7676,0.8331,0.8598,0.8701,0.869,0.8585,0.8638,0.9101,0.9258,0.9316,0.9309,0.9249,0,1,1,1,1,1,1,M
17754,Agnes Ware Stanley Elementary School,46,0.7769,0.6806,0.7572,0.9565,0.7025,0.7435,0.7598,0.7579,0.741,0.5715,0.6609,0.7053,0.7232,0.7211,0.7025,0.6607,0.7417,0.7789,0.7937,0.7919,0.7766,0,1,1,1,1,1,1,L
17755,AL-Ansar Academy,11,0.8368,0.848,0.914,0.5455,0.8758,0.8965,0.9044,0.9035,0.8953,0.774,0.8386,0.8645,0.8744,0.8733,0.863,0.8632,0.9097,0.9252,0.9311,0.9304,0.9244,0,1,1,1,1,1,1,L
17759,Albert Schweitzer Elementary School,118,0.9548,0.8853,0.9741,1,0.9352,0.9466,0.9508,0.9504,0.946,0.8233,0.8787,0.8993,0.907,0.9059,0.8978,0.9489,0.9747,0.9795,0.9812,0.981,0.9793,0,1,1,1,1,1,0.6712,H
17762,Alderwood Elementary School,137,0.9404,0.8593,0.9702,0.9708,0.9216,0.9352,0.9403,0.9397,0.9345,0.7894,0.8508,0.875,0.8843,0.8831,0.8736,0.9431,0.9704,0.976,0.978,0.9778,0.9757,0,1,1,1,1,1,0.805,M
17770,Aliso Viejo Christian,49,0.9334,0.8918,0.941,0.9592,0.9144,0.9292,0.9348,0.9341,0.9284,0.833,0.8857,0.905,0.9122,0.9115,0.904,0.9012,0.9388,0.9497,0.9537,0.9532,0.949,0,1,1,1,1,1,0.9968,M
17782,AmeriMont Academy,29,0.9933,0.9931,0.997,0.9655,0.9983,0.9989,0.999,0.999,0.9989,0.977,0.9953,0.9964,0.9967,0.9967,0.9964,0.9829,0.9996,0.9999,0.9999,0.9999,0.9999,0,1,1,1,1,1,0,H
17797,Anaheim Hills Elementary School,86,0.9786,0.9601,0.9855,0.9767,0.9746,0.9794,0.9811,0.9809,0.9791,0.9285,0.9596,0.967,0.9697,0.9693,0.9666,0.9658,0.9871,0.9897,0.9905,0.9904,0.9895,0,1,1,1,1,1,0,H
17800,Anaheim Hills Montessori School,20,0.9905,0.9923,0.997,0.95,0.998,0.9986,0.9988,0.9987,0.9986,0.9759,0.9945,0.9957,0.9961,0.996,0.9957,0.9828,0.9995,0.9999,0.9999,0.9999,0.9999,0,1,1,1,1,1,0,H
17804,Anaheim Elementary Online Academy,56,0.9586,0.9404,0.9662,0.9464,0.9531,0.9616,0.9647,0.9644,0.9612,0.8998,0.9381,0.9493,0.9532,0.9528,0.9486,0.9375,0.9662,0.9725,0.9748,0.9745,0.9722,0,1,1,1,1,1,0.2542,H
17809,Anderson Elementary School,77,0.9903,0.9816,0.996,0.974,0.992,0.9937,0.9942,0.9941,0.9936,0.9599,0.9828,0.9862,0.9873,0.9872,0.986,0.9812,0.9984,0.999,0.9991,0.999,0.999,0,1,1,1,1,1,0,H
17810,Andrew Jackson Elementary School,91,0.9615,0.9445,0.9704,0.9451,0.9576,0.9654,0.9682,0.9679,0.965,0.9059,0.9426,0.9529,0.9567,0.9563,0.9524,0.9434,0.9707,0.9763,0.9782,0.978,0.976,0,1,1,1,1,1,0.1105,H
17811,Anneliese School,107,0.9452,0.9446,0.9658,0.8598,0.9546,0.9629,0.9659,0.9656,0.9625,0.9062,0.9427,0.953,0.9568,0.9564,0.9525,0.9368,0.9658,0.9722,0.9745,0.9742,0.9718,0,1,1,1,1,1,0.1548,M
17817,"Anneliese Schools, Inc.",,0.9647,0.9518,0.9758,0.9352,0.9645,0.9711,0.9734,0.9732,0.9707,0.9166,0.9506,0.9595,0.9628,0.9624,0.959,0.9515,0.9766,0.9811,0.9826,0.9825,0.9809,1,1,1,1,1,1,0.0135,H
17818,Anneliese's School,38,0.9727,0.9932,0.997,0.8421,0.9983,0.9989,0.999,0.9989,0.9988,0.9772,0.9955,0.9965,0.9968,0.9968,0.9965,0.9829,0.9995,0.9999,0.9999,0.9999,0.9999,0,1,1,1,1,1,0,H
17829,AppleTree Montessori School,10,0.9695,0.9669,0.9887,0.9,0.9798,0.9837,0.985,0.9849,0.9835,0.9383,0.9669,0.9731,0.9753,0.975,0.9728,0.9704,0.9905,0.9925,0.9932,0.9931,0.9924,0,1,1,1,1,1,0,H
17834,Arbolita Elementary School,60,0.9897,0.9713,0.9963,0.9833,0.9889,0.9912,0.9919,0.9918,0.9911,0.9449,0.9716,0.977,0.9788,0.9786,0.9766,0.9818,0.9988,0.9993,0.9993,0.9993,0.9993,0,1,1,1,1,1,0,H
17837,Arborland Montessori,11,0.9766,0.9462,0.9824,1,0.9661,0.9724,0.9746,0.9744,0.972,0.9085,0.9446,0.9545,0.9581,0.9577,0.954,0.961,0.9837,0.9869,0.988,0.9879,0.9868,0,1,1,1,1,1,0.0465,H
17838,Arborland Montessori-Hughes Campus,22,0.9634,0.9487,0.9676,0.9545,0.958,0.9657,0.9685,0.9682,0.9653,0.9121,0.9472,0.9567,0.9602,0.9598,0.9562,0.9394,0.9676,0.9736,0.9758,0.9755,0.9733,0,1,1,1,1,1,0.0423,H
17841,Ari Guiragos Minassian Armenian,22,0.9707,0.9573,0.9781,0.9545,0.9685,0.9744,0.9765,0.9762,0.9741,0.9246,0.9565,0.9645,0.9674,0.9669,0.964,0.9548,0.9791,0.9831,0.9845,0.9843,0.9828,0,1,1,1,1,1,8e-04,H
17845,Arovista Elementary School,70,0.7823,0.6755,0.787,0.9286,0.7159,0.7555,0.7713,0.7694,0.7532,0.5662,0.6555,0.7001,0.718,0.7159,0.6972,0.6962,0.7732,0.8071,0.8205,0.8191,0.8055,0,1,1,1,1,1,1,L
17847,Arroyo Elementary School,87,0.9841,0.9714,0.9894,0.977,0.9824,0.9858,0.987,0.9868,0.9856,0.9449,0.9718,0.9771,0.979,0.9788,0.9769,0.9715,0.9913,0.9931,0.9937,0.9937,0.9931,0,1,1,1,1,1,0,H
17849,Arroyo Vista Elementary School,76,0.9575,0.9296,0.9614,0.9737,0.9451,0.955,0.9586,0.9582,0.9544,0.8849,0.9266,0.9394,0.9442,0.9437,0.9386,0.9304,0.961,0.9682,0.9708,0.9705,0.9679,0,1,1,1,1,1,0.6462,H
17851,Arthur F. Corey Elementary School,77,0.9946,0.9927,0.997,0.974,0.9982,0.9987,0.9989,0.9988,0.9987,0.9765,0.9949,0.9961,0.9964,0.9964,0.996,0.9828,0.9996,0.9999,0.9999,0.9999,0.9999,0,1,1,1,1,1,0,H
17863,Baden-Powell Elementary School,128,0.9824,0.9777,0.9927,0.9453,0.9875,0.99,0.9909,0.9908,0.9899,0.9541,0.9786,0.9828,0.9842,0.9841,0.9826,0.9765,0.9949,0.9961,0.9964,0.9964,0.9961,0,1,1,1,1,1,0,H
17867,Barbara Benson Elementary School,86,0.9719,0.9519,0.976,0.9767,0.9649,0.9715,0.9738,0.9735,0.9711,0.9164,0.9506,0.9596,0.9629,0.9626,0.9592,0.9518,0.9768,0.9812,0.9828,0.9826,0.981,0,1,1,1,1,1,0.0118,H
17869,Barton (Clara) Elementary School,141,0.9898,0.9732,0.9945,0.9929,0.9867,0.9894,0.9903,0.9902,0.9893,0.9476,0.9738,0.9787,0.9805,0.9803,0.9785,0.9792,0.9969,0.9977,0.9979,0.9979,0.9977,0,1,1,1,1,1,0,H
17870,Bathgate Elementary School,117,0.9086,0.8295,0.9286,0.9744,0.8764,0.8969,0.9047,0.9038,0.8957,0.7501,0.8188,0.8471,0.858,0.8566,0.8453,0.8834,0.9253,0.9385,0.9434,0.943,0.9379,0,1,1,1,1,1,1,M
17876,Beacon Park K-8 School,,0.8988,0.8797,0.9165,0.8422,0.8932,0.9114,0.9182,0.9174,0.9103,0.816,0.8726,0.8939,0.9018,0.9009,0.8925,0.8665,0.9122,0.9275,0.9332,0.9325,0.9267,1,1,1,1,1,1,1,L
17879,Beechwood Elementary School,100,0.9585,0.9309,0.9574,0.99,0.9427,0.953,0.9567,0.9563,0.9524,0.8868,0.9279,0.9406,0.9452,0.9447,0.9398,0.9244,0.9566,0.9645,0.9674,0.9671,0.9641,0,1,1,1,1,1,0.789,H
17885,Benjamin F. Beswick Elementary School,66,0.9925,0.9818,0.9964,0.9848,0.9926,0.9942,0.9947,0.9947,0.9942,0.9601,0.9831,0.9864,0.9875,0.9874,0.9862,0.9819,0.9989,0.9993,0.9994,0.9994,0.9993,0,1,1,1,1,1,0,H
17890,Bethany Christian Academy,20,0.9026,0.7141,0.9729,0.95,0.8743,0.8944,0.9021,0.9012,0.8933,0.6094,0.6958,0.7376,0.7544,0.7527,0.7359,0.9472,0.9735,0.9785,0.9802,0.98,0.9782,0,1,1,1,1,1,0.8838,M
17891,Bethel Baptist,20,0.9982,0.9901,0.9969,1,0.9972,0.9979,0.9981,0.9981,0.9979,0.9725,0.992,0.9937,0.9943,0.9942,0.9937,0.9828,0.9995,0.9998,0.9998,0.9998,0.9998,0,1,1,1,1,1,0,H
17899,Blessed Sacrament Catholic School,24,0.9613,0.9023,0.9784,1,0.9443,0.9543,0.9579,0.9575,0.9537,0.8473,0.897,0.9147,0.9212,0.9204,0.9135,0.9552,0.9794,0.9834,0.9848,0.9846,0.9832,0,1,1,1,1,1,0.5425,H
17904,Bonita Canyon Elementary School,48,0.9873,0.9888,0.9968,0.9375,0.9964,0.9973,0.9975,0.9975,0.9973,0.9705,0.9907,0.9926,0.9932,0.9932,0.9925,0.9826,0.9994,0.9997,0.9998,0.9998,0.9997,0,1,1,1,1,1,0,H
17910,Brea Country Hills Elementary School,81,0.989,0.9807,0.994,0.9753,0.9899,0.992,0.9926,0.9926,0.9919,0.9587,0.9819,0.9855,0.9867,0.9865,0.9853,0.9784,0.9964,0.9973,0.9975,0.9975,0.9973,0,1,1,1,1,1,0,H
17926,Broderick Montessori School,11,0.8939,0.8673,0.9257,0.8182,0.8919,0.9103,0.9172,0.9164,0.9092,0.7995,0.8593,0.8825,0.891,0.89,0.8809,0.8794,0.9223,0.9359,0.9411,0.9405,0.9353,0,1,1,1,1,1,1,L
17928,Brookhaven Elementary School,53,0.9577,0.9306,0.9584,0.9811,0.9436,0.9537,0.9574,0.957,0.9532,0.8866,0.9275,0.9404,0.9451,0.9446,0.9397,0.9262,0.9577,0.9655,0.9684,0.968,0.9651,0,1,1,1,1,1,0.7398,H
17929,Brookhurst Elementary School,85,0.9934,0.9843,0.9969,0.9765,0.9959,0.9969,0.9972,0.9971,0.9969,0.9638,0.9858,0.9886,0.9896,0.9894,0.9884,0.9827,0.9994,0.9998,0.9998,0.9998,0.9998,0,1,1,1,1,1,0,H
17931,Bryant Elementary School,73,0.983,0.9696,0.9847,0.9863,0.9786,0.9827,0.9841,0.984,0.9825,0.9424,0.9698,0.9755,0.9775,0.9773,0.9752,0.9644,0.9862,0.9889,0.9899,0.9897,0.9888,0,1,1,1,1,1,0,H
17932,Bryant Ranch Elementary School,98,0.9894,0.9803,0.9936,0.9796,0.9894,0.9915,0.9922,0.9922,0.9914,0.9581,0.9815,0.9851,0.9863,0.9862,0.9849,0.9778,0.9959,0.9969,0.9971,0.9971,0.9968,0,1,1,1,1,1,0,H
17933,Brywood Elementary School,55,0.9877,0.9747,0.9928,0.9818,0.9863,0.9891,0.99,0.9899,0.9889,0.9496,0.9753,0.9801,0.9817,0.9815,0.9798,0.9765,0.995,0.9962,0.9965,0.9965,0.9961,0,1,1,1,1,1,0,H
17939,Buena Terra Elementary School,112,0.9853,0.9708,0.9872,0.9911,0.9807,0.9845,0.9858,0.9856,0.9843,0.9439,0.9711,0.9766,0.9785,0.9782,0.9762,0.9683,0.989,0.9912,0.992,0.9919,0.9911,0,1,1,1,1,1,0,H
17945,c. c. lambert elementary,69,0.9757,0.9493,0.9783,1,0.9648,0.9713,0.9736,0.9734,0.971,0.9128,0.9478,0.9573,0.9608,0.9603,0.9568,0.9549,0.9793,0.9833,0.9846,0.9845,0.9831,0,1,1,1,1,1,0.029,H
17946,C. C. Violette Elementary School,44,0.9827,0.9748,0.9922,0.9545,0.9857,0.9886,0.9895,0.9894,0.9884,0.95,0.9755,0.9802,0.9818,0.9816,0.9799,0.9757,0.9943,0.9956,0.996,0.9959,0.9956,0,1,1,1,1,1,0,H
17951,Cadence Park K-8 School,,0.9434,0.924,0.9606,0.9045,0.9415,0.9519,0.9558,0.9554,0.9514,0.8771,0.9204,0.9345,0.9396,0.939,0.9338,0.9292,0.96,0.9674,0.9701,0.9698,0.9671,1,1,1,1,1,1,0.7508,M
17953,California Elementary School,68,0.9926,0.9881,0.9968,0.9706,0.9961,0.997,0.9973,0.9973,0.997,0.9696,0.9899,0.992,0.9927,0.9926,0.9919,0.9826,0.9994,0.9997,0.9997,0.9997,0.9997,0,1,1,1,1,1,0,H
17957,california connections academy,,0.9947,0.9897,0.9969,0.9793,0.997,0.9978,0.998,0.998,0.9978,0.9719,0.9916,0.9934,0.994,0.9939,0.9933,0.9827,0.9994,0.9998,0.9998,0.9998,0.9998,1,1,1,1,1,1,0,H
17959,California Connections Academy Central Coast,,0.9891,0.9729,0.9965,0.971,0.991,0.9928,0.9934,0.9934,0.9928,0.947,0.9734,0.9784,0.9803,0.9801,0.9783,0.9822,0.9991,0.9995,0.9995,0.9995,0.9995,1,1,1,1,1,1,0,H
17977,Calvary Chapel Anaheim School,10,0.9736,0.9521,0.971,1,0.9618,0.9689,0.9714,0.9711,0.9685,0.9171,0.9509,0.9598,0.963,0.9627,0.9593,0.9443,0.9713,0.9767,0.9787,0.9785,0.9765,0,1,1,1,1,1,0.0095,H
17978,Calvary Chapel Christian School Of Cypre,26,0.9913,0.9875,0.9969,0.9615,0.9965,0.9974,0.9976,0.9976,0.9974,0.9688,0.9893,0.9915,0.9922,0.9921,0.9914,0.9827,0.9995,0.9998,0.9998,0.9998,0.9998,0,1,1,1,1,1,0,H
17981,Calvary Chapel of Yorba Linda School,20,0.9777,0.97,0.9863,0.95,0.9797,0.9836,0.9849,0.9848,0.9834,0.9429,0.9703,0.9759,0.9779,0.9776,0.9755,0.9669,0.9879,0.9903,0.9912,0.9911,0.9902,0,1,1,1,1,1,0,H
17984,Calvary Chapel Private School Program,10,0.8977,0.988,0.9969,0.4,0.9964,0.9973,0.9975,0.9975,0.9973,0.9694,0.9898,0.9919,0.9926,0.9925,0.9918,0.9827,0.9995,0.9998,0.9998,0.9998,0.9998,0,1,1,1,1,1,0,L
17985,Calvary Christian School,39,0.9478,0.9208,0.9559,0.9487,0.9373,0.9484,0.9526,0.9521,0.9478,0.8724,0.9171,0.9316,0.937,0.9364,0.9309,0.9223,0.9549,0.9632,0.9662,0.9659,0.9628,0,1,1,1,1,1,0.8895,M
17993,Cambridge Elementary School,82,0.9786,0.9631,0.9836,0.9756,0.9748,0.9796,0.9813,0.9811,0.9793,0.933,0.9628,0.9696,0.9721,0.9718,0.9693,0.9629,0.9851,0.988,0.989,0.9889,0.9879,0,1,1,1,1,1,0,H
18005,Canyon Rim Elementary School,86,0.9682,0.913,0.9894,0.9767,0.9597,0.9671,0.9697,0.9694,0.9667,0.8623,0.9086,0.9244,0.9304,0.9299,0.9238,0.9716,0.9913,0.9931,0.9937,0.9936,0.993,0,1,1,1,1,1,0.262,H
18006,Canyon View Elementary School,102,0.9884,0.9755,0.9912,0.9902,0.9854,0.9883,0.9893,0.9892,0.9882,0.9509,0.9762,0.9808,0.9824,0.9822,0.9806,0.9741,0.9933,0.9948,0.9952,0.9951,0.9947,0,1,1,1,1,1,0,H
18008,Canyon Vista Elementary School,101,0.9902,0.966,0.9966,0.9802,0.9903,0.9923,0.993,0.9929,0.9922,0.9368,0.9658,0.9723,0.9745,0.9742,0.9718,0.9823,0.9992,0.9996,0.9996,0.9996,0.9996,0,1,1,1,1,1,0.005,H
18018,Capistrano Valley Christian Schools,55,0.9811,0.9944,0.997,0.8909,0.9987,0.9992,0.9992,0.9992,0.9992,0.9789,0.9967,0.9976,0.9978,0.9978,0.9976,0.9829,0.9996,0.9999,0.9999,0.9999,0.9999,0,1,1,1,1,1,0,H
18024,Carden Conservatory,11,0.9884,0.9713,0.9907,1,0.9831,0.9864,0.9875,0.9874,0.9862,0.9449,0.9717,0.977,0.9789,0.9787,0.9767,0.9735,0.9928,0.9943,0.9948,0.9947,0.9942,0,1,1,1,1,1,0,H
18025,"Carden Hall, Inc School",64,0.9962,0.9925,0.997,0.9844,0.9981,0.9987,0.9988,0.9988,0.9987,0.9761,0.9947,0.9959,0.9963,0.9962,0.9959,0.9828,0.9995,0.9999,0.9999,0.9999,0.9999,0,1,1,1,1,1,0,H
18028,Carl E. Gilbert Elementary School,96,0.995,0.9914,0.997,0.9792,0.9976,0.9983,0.9984,0.9984,0.9983,0.9745,0.9935,0.9949,0.9954,0.9953,0.9949,0.9828,0.9995,0.9998,0.9999,0.9999,0.9999,0,1,1,1,1,1,0,H
18029,Carl Hankey Elementary School,60,0.949,0.917,0.9484,0.9833,0.9307,0.943,0.9475,0.947,0.9423,0.8675,0.9129,0.9281,0.9336,0.9329,0.9271,0.9114,0.9468,0.9564,0.9599,0.9595,0.9558,0,1,1,1,1,1,0.983,M
18032,Carl Harvey Elementary School,57,0.9894,0.9617,0.9966,0.9825,0.9887,0.991,0.9917,0.9917,0.9909,0.9306,0.9613,0.9685,0.9711,0.9708,0.9681,0.9823,0.9992,0.9996,0.9996,0.9996,0.9996,0,1,1,1,1,1,0.0055,H
18036,Castille Elementary School,103,0.9741,0.9574,0.9758,0.9806,0.9672,0.9733,0.9755,0.9753,0.973,0.9246,0.9566,0.9645,0.9674,0.9671,0.9641,0.9515,0.9766,0.9811,0.9826,0.9824,0.9808,0,1,1,1,1,1,8e-04,H
18048,Centralia Elementary School,77,0.9784,0.91,0.9962,0.974,0.975,0.9797,0.9813,0.9811,0.9794,0.8576,0.9055,0.9218,0.9277,0.9269,0.9205,0.9817,0.9988,0.9992,0.9993,0.9993,0.9992,0,1,1,1,1,1,0.1325,H
18054,Cerritos Elementary School,60,0.9889,0.9762,0.9937,0.9833,0.9877,0.9902,0.991,0.9909,0.9901,0.9519,0.977,0.9814,0.983,0.9828,0.9812,0.9778,0.996,0.997,0.9972,0.9972,0.9969,0,1,1,1,1,1,0,H
18058,Chaparral Elementary School,108,0.9894,0.9761,0.9925,0.9907,0.9867,0.9893,0.9902,0.9901,0.9892,0.9519,0.9769,0.9813,0.9828,0.9827,0.9811,0.9761,0.9947,0.9959,0.9963,0.9962,0.9959,0,1,1,1,1,1,0,H
18059,Chapman Hills Elementary School,64,0.9914,0.9769,0.9963,0.9844,0.9911,0.993,0.9936,0.9935,0.9929,0.9529,0.9778,0.982,0.9835,0.9833,0.9818,0.9818,0.9988,0.9993,0.9993,0.9993,0.9993,0,1,1,1,1,1,0,H
18064,Charles G. Emery Elementary School,115,0.9939,0.9807,0.9965,0.9913,0.993,0.9945,0.995,0.9949,0.9944,0.9585,0.9818,0.9854,0.9866,0.9864,0.9852,0.9822,0.9991,0.9995,0.9995,0.9995,0.9995,0,1,1,1,1,1,0,H
18066,Charles Wagner Elementary School,80,0.9923,0.9914,0.997,0.9625,0.9977,0.9984,0.9985,0.9985,0.9983,0.9744,0.9935,0.9949,0.9953,0.9953,0.9949,0.9828,0.9995,0.9999,0.9999,0.9999,0.9999,0,1,1,1,1,1,0,H
18103,Christ Cathedral Academy,43,0.9888,0.9846,0.9967,0.9535,0.9947,0.9959,0.9963,0.9962,0.9959,0.9642,0.9861,0.9889,0.9898,0.9897,0.9887,0.9824,0.9993,0.9996,0.9997,0.9997,0.9996,0,1,1,1,1,1,0,H
18106,Christ Lutheran School,32,0.9876,0.9894,0.9969,0.9375,0.997,0.9978,0.998,0.9979,0.9977,0.9714,0.9914,0.9932,0.9938,0.9937,0.9931,0.9827,0.9995,0.9998,0.9998,0.9998,0.9998,0,1,1,1,1,1,0,H
18125,Cielo Vista Elementary School,125,0.9751,0.9798,0.9954,0.888,0.9908,0.9927,0.9933,0.9932,0.9926,0.9574,0.9809,0.9846,0.9859,0.9858,0.9844,0.9804,0.9979,0.9985,0.9986,0.9986,0.9985,0,1,1,1,1,1,0,H
18127,Circle View Elementary School,93,0.9948,0.9907,0.9969,0.9785,0.9974,0.9981,0.9983,0.9983,0.9981,0.9735,0.9927,0.9943,0.9948,0.9947,0.9942,0.9828,0.9995,0.9998,0.9999,0.9999,0.9998,0,1,1,1,1,1,0,H
18128,Citrus Springs Charter,67,0.9161,0.9898,0.9969,0.5075,0.9971,0.9979,0.9981,0.998,0.9978,0.9722,0.9918,0.9936,0.9941,0.994,0.9935,0.9827,0.9995,0.9998,0.9998,0.9998,0.9998,0,1,1,1,1,1,0,M
18133,Clara J. King Elementary School,71,0.9843,0.9723,0.9856,0.9859,0.9804,0.9842,0.9855,0.9854,0.984,0.9463,0.9728,0.9779,0.9798,0.9796,0.9777,0.9659,0.9872,0.9898,0.9906,0.9905,0.9896,0,1,1,1,1,1,0,H
18135,Clarence Lobo Elementary School,79,0.9276,0.8893,0.9292,0.962,0.9056,0.9219,0.9279,0.9272,0.9209,0.829,0.8829,0.9028,0.9102,0.9093,0.9016,0.8842,0.9262,0.9391,0.9438,0.9433,0.9384,0,1,1,1,1,1,1,M
18141,Clinton-Mendenhall Elementary School,107,0.991,0.9462,0.9967,1,0.9868,0.9894,0.9903,0.9902,0.9893,0.9084,0.9445,0.9545,0.9581,0.9577,0.9539,0.9824,0.9992,0.9996,0.9997,0.9996,0.9996,0,1,1,1,1,1,0.0312,H
18152,College Park Elementary School,52,0.975,0.9516,0.9815,0.9808,0.9684,0.9743,0.9764,0.9762,0.974,0.9162,0.9503,0.9594,0.9627,0.9623,0.9588,0.9598,0.9828,0.9861,0.9873,0.9872,0.986,0,1,1,1,1,1,0.0165,H
18154,College View Elementary School,92,0.9496,0.9192,0.9587,0.9565,0.938,0.949,0.9531,0.9526,0.9484,0.8703,0.9153,0.9301,0.9356,0.9349,0.9291,0.9265,0.958,0.9657,0.9686,0.9683,0.9653,0,1,1,1,1,1,0.8305,M
18158,Commonwealth Elementary School,46,0.983,0.9465,0.9966,0.9565,0.9857,0.9885,0.9895,0.9894,0.9884,0.9089,0.9448,0.9547,0.9584,0.9579,0.9542,0.9822,0.9991,0.9995,0.9996,0.9996,0.9995,0,1,1,1,1,1,0.0318,H
18159,community christian schools dba rsm christian school,50,0.9832,0.9674,0.9967,0.94,0.9899,0.992,0.9926,0.9926,0.9919,0.939,0.9674,0.9734,0.9756,0.9754,0.9731,0.9823,0.9992,0.9996,0.9996,0.9996,0.9996,0,1,1,1,1,1,0.0013,H
18170,Community Roots Academy,94,0.9901,0.9695,0.9967,0.9787,0.9906,0.9926,0.9932,0.9931,0.9925,0.9423,0.9697,0.9754,0.9775,0.9773,0.9752,0.9824,0.9992,0.9996,0.9997,0.9996,0.9996,0,1,1,1,1,1,0.0018,H
18172,Concordia Elementary School,91,0.9948,0.991,0.997,0.978,0.9976,0.9983,0.9984,0.9984,0.9982,0.9739,0.9931,0.9946,0.995,0.995,0.9945,0.9828,0.9995,0.9998,0.9999,0.9999,0.9998,0,1,1,1,1,1,0,H
18180,cordillera elementary,32,0.9849,0.9838,0.9962,0.9375,0.993,0.9945,0.995,0.9949,0.9944,0.9631,0.9852,0.9881,0.9891,0.989,0.988,0.9817,0.9987,0.9992,0.9993,0.9993,0.9992,0,1,1,1,1,1,0,H
18184,Cornerstone Community School,11,0.9366,0.9871,0.9968,0.6364,0.9958,0.9968,0.9971,0.997,0.9967,0.968,0.9889,0.9911,0.9919,0.9918,0.991,0.9825,0.9993,0.9997,0.9997,0.9997,0.9997,0,1,1,1,1,1,0,M
18194,Courreges (Roch) Elementary School,113,0.968,0.8992,0.9936,0.9912,0.9561,0.964,0.9669,0.9666,0.9636,0.843,0.8938,0.9119,0.9186,0.9179,0.9109,0.9778,0.9959,0.9969,0.9971,0.9971,0.9968,0,1,1,1,1,1,0.3368,H
18195,Covenant Christian,27,0.9351,0.8722,0.9569,0.963,0.916,0.9306,0.936,0.9354,0.9298,0.8065,0.8648,0.8869,0.8955,0.8944,0.8855,0.9241,0.9562,0.9641,0.9669,0.9665,0.9635,0,1,1,1,1,1,0.9325,M
18198,Cox (James H.) Elementary School,104,0.9522,0.9253,0.9461,0.9904,0.9337,0.9455,0.9498,0.9493,0.9448,0.8787,0.9218,0.9355,0.9406,0.94,0.9348,0.9084,0.9443,0.9543,0.958,0.9576,0.9538,0,1,1,1,1,1,0.9978,H
18210,Crescent Elementary School,87,0.9769,0.9444,0.9909,0.977,0.972,0.9773,0.9791,0.9789,0.977,0.9061,0.9427,0.9529,0.9568,0.9564,0.9524,0.9737,0.9929,0.9945,0.9949,0.9949,0.9944,0,1,1,1,1,1,0.0493,H
18219,crown valley elementary,85,0.9847,0.9743,0.9885,0.9765,0.9833,0.9866,0.9877,0.9875,0.9864,0.9491,0.9749,0.9797,0.9813,0.9811,0.9794,0.9702,0.9904,0.9923,0.993,0.9929,0.9923,0,1,1,1,1,1,0,H
18224,Culverdale Elementary School,58,0.981,0.9656,0.9847,0.9828,0.9766,0.9811,0.9826,0.9824,0.9808,0.9365,0.9655,0.9719,0.9742,0.9739,0.9715,0.9645,0.9862,0.989,0.9899,0.9898,0.9888,0,1,1,1,1,1,0,H
18230,Cypress Montessori Academy,23,0.9906,0.9889,0.9969,0.9565,0.9967,0.9975,0.9978,0.9977,0.9975,0.9708,0.9908,0.9927,0.9934,0.9933,0.9927,0.9826,0.9994,0.9998,0.9998,0.9998,0.9998,0,1,1,1,1,1,0,H
18232,Cypress Village Elementary,140,0.9913,0.9878,0.9968,0.9643,0.9958,0.9968,0.9971,0.997,0.9967,0.9691,0.9896,0.9917,0.9924,0.9923,0.9916,0.9825,0.9993,0.9997,0.9997,0.9997,0.9997,0,1,1,1,1,1,0,H
18242,Danbrook Elementary School,121,0.9968,0.989,0.9969,0.9917,0.9972,0.9979,0.9981,0.9981,0.9979,0.9711,0.991,0.9928,0.9934,0.9934,0.9927,0.9828,0.9995,0.9998,0.9999,0.9999,0.9998,0,1,1,1,1,1,0,H
18246,De Portola Elementary School,181,0.9964,0.9905,0.9969,0.989,0.9973,0.998,0.9982,0.9982,0.998,0.9731,0.9925,0.9941,0.9946,0.9946,0.9941,0.9827,0.9995,0.9998,0.9998,0.9998,0.9998,0,1,1,1,1,1,0,H
18248,Deerfield Elementary School,89,0.9686,0.9472,0.9723,0.9775,0.96,0.9674,0.97,0.9697,0.967,0.9098,0.9456,0.9555,0.959,0.9586,0.9549,0.9462,0.9728,0.9779,0.9797,0.9795,0.9776,0,1,1,1,1,1,0.0495,H
18251,Del Cerro Elementary School,78,0.9894,0.9802,0.9953,0.9744,0.9906,0.9925,0.9931,0.9931,0.9924,0.9578,0.9813,0.9849,0.9862,0.986,0.9847,0.9804,0.9978,0.9984,0.9986,0.9985,0.9984,0,1,1,1,1,1,0,H
18252,Del Lago Elementary School,103,0.9834,0.9428,0.9955,0.9903,0.9782,0.9824,0.9838,0.9837,0.9822,0.9036,0.9408,0.9514,0.9554,0.9549,0.9508,0.9806,0.998,0.9986,0.9987,0.9987,0.9986,0,1,1,1,1,1,0.0508,H
18255,Del Obispo Elementary School,45,0.9745,0.9549,0.9872,0.9556,0.9737,0.9786,0.9804,0.9802,0.9784,0.9209,0.9538,0.9623,0.9654,0.9651,0.962,0.9682,0.989,0.9912,0.9919,0.9919,0.9911,0,1,1,1,1,1,0.006,H
18258,Demille Elementary School,104,0.9973,0.993,0.997,0.9904,0.9983,0.9988,0.9989,0.9989,0.9988,0.9769,0.9952,0.9963,0.9966,0.9966,0.9963,0.9829,0.9996,0.9999,0.9999,0.9999,0.9999,0,1,1,1,1,1,0,H
18260,Diamond Elementary School,65,0.9961,0.9921,0.9969,0.9846,0.9978,0.9985,0.9986,0.9986,0.9985,0.9754,0.9942,0.9955,0.9959,0.9958,0.9955,0.9828,0.9995,0.9998,0.9999,0.9999,0.9998,0,1,1,1,1,1,0,H
18265,Discovery Depot Child Care Center,20,0.9887,0.9859,0.9968,0.95,0.9955,0.9965,0.9968,0.9968,0.9965,0.9662,0.9875,0.99,0.9908,0.9907,0.9898,0.9826,0.9994,0.9998,0.9998,0.9998,0.9998,0,1,1,1,1,1,0,H
18271,Don Juan Avila Elementary School,140,0.9905,0.9775,0.9933,0.9929,0.9877,0.9902,0.991,0.9909,0.9901,0.9538,0.9785,0.9826,0.984,0.9839,0.9824,0.9773,0.9955,0.9966,0.9969,0.9968,0.9966,0,1,1,1,1,1,0,H
18284,Dwight D. Eisenhower Elementary School,77,0.9916,0.9861,0.996,0.974,0.9939,0.9953,0.9957,0.9956,0.9952,0.9665,0.9878,0.9903,0.9911,0.991,0.9901,0.9814,0.9985,0.999,0.9991,0.9991,0.999,0,1,1,1,1,1,0,H
18288,Earl Warren Elementary School,105,0.9526,0.9366,0.9605,0.9333,0.9477,0.9571,0.9606,0.9602,0.9566,0.8949,0.9341,0.9459,0.9502,0.9497,0.9452,0.9291,0.96,0.9674,0.9701,0.9697,0.967,0,1,1,1,1,1,0.5392,H
18295,Eastbluff Elementary School,51,0.9937,0.9861,0.9967,0.9804,0.9953,0.9964,0.9967,0.9967,0.9964,0.9666,0.9878,0.9902,0.991,0.9909,0.9901,0.9824,0.9993,0.9997,0.9997,0.9997,0.9997,0,1,1,1,1,1,0,H
18298,Eastshore Elementary School,75,0.99,0.9782,0.9936,0.9867,0.9885,0.9908,0.9916,0.9915,0.9907,0.9549,0.9791,0.9831,0.9845,0.9844,0.9829,0.9777,0.9959,0.9969,0.9971,0.9971,0.9968,0,1,1,1,1,1,0,H
18299,Eastside Christian,18,0.9944,0.9811,0.996,1,0.9917,0.9935,0.994,0.994,0.9934,0.9591,0.9823,0.9857,0.9868,0.9867,0.9855,0.9813,0.9984,0.999,0.9991,0.9991,0.999,0,1,1,1,1,1,0,H
18302,Eastwood Elementary,118,0.9636,0.9399,0.9609,0.9915,0.9495,0.9587,0.962,0.9616,0.9582,0.8994,0.9376,0.9487,0.9528,0.9524,0.9481,0.9296,0.9604,0.9677,0.9703,0.9701,0.9673,0,1,1,1,1,1,0.4312,H
18307,Edgewood Preprimary Academy,10,0.9919,0.9766,0.9943,1,0.9881,0.9905,0.9913,0.9912,0.9904,0.9524,0.9774,0.9818,0.9833,0.9831,0.9816,0.9787,0.9966,0.9975,0.9977,0.9977,0.9974,0,1,1,1,1,1,0,H
18309,Edison (Thomas) Elementary School,133,0.9948,0.9851,0.9964,0.9925,0.9941,0.9954,0.9958,0.9957,0.9953,0.965,0.9866,0.9893,0.9902,0.9901,0.9892,0.9819,0.9989,0.9994,0.9994,0.9994,0.9994,0,1,1,1,1,1,0,H
18313,Edward B. Cole Academy,100,0.9701,0.9772,0.99,0.88,0.9854,0.9883,0.9893,0.9892,0.9882,0.9536,0.9781,0.9823,0.9838,0.9836,0.9821,0.9724,0.9919,0.9936,0.9942,0.9941,0.9936,0,1,1,1,1,1,0,H
18314,Edward Russell Elementary School,99,0.9885,0.9548,0.9967,0.9798,0.988,0.9904,0.9912,0.9911,0.9903,0.9209,0.9538,0.9622,0.9653,0.965,0.9618,0.9824,0.9992,0.9996,0.9996,0.9996,0.9996,0,1,1,1,1,1,0.0173,H
18317,El Cerrito Elementary School,79,0.9794,0.9647,0.985,0.9747,0.9761,0.9806,0.9822,0.9821,0.9804,0.9351,0.9645,0.971,0.9733,0.9731,0.9706,0.9649,0.9866,0.9892,0.9901,0.99,0.9891,0,1,1,1,1,1,5e-04,H
18321,El Morro Elementary School,54,0.9516,0.9189,0.9544,0.9815,0.9348,0.9464,0.9507,0.9502,0.9458,0.87,0.9152,0.9297,0.9352,0.9345,0.9288,0.9204,0.9533,0.9618,0.9649,0.9645,0.9613,0,1,1,1,1,1,0.928,H
18322,El Portal Elementary School,85,0.8298,0.6698,0.8723,0.9765,0.7687,0.8026,0.8159,0.8144,0.8006,0.5598,0.6493,0.6945,0.7128,0.7106,0.6916,0.8067,0.8648,0.8871,0.8956,0.8945,0.8857,0,1,1,1,1,1,1,L
18324,El Sol Santa Ana Science And Arts Academy,126,0.9813,0.9596,0.986,0.9921,0.9747,0.9795,0.9812,0.981,0.9792,0.9279,0.9589,0.9664,0.9692,0.9689,0.9662,0.9665,0.9876,0.9901,0.9909,0.9908,0.99,0,1,1,1,1,1,0.0025,H
18328,eldorado emerson private school,11,0.9135,0.7679,0.9811,0.9091,0.8987,0.9155,0.9218,0.9211,0.9145,0.6729,0.7527,0.789,0.8037,0.8025,0.7882,0.9591,0.9823,0.9858,0.987,0.9869,0.9856,0,1,1,1,1,1,0.7958,M
18337,Enders Elementary School,75,0.9883,0.9367,0.9967,0.9867,0.9862,0.9889,0.9898,0.9897,0.9887,0.8944,0.934,0.9458,0.95,0.9494,0.9449,0.9824,0.9993,0.9996,0.9997,0.9997,0.9996,0,1,1,1,1,1,0.0448,H
18339,Epic Charter (Excellence Performance Innovation Citizenship),,0.9072,0.8725,0.9379,0.8538,0.9023,0.919,0.9253,0.9246,0.9181,0.8063,0.8648,0.8872,0.8954,0.8945,0.8857,0.897,0.9355,0.9469,0.9512,0.9508,0.9464,1,1,1,1,1,1,0.9985,M
18340,Ernest O. Lawrence Elementary School,84,0.9862,0.9482,0.9966,0.9762,0.9856,0.9885,0.9894,0.9893,0.9883,0.911,0.9466,0.9563,0.9599,0.9595,0.9559,0.9822,0.9991,0.9995,0.9996,0.9996,0.9995,0,1,1,1,1,1,0.0275,H
18344,Esencia TK-8,,0.96,0.9445,0.9734,0.9283,0.9594,0.9668,0.9695,0.9692,0.9664,0.9059,0.9425,0.9529,0.9569,0.9564,0.9525,0.948,0.974,0.9789,0.9807,0.9805,0.9787,1,1,1,1,1,1,0.0887,H
18348,Esplanade Elementary School,40,0.9847,0.9818,0.993,0.95,0.9897,0.9918,0.9925,0.9924,0.9917,0.9603,0.9831,0.9864,0.9876,0.9874,0.9863,0.9768,0.9952,0.9963,0.9967,0.9966,0.9963,0,1,1,1,1,1,0,H
18350,Esther L. Walter Elementary School,100,0.9782,0.9045,0.9961,0.99,0.9708,0.9762,0.9781,0.9779,0.9759,0.8498,0.8993,0.9167,0.923,0.9224,0.9159,0.9815,0.9986,0.9991,0.9992,0.9992,0.9991,0,1,1,1,1,1,0.1618,H
18352,Ethan B. Allen Elementary School,87,0.9794,0.9285,0.9961,0.977,0.9757,0.9803,0.9819,0.9817,0.98,0.8835,0.9254,0.9386,0.9435,0.9429,0.9378,0.9815,0.9986,0.9991,0.9992,0.9992,0.9991,0,1,1,1,1,1,0.1057,H
18354,Ethel M. Evans Elementary School,23,0.9668,0.9503,0.9735,0.9565,0.9624,0.9693,0.9718,0.9716,0.969,0.9144,0.9488,0.9581,0.9615,0.9611,0.9576,0.948,0.9741,0.979,0.9807,0.9805,0.9787,0,1,1,1,1,1,0.0238,H
18358,Everett A. Rea Elementary School,63,0.9953,0.9895,0.9969,0.9841,0.9968,0.9976,0.9978,0.9978,0.9976,0.9717,0.9914,0.9932,0.9938,0.9937,0.9932,0.9827,0.9994,0.9998,0.9998,0.9998,0.9998,0,1,1,1,1,1,0,H
18361,Excelsior Elementary School,95,0.9884,0.9765,0.9939,0.9789,0.988,0.9905,0.9913,0.9912,0.9903,0.9525,0.9774,0.9817,0.9832,0.983,0.9814,0.9783,0.9963,0.9972,0.9974,0.9974,0.9972,0,1,1,1,1,1,0,H
18363,Fairhaven Elementary School,82,0.9782,0.9644,0.9819,0.9756,0.9743,0.9791,0.9809,0.9807,0.9789,0.9347,0.9642,0.9709,0.9732,0.973,0.9705,0.9603,0.9831,0.9864,0.9876,0.9874,0.9863,0,1,1,1,1,1,0,H
18364,Fairmont Elementary School,136,0.9709,0.9398,0.9774,0.9926,0.9597,0.9671,0.9698,0.9695,0.9667,0.8992,0.9376,0.9486,0.9527,0.9522,0.9479,0.9536,0.9782,0.9824,0.9839,0.9837,0.9822,0,1,1,1,1,1,0.1452,H
18368,"fairmont private schools, anaheim hills",65,0.9181,0.8687,0.9146,0.9846,0.887,0.9061,0.9133,0.9125,0.905,0.8017,0.8608,0.8837,0.8924,0.8914,0.8824,0.8641,0.9103,0.9259,0.9318,0.9312,0.9252,0,1,1,1,1,1,1,M
18370,Fairmont Private School-Citron,,0.9866,0.9801,0.9924,0.9673,0.9883,0.9907,0.9914,0.9913,0.9905,0.9577,0.9812,0.9848,0.9861,0.986,0.9847,0.976,0.9945,0.9958,0.9961,0.9961,0.9957,1,1,1,1,1,1,0,H
18371,Fairmont Private Schools - Historic Anaheim Campus,23,0.9466,0.9158,0.9539,0.9565,0.9337,0.9455,0.9498,0.9493,0.9448,0.8653,0.9114,0.9268,0.9327,0.9321,0.9261,0.9194,0.9528,0.9614,0.9646,0.9642,0.961,0,1,1,1,1,1,0.931,M
18372,"Fairmont Private Schools, North Tustin Campus",29,0.8192,0.7027,0.8323,0.9655,0.7567,0.7923,0.8062,0.8046,0.7902,0.5954,0.684,0.7267,0.7439,0.7419,0.7242,0.7543,0.8217,0.8499,0.8608,0.8595,0.8482,0,1,1,1,1,1,1,L
18381,Falcon Academy of Science and Technology,64,0.9374,0.8814,0.9489,0.9844,0.9142,0.9291,0.9347,0.934,0.9283,0.8187,0.8742,0.8954,0.9032,0.9024,0.8942,0.9126,0.9474,0.9568,0.9603,0.9599,0.9563,0,1,1,1,1,1,0.9788,M
18382,Far Horizons Montessori School,20,0.9836,0.9698,0.9961,0.95,0.9881,0.9905,0.9913,0.9912,0.9904,0.9426,0.9701,0.9757,0.9777,0.9775,0.9754,0.9815,0.9986,0.9991,0.9992,0.9992,0.9991,0,1,1,1,1,1,3e-04,H
18384,Faylane Elementary School,92,0.9871,0.9662,0.996,0.9783,0.9864,0.9891,0.99,0.9899,0.989,0.9377,0.9662,0.9724,0.9747,0.9744,0.9721,0.9813,0.9985,0.999,0.9991,0.9991,0.999,0,1,1,1,1,1,0,H
18386,Fern Drive Elementary School,80,0.9843,0.9705,0.9911,0.975,0.9831,0.9864,0.9876,0.9874,0.9863,0.9435,0.9709,0.9763,0.9783,0.9781,0.976,0.9742,0.9932,0.9946,0.9951,0.995,0.9946,0,1,1,1,1,1,0,H
18388,Finley Elementary School,75,0.9934,0.9845,0.9962,0.9867,0.9935,0.9949,0.9954,0.9953,0.9949,0.9644,0.986,0.9888,0.9898,0.9896,0.9887,0.9817,0.9988,0.9992,0.9993,0.9993,0.9992,0,1,1,1,1,1,0,H
18395,Fletcher Mandarin Language & Gate Academy,94,0.9566,0.9228,0.9783,0.9362,0.9528,0.9614,0.9645,0.9641,0.9609,0.8754,0.9191,0.9333,0.9387,0.938,0.9326,0.9549,0.9792,0.9833,0.9847,0.9845,0.9831,0,1,1,1,1,1,0.365,H
18399,"Foothill Montessori School, Llc",22,0.9904,0.9896,0.9968,0.9545,0.9968,0.9976,0.9978,0.9978,0.9976,0.9718,0.9916,0.9933,0.9939,0.9938,0.9933,0.9826,0.9994,0.9997,0.9998,0.9998,0.9997,0,1,1,1,1,1,0,H
18400,Foothill Ranch Elementary School,153,0.9761,0.9344,0.9907,0.9869,0.9685,0.9744,0.9764,0.9762,0.974,0.8915,0.9316,0.9439,0.9484,0.948,0.9433,0.9735,0.9927,0.9943,0.9948,0.9948,0.9943,0,1,1,1,1,1,0.1168,H
18411,Fountain Valley Montessori Center,24,0.9568,0.9161,0.9754,0.9583,0.9477,0.9572,0.9606,0.9602,0.9566,0.8658,0.9119,0.9273,0.9331,0.9323,0.9265,0.9507,0.9761,0.9807,0.9822,0.982,0.9804,0,1,1,1,1,1,0.4845,H
18417,Francis Hopkinson Elementary School,117,0.9826,0.9648,0.9851,0.9915,0.9767,0.9812,0.9827,0.9825,0.9809,0.9353,0.9647,0.9712,0.9735,0.9733,0.9709,0.9651,0.9866,0.9893,0.9902,0.9901,0.9892,0,1,1,1,1,1,0,H
18419,Frank Vessels Elementary School,101,0.9895,0.9729,0.9947,0.9901,0.987,0.9896,0.9905,0.9904,0.9895,0.9474,0.9735,0.9784,0.9802,0.98,0.9781,0.9793,0.997,0.9978,0.998,0.998,0.9978,0,1,1,1,1,1,0,H
18420,Franklin Elementary School,75,0.9873,0.9778,0.9931,0.9733,0.9879,0.9903,0.9911,0.991,0.9902,0.9544,0.9787,0.9828,0.9843,0.9841,0.9826,0.977,0.9954,0.9965,0.9968,0.9967,0.9964,0,1,1,1,1,1,0,H
18425,Franklin (Benjamin) Elementary School,138,0.984,0.9705,0.9839,0.9928,0.9785,0.9826,0.9841,0.9839,0.9824,0.9435,0.9708,0.9763,0.9782,0.978,0.976,0.9633,0.9853,0.9882,0.9892,0.9891,0.9881,0,1,1,1,1,1,0,H
18429,frederick remington elementary,64,0.9636,0.9315,0.9637,1,0.9475,0.957,0.9604,0.96,0.9564,0.8877,0.9284,0.9411,0.9458,0.9453,0.9405,0.9338,0.9635,0.9702,0.9727,0.9724,0.9699,0,1,1,1,1,1,0.5245,H
18431,Fremont Elementary School,80,0.9868,0.9458,0.9966,0.975,0.9867,0.9893,0.9902,0.9901,0.9892,0.9079,0.9439,0.9541,0.9578,0.9574,0.9536,0.9822,0.9992,0.9995,0.9996,0.9996,0.9995,0,1,1,1,1,1,0.0352,H
18434,Friends Christian Elementary School,,0.9701,0.9595,0.9794,0.943,0.9704,0.9759,0.9779,0.9777,0.9756,0.9274,0.9588,0.9664,0.9691,0.9688,0.9661,0.9567,0.9805,0.9843,0.9856,0.9854,0.9841,1,1,1,1,1,1,0,H
18441,Fryberger Elementary School,75,0.9908,0.9767,0.9958,0.9867,0.9897,0.9919,0.9925,0.9925,0.9918,0.9528,0.9776,0.9818,0.9833,0.9831,0.9815,0.981,0.9983,0.9988,0.9989,0.9989,0.9988,0,1,1,1,1,1,0,H
18442,Fulbright Montessori Academy,25,0.9827,0.9716,0.9923,0.96,0.9844,0.9875,0.9885,0.9884,0.9873,0.945,0.9719,0.9773,0.9791,0.9789,0.9769,0.9757,0.9944,0.9957,0.996,0.996,0.9956,0,1,1,1,1,1,0,H
18477,Garden Park Elementary School,47,0.9834,0.9769,0.9908,0.9574,0.986,0.9888,0.9897,0.9896,0.9887,0.953,0.9778,0.982,0.9835,0.9834,0.9819,0.9735,0.9928,0.9944,0.9948,0.9948,0.9943,0,1,1,1,1,1,0,H
18478,Garfield Elementary School,88,0.9497,0.9162,0.9529,0.9773,0.9332,0.9451,0.9495,0.949,0.9444,0.8658,0.9118,0.9273,0.933,0.9323,0.9264,0.9181,0.9517,0.9605,0.9637,0.9633,0.96,0,1,1,1,1,1,0.9382,M
18480,Gauer (Melbourne A.) Elementary School,106,0.9814,0.9648,0.9835,0.9906,0.9752,0.9799,0.9816,0.9814,0.9797,0.9352,0.9646,0.9712,0.9736,0.9733,0.9709,0.9627,0.9849,0.9879,0.9889,0.9888,0.9878,0,1,1,1,1,1,0,H
18482,Genevieve M. Crosby Elementary School,59,0.9852,0.9703,0.9906,0.9831,0.9825,0.9859,0.9871,0.9869,0.9857,0.9431,0.9705,0.9761,0.9781,0.9778,0.9758,0.9733,0.9926,0.9942,0.9947,0.9946,0.9941,0,1,1,1,1,1,0,H
18483,George B. Miller Elementary School,61,0.9761,0.9374,0.9946,0.9672,0.9732,0.9783,0.98,0.9798,0.978,0.8956,0.9349,0.9465,0.9507,0.9502,0.9457,0.9792,0.9969,0.9977,0.9979,0.9979,0.9977,0,1,1,1,1,1,0.0815,H
18487,George Washington Carver Elementary School,84,0.9873,0.9437,0.9967,0.9762,0.9872,0.9897,0.9906,0.9905,0.9896,0.9051,0.942,0.9522,0.9561,0.9557,0.9518,0.9825,0.9993,0.9996,0.9997,0.9997,0.9997,0,1,1,1,1,1,0.0355,H
18489,George White Elementary School,83,0.9231,0.8282,0.9568,0.9759,0.8962,0.9137,0.9203,0.9196,0.9127,0.749,0.8174,0.8459,0.8569,0.8556,0.8441,0.9237,0.9559,0.964,0.967,0.9667,0.9637,0,1,1,1,1,1,0.95,M
18494,Gilbert Elementary School,110,0.9769,0.9342,0.9909,0.9909,0.9687,0.9745,0.9766,0.9764,0.9742,0.891,0.9315,0.9437,0.9482,0.9478,0.9432,0.9738,0.993,0.9945,0.995,0.9949,0.9945,0,1,1,1,1,1,0.1095,H
18500,Gisler (Robert) Elementary School,75,0.9043,0.7734,0.9512,0.9867,0.8678,0.8893,0.8975,0.8966,0.8881,0.6806,0.7587,0.7942,0.8082,0.8064,0.7921,0.9154,0.9499,0.959,0.9623,0.962,0.9585,0,1,1,1,1,1,0.9715,M
18502,Glen H. Dysinger Sr. Elementary School,85,0.9755,0.9158,0.9961,0.9765,0.9702,0.9757,0.9777,0.9775,0.9754,0.8655,0.9115,0.9269,0.9325,0.9318,0.926,0.9815,0.9986,0.9991,0.9991,0.9991,0.9991,0,1,1,1,1,1,0.1735,H
18504,Glen Yermo Elementary School,73,0.9112,0.7264,0.9868,0.9863,0.8779,0.8975,0.905,0.9041,0.8964,0.6239,0.7094,0.7494,0.7653,0.7632,0.7467,0.9676,0.9886,0.9909,0.9917,0.9916,0.9908,0,1,1,1,1,1,0.8425,M
18505,Glenknoll Elementary School,78,0.9892,0.9615,0.9968,0.9744,0.9904,0.9924,0.993,0.993,0.9923,0.9304,0.9611,0.9682,0.9708,0.9705,0.9677,0.9825,0.9993,0.9997,0.9997,0.9997,0.9997,0,1,1,1,1,1,0.0102,H
18506,Glenview Elementary School,112,0.9835,0.9581,0.9917,0.9911,0.9781,0.9823,0.9837,0.9836,0.9821,0.9255,0.9574,0.9652,0.9681,0.9677,0.9648,0.9749,0.9939,0.9952,0.9956,0.9956,0.9952,0,1,1,1,1,1,0.004,H
18512,Golden Elementary School,93,0.9893,0.9821,0.9925,0.9785,0.9895,0.9917,0.9924,0.9923,0.9916,0.9608,0.9835,0.9867,0.9878,0.9877,0.9865,0.9761,0.9947,0.9959,0.9962,0.9962,0.9958,0,1,1,1,1,1,0,H
18513,Golden Hill School for Creative & Performing Arts,96,0.9943,0.9898,0.9968,0.9792,0.9966,0.9975,0.9977,0.9977,0.9975,0.9721,0.9918,0.9935,0.9941,0.994,0.9935,0.9826,0.9994,0.9997,0.9998,0.9997,0.9997,0,1,1,1,1,1,0,H
18515,Golden View Elementary School,52,0.9948,0.9897,0.9969,0.9808,0.9969,0.9977,0.9979,0.9979,0.9977,0.9719,0.9916,0.9934,0.994,0.9939,0.9933,0.9826,0.9994,0.9998,0.9998,0.9998,0.9998,0,1,1,1,1,1,0,H
18524,Grace Christian Schools,63,0.9944,0.9842,0.9969,0.9841,0.9955,0.9966,0.9969,0.9968,0.9965,0.9638,0.9857,0.9885,0.9895,0.9894,0.9884,0.9827,0.9994,0.9998,0.9998,0.9998,0.9998,0,1,1,1,1,1,0,H
18525,Grace Christian Academy,10,0.8613,0.9822,0.9959,0.2,0.992,0.9937,0.9943,0.9942,0.9937,0.9608,0.9835,0.9868,0.9879,0.9878,0.9866,0.9812,0.9984,0.9989,0.999,0.999,0.9989,0,1,1,1,1,1,0,L
18526,Grace Christian School Of Cypress,87,0.9883,0.9793,0.993,0.977,0.9884,0.9907,0.9915,0.9914,0.9906,0.9565,0.9803,0.9841,0.9855,0.9853,0.984,0.9768,0.9952,0.9963,0.9966,0.9966,0.9963,0,1,1,1,1,1,0,H
18527,Grace Classical Academy,15,0.9543,0.9919,0.997,0.7333,0.9979,0.9986,0.9987,0.9987,0.9986,0.9753,0.994,0.9954,0.9958,0.9957,0.9953,0.9828,0.9995,0.9999,0.9999,0.9999,0.9999,0,1,1,1,1,1,0,H
18530,Grace Harbor School,12,0.9361,0.8586,0.9554,1,0.9087,0.9244,0.9302,0.9296,0.9235,0.7884,0.8498,0.8745,0.8835,0.8824,0.8729,0.9217,0.9544,0.9628,0.9659,0.9656,0.9625,0,1,1,1,1,1,0.9455,M
18531,Grace Lutheran School,20,0.9909,0.9941,0.997,0.95,0.9986,0.9991,0.9992,0.9992,0.9991,0.9786,0.9965,0.9974,0.9976,0.9976,0.9973,0.9829,0.9996,0.9999,0.9999,0.9999,0.9999,0,1,1,1,1,1,0,H
18543,Great Foundations Montessori,24,0.9918,0.9927,0.9969,0.9583,0.998,0.9986,0.9987,0.9987,0.9986,0.9764,0.9949,0.9961,0.9964,0.9964,0.996,0.9828,0.9995,0.9998,0.9999,0.9999,0.9998,0,1,1,1,1,1,0,H
18548,Greentree Elementary School,56,0.9932,0.9939,0.997,0.9643,0.9985,0.999,0.9991,0.9991,0.999,0.9782,0.9962,0.9971,0.9973,0.9973,0.9971,0.9829,0.9996,0.9999,0.9999,0.9999,0.9999,0,1,1,1,1,1,0,H
18549,Greenville Fundamental Elementary School,169,0.9795,0.9645,0.9843,0.9763,0.9759,0.9805,0.9821,0.982,0.9803,0.9349,0.9642,0.9709,0.9733,0.973,0.9705,0.964,0.9858,0.9886,0.9896,0.9894,0.9885,0,1,1,1,1,1,0,H
18558,guidepost montessori at alicia,57,0.9342,0.9047,0.9374,0.9474,0.9183,0.9326,0.9379,0.9373,0.9318,0.8504,0.8997,0.9168,0.9232,0.9225,0.9159,0.8961,0.935,0.9466,0.9509,0.9505,0.9461,0,1,1,1,1,1,1,M
18560,Guidepost Montessori Foothill Ranch,28,0.9888,0.9798,0.9964,0.9643,0.9922,0.9939,0.9944,0.9943,0.9938,0.9571,0.9809,0.9846,0.9859,0.9857,0.9844,0.9819,0.9989,0.9993,0.9994,0.9994,0.9993,0,1,1,1,1,1,0,H
18562,Guin Foss Elementary School,85,0.993,0.9932,0.997,0.9647,0.9982,0.9988,0.9989,0.9989,0.9988,0.9771,0.9954,0.9965,0.9968,0.9968,0.9965,0.9829,0.9996,0.9999,0.9999,0.9999,0.9999,0,1,1,1,1,1,0,H
18564,Guinn (James M.) Elementary School,124,0.9967,0.9896,0.9969,0.9919,0.997,0.9978,0.998,0.9979,0.9977,0.9718,0.9915,0.9933,0.9939,0.9938,0.9932,0.9827,0.9995,0.9998,0.9998,0.9998,0.9998,0,1,1,1,1,1,0,H
18573,Handy Elementary School,75,0.9966,0.9923,0.997,0.9867,0.998,0.9986,0.9987,0.9987,0.9986,0.9759,0.9945,0.9958,0.9961,0.9961,0.9957,0.9828,0.9995,0.9999,0.9999,0.9999,0.9999,0,1,1,1,1,1,0,H
18574,Hansen Elementary School,79,0.9493,0.9305,0.9564,0.9367,0.9423,0.9526,0.9564,0.956,0.9521,0.8862,0.9275,0.9403,0.9451,0.9445,0.9397,0.9232,0.9556,0.9637,0.9667,0.9663,0.9632,0,1,1,1,1,1,0.808,M
18581,Harbor Day School,44,0.9912,0.9925,0.997,0.9545,0.998,0.9986,0.9987,0.9987,0.9986,0.9761,0.9946,0.9959,0.9962,0.9962,0.9958,0.9828,0.9995,0.9998,0.9999,0.9999,0.9998,0,1,1,1,1,1,0,H
18583,Harbor View Elementary School,59,0.985,0.969,0.9967,0.9492,0.9904,0.9924,0.993,0.9929,0.9923,0.9413,0.9691,0.9749,0.977,0.9768,0.9746,0.9824,0.9992,0.9996,0.9996,0.9996,0.9996,0,1,1,1,1,1,0.0013,H
18585,Harbour View Elementary School,121,0.9907,0.9881,0.9969,0.9587,0.9963,0.9972,0.9975,0.9975,0.9972,0.9694,0.9898,0.9919,0.9926,0.9925,0.9919,0.9826,0.9994,0.9998,0.9998,0.9998,0.9998,0,1,1,1,1,1,0,H
18586,Harold Ambuehl Elementary School,53,0.9632,0.946,0.974,0.9434,0.9604,0.9677,0.9704,0.9701,0.9673,0.9082,0.9442,0.9543,0.958,0.9575,0.9537,0.9487,0.9746,0.9794,0.9811,0.9809,0.9792,0,1,1,1,1,1,0.0695,H
18593,Heart Christian Preparatory Academy,20,0.6778,0.6432,0.699,0.6,0.651,0.696,0.7142,0.712,0.6933,0.5301,0.6217,0.6686,0.6877,0.6854,0.6656,0.5923,0.6802,0.7231,0.7403,0.7382,0.7205,0,1,1,1,1,1,1,L
18596,Hebrew Academy,28,0.9929,0.9925,0.997,0.9643,0.9981,0.9986,0.9988,0.9988,0.9986,0.976,0.9947,0.9959,0.9962,0.9962,0.9958,0.9828,0.9996,0.9999,0.9999,0.9999,0.9999,0,1,1,1,1,1,0,H
18602,Heights Christian Schools - Brea Friends Campus,,0.994,0.9884,0.9968,0.9783,0.9963,0.9972,0.9974,0.9974,0.9972,0.97,0.9903,0.9923,0.9929,0.9929,0.9922,0.9826,0.9994,0.9997,0.9998,0.9998,0.9997,1,1,1,1,1,1,0,H
18604,"heights christian schools, whittier",,0.9948,0.9902,0.9969,0.9796,0.9972,0.998,0.9981,0.9981,0.9979,0.9726,0.9922,0.9938,0.9943,0.9943,0.9937,0.9827,0.9995,0.9998,0.9998,0.9998,0.9998,1,1,1,1,1,1,0,H
18607,Helen Estock Elementary School,87,0.9927,0.9822,0.9968,0.977,0.9948,0.996,0.9963,0.9963,0.9959,0.961,0.9836,0.9868,0.9879,0.9877,0.9866,0.9826,0.9994,0.9997,0.9998,0.9998,0.9997,0,1,1,1,1,1,0,H
18610,Henry (Patrick) Elementary School,61,0.9556,0.8237,0.9941,0.9836,0.9404,0.9507,0.9545,0.9541,0.9501,0.7417,0.8122,0.8415,0.8523,0.8509,0.8391,0.9784,0.9964,0.9973,0.9976,0.9975,0.9973,0,1,1,1,1,1,0.461,H
18611,Hephatha Lutheran School,24,0.9701,0.9635,0.9864,0.9167,0.9767,0.9812,0.9827,0.9825,0.9809,0.9336,0.9633,0.9701,0.9725,0.9723,0.9697,0.967,0.988,0.9905,0.9913,0.9912,0.9903,0,1,1,1,1,1,3e-04,H
18612,Heritage Elementary,71,0.9354,0.8804,0.9442,0.9859,0.911,0.9264,0.9321,0.9315,0.9255,0.8172,0.8734,0.8945,0.9024,0.9016,0.8935,0.9058,0.9424,0.9527,0.9565,0.9561,0.9521,0,1,1,1,1,1,0.993,M
18614,Heritage Christian School,22,0.9877,0.9834,0.9961,0.9545,0.9929,0.9944,0.9949,0.9948,0.9944,0.9626,0.9848,0.9878,0.9888,0.9887,0.9876,0.9815,0.9986,0.9991,0.9992,0.9992,0.9991,0,1,1,1,1,1,0,H
18620,Heritage Montessori School,21,0.9766,0.9083,0.9965,0.9524,0.9776,0.9818,0.9833,0.9831,0.9816,0.8552,0.9033,0.9201,0.9263,0.9256,0.9191,0.9821,0.999,0.9994,0.9995,0.9995,0.9994,0,1,1,1,1,1,0.1082,H
18622,Heritage Oak Private Elementary School,85,0.9576,0.9683,0.9895,0.8235,0.9811,0.9847,0.986,0.9859,0.9846,0.9405,0.9685,0.9744,0.9765,0.9762,0.9741,0.9717,0.9915,0.9932,0.9938,0.9937,0.9931,0,1,1,1,1,1,0,H
18623,Hermosa Drive Elementary School,53,0.9815,0.9495,0.9949,0.9811,0.9777,0.9819,0.9834,0.9832,0.9817,0.9131,0.948,0.9575,0.9609,0.9605,0.957,0.9797,0.9973,0.998,0.9982,0.9982,0.998,0,1,1,1,1,1,0.0272,H
18624,Heroes Elementary School,73,0.9895,0.9857,0.9965,0.9589,0.9945,0.9957,0.9961,0.9961,0.9957,0.966,0.9873,0.9899,0.9907,0.9906,0.9897,0.9821,0.9991,0.9995,0.9995,0.9995,0.9995,0,1,1,1,1,1,0,H
18627,Hicks Canyon Elementary School,165,0.9863,0.968,0.9924,0.9879,0.9829,0.9862,0.9874,0.9873,0.9861,0.9399,0.9681,0.9741,0.9761,0.9759,0.9737,0.976,0.9946,0.9958,0.9962,0.9961,0.9958,0,1,1,1,1,1,0,H
18629,Hidden Hills Elementary School,68,0.9931,0.986,0.9955,0.9853,0.9934,0.9948,0.9952,0.9952,0.9947,0.9665,0.9876,0.9901,0.991,0.9909,0.99,0.9806,0.9979,0.9986,0.9987,0.9987,0.9985,0,1,1,1,1,1,0,H
18634,Hillside Montessori School,11,0.9675,0.9431,0.964,1,0.9531,0.9616,0.9647,0.9644,0.9612,0.9039,0.9412,0.9518,0.9556,0.9552,0.9512,0.9341,0.9638,0.9705,0.973,0.9728,0.9703,0,1,1,1,1,1,0.2115,H
18638,Holder Elementary School,88,0.9746,0.9557,0.9799,0.9773,0.9687,0.9745,0.9766,0.9764,0.9742,0.9222,0.9547,0.9631,0.9661,0.9658,0.9627,0.9575,0.9811,0.9847,0.986,0.9858,0.9845,0,1,1,1,1,1,0.0035,H
18640,Holy Family Elementary School,62,0.9704,0.9446,0.9763,0.9839,0.9611,0.9682,0.9708,0.9705,0.9679,0.9063,0.9428,0.953,0.9568,0.9563,0.9524,0.9521,0.9771,0.9814,0.983,0.9828,0.9812,0,1,1,1,1,1,0.081,H
18647,hoover elementary,55,0.9916,0.9886,0.9968,0.9636,0.9964,0.9973,0.9975,0.9975,0.9973,0.9703,0.9904,0.9924,0.9931,0.993,0.9923,0.9826,0.9994,0.9997,0.9998,0.9998,0.9998,0,1,1,1,1,1,0,H
18656,Hope View Elementary School,113,0.985,0.9778,0.9914,0.9646,0.9866,0.9893,0.9902,0.9901,0.9892,0.9542,0.9787,0.9828,0.9842,0.984,0.9826,0.9746,0.9935,0.9949,0.9954,0.9953,0.9949,0,1,1,1,1,1,0,H
18665,Huntington Christian,67,0.9886,0.9758,0.9969,0.9552,0.994,0.9954,0.9958,0.9957,0.9953,0.9514,0.9766,0.9811,0.9826,0.9824,0.9808,0.9826,0.9994,0.9998,0.9998,0.9998,0.9998,0,1,1,1,1,1,0.001,H
18666,Huntington Seacliff Elementary School,64,0.9794,0.9603,0.9841,0.9844,0.9738,0.9788,0.9805,0.9803,0.9785,0.9287,0.9598,0.9672,0.9698,0.9695,0.9667,0.9636,0.9856,0.9884,0.9894,0.9893,0.9883,0,1,1,1,1,1,8e-04,H
18668,Huntington Valley Preschool And Kindergarten,,0.9845,0.975,0.9922,0.9642,0.986,0.9888,0.9897,0.9896,0.9886,0.9502,0.9757,0.9803,0.9819,0.9817,0.98,0.9756,0.9943,0.9956,0.996,0.9959,0.9956,1,1,1,1,1,1,0,H
18675,Imperial Elementary School,61,0.9941,0.9881,0.9965,0.9836,0.9951,0.9963,0.9966,0.9966,0.9962,0.9697,0.9899,0.992,0.9927,0.9926,0.9919,0.9821,0.999,0.9994,0.9995,0.9995,0.9994,0,1,1,1,1,1,0,H
18678,Independence Christian School,28,0.9624,0.9512,0.9734,0.9286,0.9628,0.9697,0.9721,0.9719,0.9693,0.9157,0.9499,0.959,0.9623,0.9619,0.9585,0.9479,0.9739,0.9789,0.9806,0.9804,0.9786,0,1,1,1,1,1,0.0152,H
18688,International Christian Montessori Acade,12,0.9988,0.9927,0.997,1,0.9981,0.9987,0.9988,0.9988,0.9986,0.9764,0.9949,0.9961,0.9964,0.9964,0.9961,0.9828,0.9995,0.9999,0.9999,0.9999,0.9999,0,1,1,1,1,1,0,H
18690,International Christian Montessori Academy Of Costa Mesa,20,0.9308,0.9507,0.9694,0.75,0.9601,0.9675,0.9701,0.9698,0.9671,0.915,0.9493,0.9585,0.9618,0.9614,0.9579,0.9421,0.9696,0.9753,0.9774,0.9772,0.975,0,1,1,1,1,1,0.018,M
18691,International Christian Montessori School Of Newport,19,0.9883,0.9842,0.9969,0.9474,0.9955,0.9966,0.9969,0.9968,0.9965,0.9638,0.9857,0.9885,0.9895,0.9894,0.9884,0.9826,0.9994,0.9998,0.9998,0.9998,0.9998,0,1,1,1,1,1,0,H
18693,International School for Science and Culture,30,0.9726,0.9503,0.9922,0.9333,0.9763,0.9808,0.9824,0.9822,0.9806,0.9146,0.949,0.9582,0.9616,0.9611,0.9576,0.9756,0.9944,0.9956,0.996,0.996,0.9956,0,1,1,1,1,1,0.0232,H
18695,international school of orange county,33,0.9877,0.9889,0.9969,0.9394,0.9966,0.9975,0.9977,0.9977,0.9975,0.9707,0.9908,0.9927,0.9933,0.9932,0.9926,0.9827,0.9994,0.9998,0.9998,0.9998,0.9998,0,1,1,1,1,1,0,H
18716,Irvine Unified School District Virtual Academy,24,0.9462,0.9111,0.9921,0.8333,0.9624,0.9693,0.9718,0.9715,0.9689,0.8592,0.9064,0.9227,0.9287,0.928,0.9216,0.9755,0.9943,0.9956,0.9959,0.9959,0.9955,0,1,1,1,1,1,0.2313,M
18721,The Islamic Education School,12,0.9189,0.7875,0.9618,1,0.8849,0.904,0.9112,0.9104,0.9029,0.6972,0.7737,0.8078,0.8212,0.8197,0.8058,0.9308,0.9614,0.9686,0.9712,0.9709,0.9683,0,1,1,1,1,1,0.9325,M
18722,Ivy Crest Montessori School,,0.8623,0.8012,0.915,0.7936,0.854,0.8777,0.8867,0.8857,0.8763,0.7145,0.7885,0.8208,0.8336,0.8321,0.8193,0.8641,0.9106,0.9262,0.9321,0.9313,0.9253,1,1,1,1,1,1,1,L
18726,J. H. McGaugh Elementary School,145,0.9478,0.8285,0.991,0.9931,0.9271,0.9396,0.9443,0.9438,0.9389,0.7493,0.8178,0.8464,0.8573,0.8558,0.8443,0.9739,0.993,0.9945,0.995,0.995,0.9945,0,1,1,1,1,1,0.6372,M
18727,Jack L. Weaver Elementary School,123,0.9214,0.8415,0.9506,0.9593,0.8976,0.915,0.9215,0.9208,0.914,0.7659,0.8318,0.8585,0.8687,0.8676,0.8567,0.9147,0.9492,0.9585,0.962,0.9616,0.9582,0,1,1,1,1,1,0.972,M
18728,James A. Whitaker Elementary School,158,0.9961,0.9909,0.9969,0.9873,0.9971,0.9979,0.9981,0.9981,0.9979,0.9738,0.993,0.9945,0.995,0.9949,0.9944,0.9827,0.9994,0.9998,0.9998,0.9998,0.9998,0,1,1,1,1,1,0,H
18731,James Monroe Elementary School,120,0.9837,0.966,0.9875,0.9917,0.9782,0.9824,0.9839,0.9837,0.9822,0.937,0.9659,0.9722,0.9745,0.9743,0.9719,0.9686,0.9892,0.9914,0.9922,0.9921,0.9913,0,1,1,1,1,1,0,H
18732,jeane thorman elementary,159,0.9699,0.8953,0.995,0.9874,0.9597,0.967,0.9696,0.9693,0.9666,0.8376,0.8896,0.908,0.9152,0.9142,0.9068,0.9799,0.9975,0.9982,0.9983,0.9983,0.9981,0,1,1,1,1,1,0.2938,H
18734,Jefferson Elementary School,138,0.9947,0.9836,0.9965,0.9928,0.9939,0.9953,0.9957,0.9956,0.9952,0.9628,0.985,0.988,0.989,0.9889,0.9878,0.9821,0.9991,0.9995,0.9995,0.9995,0.9995,0,1,1,1,1,1,0,H
18737,Jefferson (Thomas) Elementary School,95,0.9949,0.9905,0.9969,0.9789,0.9974,0.9981,0.9983,0.9983,0.9981,0.9731,0.9925,0.9941,0.9946,0.9946,0.9941,0.9828,0.9995,0.9998,0.9998,0.9998,0.9998,0,1,1,1,1,1,0,H
18740,Jenny Hart Early Education Center,20,0.9868,0.9747,0.9968,0.95,0.9928,0.9943,0.9948,0.9948,0.9943,0.9499,0.9754,0.9801,0.9817,0.9816,0.9799,0.9825,0.9993,0.9997,0.9997,0.9997,0.9997,0,1,1,1,1,1,3e-04,H
18742,Jessie Hayden Elementary School,122,0.9746,0.9518,0.9772,0.9918,0.9652,0.9717,0.974,0.9738,0.9714,0.9166,0.9506,0.9596,0.9628,0.9624,0.9591,0.9535,0.9781,0.9823,0.9838,0.9836,0.9821,0,1,1,1,1,1,0.015,H
18746,Jim Thorpe Fundamental School,143,0.971,0.9507,0.9688,0.993,0.9597,0.9671,0.9698,0.9695,0.9667,0.9149,0.9493,0.9585,0.9618,0.9615,0.958,0.9412,0.969,0.9748,0.9768,0.9766,0.9744,0,1,1,1,1,1,0.0177,H
18749,John F. Kennedy Elementary School,78,0.9924,0.9874,0.9964,0.9744,0.995,0.9961,0.9965,0.9964,0.9961,0.9685,0.9891,0.9913,0.9921,0.992,0.9912,0.982,0.999,0.9994,0.9994,0.9994,0.9994,0,1,1,1,1,1,0,H
18752,John H. Eader Elementary School,69,0.9954,0.9887,0.9969,0.9855,0.9966,0.9975,0.9977,0.9977,0.9975,0.9705,0.9906,0.9926,0.9932,0.9931,0.9925,0.9827,0.9994,0.9998,0.9998,0.9998,0.9998,0,1,1,1,1,1,0,H
18753,John Malcom Elementary School,98,0.9885,0.9735,0.9955,0.9796,0.988,0.9905,0.9913,0.9912,0.9903,0.9481,0.9741,0.979,0.9807,0.9805,0.9787,0.9806,0.998,0.9986,0.9987,0.9987,0.9986,0,1,1,1,1,1,0,H
18754,John Marshall Elementary School,50,0.9861,0.9753,0.9898,0.98,0.9845,0.9876,0.9886,0.9885,0.9874,0.9506,0.9759,0.9805,0.9821,0.9819,0.9802,0.9721,0.9917,0.9935,0.9941,0.994,0.9934,0,1,1,1,1,1,0,H
18755,John Muir Fundamental Elementary School,123,0.9841,0.9769,0.9947,0.9512,0.9885,0.9908,0.9916,0.9915,0.9907,0.9528,0.9777,0.982,0.9835,0.9833,0.9818,0.9794,0.9971,0.9979,0.9981,0.9981,0.9979,0,1,1,1,1,1,0,H
18756,John Murdy Elementary School,127,0.9353,0.8483,0.9608,0.9921,0.9094,0.925,0.9308,0.9301,0.9241,0.7748,0.839,0.8647,0.8744,0.8733,0.863,0.9297,0.9604,0.9677,0.9704,0.9702,0.9674,0,1,1,1,1,1,0.9148,M
18757,John O. Tynes Elementary School,123,0.9649,0.8924,0.9956,0.9512,0.9612,0.9682,0.9707,0.9705,0.9678,0.8334,0.8862,0.9055,0.9128,0.912,0.9047,0.9807,0.998,0.9986,0.9987,0.9987,0.9986,0,1,1,1,1,1,0.282,H
18758,John R. Peterson Elementary School,68,0.9716,0.9389,0.996,0.9118,0.9801,0.9839,0.9852,0.9851,0.9837,0.8978,0.9366,0.9479,0.952,0.9515,0.9471,0.9814,0.9985,0.999,0.9991,0.9991,0.999,0,1,1,1,1,1,0.0583,H
18761,Jonas E. Salk Elementary School,136,0.9957,0.9899,0.9969,0.9853,0.9971,0.9979,0.9981,0.9981,0.9979,0.9722,0.9918,0.9936,0.9941,0.9941,0.9935,0.9827,0.9995,0.9998,0.9998,0.9998,0.9998,0,1,1,1,1,1,0,H
18763,Jordan Academy of Language and Computer Science,88,0.9681,0.9485,0.9701,0.9773,0.9593,0.9668,0.9695,0.9692,0.9664,0.9116,0.947,0.9565,0.96,0.9596,0.956,0.943,0.9704,0.976,0.9779,0.9777,0.9757,0,1,1,1,1,1,0.043,H
18766,jose sepulveda elementary,55,0.9842,0.9638,0.9967,0.9455,0.9901,0.9921,0.9928,0.9927,0.9921,0.934,0.9636,0.9703,0.9728,0.9725,0.97,0.9824,0.9993,0.9996,0.9997,0.9997,0.9996,0,1,1,1,1,1,0.0037,H
18768,joseph r. perry elementary,137,0.987,0.9841,0.9945,0.9562,0.9916,0.9934,0.9939,0.9939,0.9933,0.9636,0.9855,0.9884,0.9894,0.9892,0.9883,0.9792,0.9969,0.9977,0.9979,0.9979,0.9977,0,1,1,1,1,1,0,H
18769,Journey School,117,0.9711,0.9902,0.9969,0.8376,0.9972,0.9979,0.9981,0.9981,0.9979,0.9727,0.9922,0.9938,0.9944,0.9943,0.9938,0.9827,0.9994,0.9998,0.9998,0.9998,0.9998,0,1,1,1,1,1,0,H
18773,Juarez (Benito) Elementary School,108,0.9873,0.9658,0.996,0.9815,0.986,0.9887,0.9897,0.9896,0.9886,0.9367,0.9657,0.9721,0.9744,0.9741,0.9718,0.9813,0.9985,0.999,0.9991,0.9991,0.999,0,1,1,1,1,1,5e-04,H
18775,Juliet Morris Elementary School,95,0.9848,0.9713,0.9902,0.9789,0.9829,0.9863,0.9874,0.9873,0.9861,0.9447,0.9716,0.977,0.9789,0.9787,0.9767,0.9727,0.9922,0.9938,0.9944,0.9943,0.9938,0,1,1,1,1,1,0,H
18776,Juliette Low Elementary School,120,0.997,0.9914,0.9969,0.9917,0.9975,0.9982,0.9983,0.9983,0.9981,0.9744,0.9935,0.9949,0.9954,0.9953,0.9949,0.9827,0.9995,0.9998,0.9998,0.9998,0.9998,0,1,1,1,1,1,0,H
18777,juliette low school of the arts,96,0.9888,0.98,0.9927,0.9792,0.9886,0.991,0.9917,0.9916,0.9908,0.9576,0.9811,0.9848,0.986,0.9859,0.9845,0.9764,0.9949,0.9961,0.9964,0.9964,0.996,0,1,1,1,1,1,0,H
18792,Keystone Academy,10,0.9604,0.9778,0.9962,0.8,0.9907,0.9926,0.9933,0.9932,0.9925,0.9543,0.9787,0.9828,0.9842,0.9841,0.9826,0.9816,0.9987,0.9991,0.9992,0.9992,0.9991,0,1,1,1,1,1,0,H
18807,Killybrooke Elementary School,42,0.8689,0.7294,0.9309,0.9048,0.8379,0.8634,0.8733,0.8721,0.862,0.627,0.7121,0.7524,0.768,0.7664,0.75,0.8866,0.9279,0.9406,0.9454,0.9449,0.94,0,1,1,1,1,1,0.9955,L
18827,Kinetic Academy,65,0.9472,0.9116,0.9481,0.9846,0.9278,0.9406,0.9453,0.9447,0.9399,0.8599,0.9072,0.9232,0.9291,0.9284,0.9222,0.9111,0.9466,0.9562,0.9597,0.9593,0.9556,0,1,1,1,1,1,0.986,M
18831,Kinoshita Elementary School,70,0.9967,0.9936,0.997,0.9857,0.9985,0.999,0.9991,0.9991,0.999,0.9777,0.9959,0.9969,0.9971,0.9971,0.9968,0.9829,0.9996,0.9999,0.9999,0.9999,0.9999,0,1,1,1,1,1,0,H
18857,La Madera Elementary School,64,0.9315,0.8478,0.9583,0.9844,0.906,0.9221,0.9281,0.9274,0.9211,0.7734,0.8381,0.8641,0.8742,0.8731,0.8626,0.9261,0.9578,0.9654,0.9682,0.968,0.9651,0,1,1,1,1,1,0.939,M
18870,La Purisima Catholic School,25,0.9514,0.9276,0.9546,0.96,0.9397,0.9505,0.9545,0.954,0.9499,0.882,0.9243,0.9376,0.9425,0.9419,0.9368,0.9204,0.9536,0.962,0.9651,0.9648,0.9616,0,1,1,1,1,1,0.8842,H
18875,La Veta Elementary School,77,0.9704,0.9522,0.9737,0.974,0.9634,0.9701,0.9726,0.9723,0.9698,0.9173,0.951,0.9598,0.9631,0.9627,0.9593,0.9483,0.9744,0.9792,0.9809,0.9807,0.9789,0,1,1,1,1,1,0.0092,H
18877,Ladera Elementary School,37,0.9271,0.8944,0.9306,0.9459,0.9086,0.9244,0.9303,0.9296,0.9235,0.836,0.8885,0.9074,0.9144,0.9135,0.9062,0.8864,0.9275,0.9403,0.945,0.9446,0.9397,0,1,1,1,1,1,1,M
18878,Ladera Palma Elementary School,116,0.9889,0.9751,0.9921,0.9914,0.9858,0.9886,0.9896,0.9895,0.9885,0.9504,0.9758,0.9804,0.982,0.9819,0.9802,0.9755,0.9942,0.9955,0.9959,0.9959,0.9955,0,1,1,1,1,1,0,H
18879,Ladera Ranch Elementary School,112,0.9771,0.9549,0.9805,0.9911,0.969,0.9748,0.9769,0.9766,0.9745,0.921,0.954,0.9623,0.9653,0.965,0.9618,0.9583,0.9817,0.9852,0.9865,0.9864,0.9851,0,1,1,1,1,1,0.005,H
18889,Laguna Niguel Elementary School,71,0.9942,0.9929,0.997,0.9718,0.9982,0.9988,0.9989,0.9989,0.9987,0.9767,0.9952,0.9963,0.9966,0.9966,0.9963,0.9828,0.9995,0.9999,0.9999,0.9999,0.9999,0,1,1,1,1,1,0,H
18892,Laguna Niguel Montessori Center,32,0.9609,0.9887,0.9967,0.7812,0.9959,0.9969,0.9972,0.9972,0.9969,0.9704,0.9906,0.9926,0.9932,0.9931,0.9925,0.9824,0.9992,0.9996,0.9997,0.9997,0.9996,0,1,1,1,1,1,0,H
18895,Laguna Road Elementary School,104,0.9953,0.988,0.9964,0.9904,0.9952,0.9963,0.9966,0.9966,0.9963,0.9694,0.9897,0.9919,0.9925,0.9925,0.9918,0.982,0.999,0.9994,0.9995,0.9994,0.9994,0,1,1,1,1,1,0,H
18897,Lake Forest Elementary School,129,0.9861,0.9747,0.9885,0.9845,0.9834,0.9867,0.9878,0.9877,0.9865,0.9497,0.9754,0.9801,0.9817,0.9815,0.9798,0.9701,0.9903,0.9923,0.993,0.9929,0.9923,0,1,1,1,1,1,0,H
18898,Lake Forest Montessori School,15,0.9984,0.9914,0.9969,1,0.9975,0.9982,0.9983,0.9983,0.9982,0.9745,0.9935,0.9949,0.9954,0.9953,0.9949,0.9828,0.9995,0.9998,0.9998,0.9998,0.9998,0,1,1,1,1,1,0,H
18900,Lake View Elementary School,80,0.9631,0.9481,0.974,0.9375,0.9616,0.9687,0.9712,0.971,0.9683,0.9112,0.9466,0.9562,0.9598,0.9593,0.9557,0.9488,0.9747,0.9794,0.9812,0.981,0.9793,0,1,1,1,1,1,0.0462,H
18903,Lakeview Elementary School,77,0.9803,0.9416,0.9956,0.974,0.9776,0.9818,0.9833,0.9832,0.9816,0.9018,0.9394,0.9503,0.9543,0.9539,0.9498,0.9807,0.998,0.9986,0.9987,0.9987,0.9986,0,1,1,1,1,1,0.0535,H
18910,Lampson Elementary School,94,0.9847,0.9419,0.9964,0.9787,0.9829,0.9862,0.9873,0.9872,0.986,0.9018,0.9398,0.9508,0.9546,0.9542,0.95,0.982,0.999,0.9994,0.9995,0.9994,0.9994,0,1,1,1,1,1,0.0475,H
18916,Las Flores Elementary School,61,0.9743,0.9552,0.9769,0.9836,0.9667,0.9729,0.9751,0.9748,0.9725,0.9215,0.9543,0.9626,0.9656,0.9653,0.9622,0.953,0.9778,0.982,0.9835,0.9834,0.9818,0,1,1,1,1,1,0.0037,H
18919,Las Lomas Elementary School,88,0.9667,0.9452,0.97,0.9773,0.9573,0.9651,0.9679,0.9676,0.9647,0.9069,0.9433,0.9536,0.9573,0.9569,0.9529,0.9428,0.9702,0.9758,0.9778,0.9776,0.9755,0,1,1,1,1,1,0.105,H
18920,Las Palmas Elementary School,118,0.9964,0.994,0.997,0.9831,0.9986,0.9991,0.9992,0.9992,0.9991,0.9784,0.9963,0.9973,0.9975,0.9975,0.9972,0.9829,0.9996,0.9999,0.9999,0.9999,0.9999,0,1,1,1,1,1,0,H
18921,Las Positas Elementary School,99,0.9843,0.9729,0.9877,0.9798,0.982,0.9855,0.9867,0.9866,0.9854,0.9471,0.9734,0.9785,0.9803,0.9801,0.9783,0.9689,0.9895,0.9916,0.9923,0.9922,0.9915,0,1,1,1,1,1,0,H
18922,Laurel Elementary School,39,0.9767,0.9818,0.9945,0.8974,0.9908,0.9927,0.9933,0.9933,0.9926,0.9602,0.983,0.9864,0.9875,0.9874,0.9862,0.9791,0.9969,0.9977,0.9979,0.9978,0.9976,0,1,1,1,1,1,0,H
18943,Leo Carrillo Elementary School,88,0.9789,0.9597,0.9858,0.9773,0.9748,0.9796,0.9813,0.9811,0.9793,0.9281,0.9591,0.9665,0.9693,0.969,0.9662,0.9661,0.9874,0.99,0.9908,0.9907,0.9899,0,1,1,1,1,1,0.001,H
18944,Leport School,14,0.9479,0.917,0.9964,0.7857,0.9763,0.9807,0.9823,0.9821,0.9805,0.8665,0.9127,0.9281,0.9338,0.9332,0.9273,0.9819,0.9989,0.9993,0.9994,0.9994,0.9993,0,1,1,1,1,1,0.1165,M
18947,Leport Schools - Huntington Beach,,0.9184,0.885,0.9468,0.8693,0.9144,0.9292,0.9348,0.9341,0.9284,0.823,0.8782,0.8989,0.9067,0.9059,0.8979,0.9091,0.945,0.955,0.9585,0.9581,0.9544,1,1,1,1,1,1,0.9875,M
18948,"Leport Schools, Irvine Spectrum",21,0.9763,0.9486,0.9944,0.9524,0.9771,0.9815,0.983,0.9828,0.9812,0.9117,0.9471,0.9567,0.9602,0.9598,0.9563,0.979,0.9968,0.9976,0.9978,0.9978,0.9976,0,1,1,1,1,1,0.0295,H
18949,Leport School Irvine West Park,,0.8816,0.8432,0.9149,0.819,0.8747,0.8955,0.9034,0.9025,0.8943,0.7679,0.8334,0.8598,0.8703,0.8692,0.8586,0.8641,0.9104,0.9261,0.9319,0.9313,0.9253,1,1,1,1,1,1,1,L
18964,Liberty Christian School,21,0.9621,0.9401,0.9895,0.9048,0.9681,0.9741,0.9762,0.9759,0.9737,0.9001,0.9379,0.949,0.9531,0.9526,0.9482,0.9718,0.9914,0.9932,0.9938,0.9937,0.9932,0,1,1,1,1,1,0.0815,H
18973,Lincoln (Abraham) Elementary School,130,0.9961,0.9872,0.9968,0.9923,0.996,0.997,0.9972,0.9972,0.9969,0.9682,0.9889,0.9912,0.9919,0.9918,0.9911,0.9826,0.9994,0.9997,0.9998,0.9998,0.9997,0,1,1,1,1,1,0,H
18976,Linda Vista Elementary School,79,0.934,0.8769,0.9542,0.962,0.9146,0.9294,0.9349,0.9343,0.9286,0.8127,0.8696,0.8913,0.8996,0.8986,0.8902,0.9199,0.9532,0.9617,0.9647,0.9643,0.9611,0,1,1,1,1,1,0.9555,M
18979,Linda Vista IB Magnet Elementary School,,0.9849,0.9752,0.9928,0.9648,0.9864,0.9891,0.99,0.9899,0.989,0.9505,0.9759,0.9805,0.9821,0.9819,0.9802,0.9765,0.995,0.9961,0.9965,0.9964,0.9961,1,1,1,1,1,1,0,H
18984,Linton T. Simmons Elementary School,46,0.9865,0.9813,0.9949,0.9565,0.9907,0.9926,0.9933,0.9932,0.9926,0.9595,0.9825,0.9859,0.9871,0.987,0.9858,0.9798,0.9973,0.998,0.9982,0.9982,0.998,0,1,1,1,1,1,0,H
18997,Loara Elementary School,93,0.9716,0.9179,0.9926,0.9785,0.9641,0.9707,0.973,0.9728,0.9703,0.869,0.9138,0.9288,0.9343,0.9336,0.9278,0.9761,0.9947,0.9959,0.9963,0.9962,0.9959,0,1,1,1,1,1,0.2075,H
19000,Loma Ridge Elementary,60,0.989,0.9698,0.9968,0.9667,0.9919,0.9936,0.9942,0.9941,0.9935,0.9426,0.9701,0.9758,0.9778,0.9775,0.9755,0.9825,0.9993,0.9997,0.9997,0.9997,0.9997,0,1,1,1,1,1,0.0027,H
19001,Loma Vista Elementary School,102,0.9792,0.9533,0.9919,0.9706,0.9769,0.9813,0.9828,0.9826,0.981,0.9188,0.9521,0.9608,0.9639,0.9636,0.9604,0.9751,0.994,0.9954,0.9958,0.9957,0.9953,0,1,1,1,1,1,0.013,H
19004,Lomarena Elementary School,105,0.9731,0.9137,0.9937,0.9905,0.9635,0.9702,0.9726,0.9723,0.9698,0.8628,0.9095,0.925,0.9307,0.93,0.9239,0.978,0.996,0.997,0.9972,0.9972,0.9969,0,1,1,1,1,1,0.2325,H
19006,lord baden-powell,33,0.9837,0.9618,0.9968,0.9394,0.9908,0.9927,0.9933,0.9932,0.9926,0.9308,0.9613,0.9686,0.9711,0.9709,0.9682,0.9825,0.9993,0.9997,0.9997,0.9997,0.9997,0,1,1,1,1,1,0.0132,H
19009,Los Alamitos Elementary School,122,0.9911,0.9715,0.9966,0.9836,0.9908,0.9928,0.9934,0.9933,0.9927,0.9451,0.9719,0.9772,0.9791,0.9789,0.977,0.9822,0.9991,0.9995,0.9996,0.9996,0.9995,0,1,1,1,1,1,3e-04,H
19015,Los Coyotes Elementary School,93,0.9544,0.9158,0.9635,0.9785,0.9396,0.9504,0.9543,0.9539,0.9498,0.8652,0.9114,0.9269,0.9326,0.9319,0.926,0.9335,0.9632,0.97,0.9725,0.9722,0.9697,0,1,1,1,1,1,0.7415,H
19019,Louis G. Zeyen Elementary School,36,0.9709,0.948,0.9881,0.9444,0.9712,0.9766,0.9785,0.9783,0.9763,0.9111,0.9464,0.9561,0.9597,0.9593,0.9556,0.9695,0.9899,0.992,0.9926,0.9926,0.9919,0,1,1,1,1,1,0.035,H
19024,Lowell Elementary School,87,0.9769,0.9556,0.9845,0.977,0.972,0.9773,0.9791,0.9789,0.977,0.922,0.9547,0.963,0.9659,0.9656,0.9625,0.9641,0.986,0.9888,0.9897,0.9896,0.9886,0,1,1,1,1,1,0.0027,H
19027,Loyal Barker Elementary School,79,0.9919,0.9846,0.9965,0.9747,0.9941,0.9954,0.9958,0.9958,0.9954,0.9645,0.9862,0.9889,0.9899,0.9898,0.9888,0.9821,0.999,0.9994,0.9995,0.9995,0.9994,0,1,1,1,1,1,0,H
19031,Lycee International De Los Angeles - Oc,17,0.9783,0.989,0.9969,0.8824,0.9968,0.9976,0.9978,0.9978,0.9976,0.971,0.9909,0.9928,0.9934,0.9933,0.9927,0.9827,0.9995,0.9998,0.9998,0.9998,0.9998,0,1,1,1,1,1,0,H
19032,Lydia Romero-Cruz Elementary School,31,0.9525,0.9433,0.9662,0.9032,0.9547,0.963,0.966,0.9656,0.9625,0.9045,0.9414,0.9518,0.9557,0.9553,0.9512,0.9374,0.9661,0.9725,0.9747,0.9745,0.9722,0,1,1,1,1,1,0.1542,H
19034,mabel carver elementary,27,0.9728,0.937,0.9963,0.9259,0.9784,0.9825,0.9839,0.9837,0.9823,0.8953,0.9345,0.9462,0.9506,0.9501,0.9457,0.9817,0.9988,0.9993,0.9993,0.9993,0.9993,0,1,1,1,1,1,0.0725,H
19035,Mabel L. Pendleton Elementary School,99,0.991,0.983,0.9953,0.9798,0.9917,0.9934,0.994,0.9939,0.9934,0.962,0.9844,0.9874,0.9884,0.9883,0.9873,0.9802,0.9977,0.9984,0.9985,0.9985,0.9983,0,1,1,1,1,1,0,H
19036,Mabel M. Paine Elementary School,101,0.9337,0.8952,0.9508,0.9307,0.9215,0.9352,0.9403,0.9397,0.9345,0.8369,0.8894,0.908,0.915,0.9142,0.9069,0.9147,0.9494,0.9585,0.9619,0.9615,0.9581,0,1,1,1,1,1,0.973,M
19039,Macy Elementary School,72,0.9957,0.989,0.9969,0.9861,0.9969,0.9977,0.9979,0.9978,0.9976,0.971,0.9909,0.9928,0.9934,0.9933,0.9927,0.9827,0.9995,0.9998,0.9998,0.9998,0.9998,0,1,1,1,1,1,0,H
19041,Madison Elementary School,146,0.98,0.965,0.9834,0.9795,0.9758,0.9804,0.9821,0.9819,0.9802,0.9356,0.9648,0.9714,0.9737,0.9734,0.971,0.9627,0.9848,0.9878,0.9888,0.9887,0.9877,0,1,1,1,1,1,0,H
19043,Madison (James) Elementary School,120,0.9606,0.93,0.962,0.9917,0.9453,0.9551,0.9587,0.9583,0.9546,0.8854,0.927,0.9397,0.9446,0.944,0.939,0.9311,0.9616,0.9687,0.9713,0.971,0.9683,0,1,1,1,1,1,0.631,H
19048,Magnolia Science Academy Santa Ana,37,0.9466,0.9087,0.9634,0.9459,0.9362,0.9475,0.9517,0.9512,0.9469,0.8555,0.9038,0.9204,0.9267,0.926,0.9196,0.9332,0.963,0.9699,0.9723,0.9721,0.9695,0,1,1,1,1,1,0.8,M
19051,Mamie L. Northcutt Elementary School,74,0.9803,0.962,0.9845,0.9865,0.9746,0.9794,0.9811,0.9809,0.9792,0.9312,0.9615,0.9686,0.9712,0.971,0.9683,0.9642,0.986,0.9888,0.9897,0.9896,0.9887,0,1,1,1,1,1,0,H
19052,Mann (Horace) Elementary School,132,0.9561,0.9264,0.954,0.9924,0.9387,0.9496,0.9537,0.9532,0.949,0.88,0.9229,0.9366,0.9416,0.941,0.9358,0.9199,0.953,0.9615,0.9646,0.9642,0.9609,0,1,1,1,1,1,0.906,H
19053,Manuel Esqueda Elementary School,96,0.9926,0.9771,0.9968,0.9792,0.994,0.9954,0.9958,0.9957,0.9953,0.9533,0.9779,0.9822,0.9837,0.9835,0.9821,0.9826,0.9993,0.9997,0.9997,0.9997,0.9997,0,1,1,1,1,1,5e-04,H
19055,Maple Elementary School,69,0.9805,0.9688,0.9905,0.9565,0.9821,0.9856,0.9868,0.9867,0.9854,0.9413,0.969,0.9748,0.9768,0.9766,0.9745,0.9732,0.9926,0.9942,0.9946,0.9946,0.9941,0,1,1,1,1,1,0,H
19059,Marbella Montessori,17,0.9454,0.9815,0.9957,0.7059,0.9917,0.9935,0.994,0.994,0.9934,0.9598,0.9828,0.9861,0.9873,0.9871,0.9859,0.981,0.9982,0.9988,0.9989,0.9989,0.9988,0,1,1,1,1,1,0,M
19060,Marblehead Elementary School,29,0.9583,0.9468,0.9793,0.8966,0.9645,0.9711,0.9735,0.9732,0.9707,0.9093,0.9451,0.955,0.9586,0.9582,0.9545,0.9565,0.9804,0.9841,0.9854,0.9852,0.9839,0,1,1,1,1,1,0.0498,H
19065,Margaret Landell Elementary School,92,0.9864,0.9762,0.9904,0.9783,0.9853,0.9882,0.9892,0.9891,0.9881,0.952,0.977,0.9814,0.983,0.9828,0.9812,0.9729,0.9924,0.994,0.9945,0.9945,0.994,0,1,1,1,1,1,0,H
19066,Marguerite Christian School ( Dba) (Also Know As Mission Veijo Christian School,12,0.97,0.9663,0.9842,0.9167,0.9766,0.9811,0.9826,0.9824,0.9808,0.9375,0.9663,0.9726,0.9748,0.9746,0.9723,0.9638,0.9857,0.9886,0.9895,0.9894,0.9884,0,1,1,1,1,1,0,H
19067,Marguerite Christian Pre School,,0.9897,0.9832,0.9947,0.9719,0.9916,0.9934,0.9939,0.9939,0.9933,0.9624,0.9846,0.9876,0.9887,0.9886,0.9875,0.9794,0.9971,0.9979,0.9981,0.998,0.9979,1,1,1,1,1,1,0,H
19069,Marian Bergeson Elementary School,102,0.9828,0.9598,0.9932,0.9804,0.9797,0.9836,0.985,0.9848,0.9834,0.9281,0.9591,0.9667,0.9694,0.9691,0.9662,0.9771,0.9954,0.9965,0.9968,0.9967,0.9964,0,1,1,1,1,1,0.0032,H
19073,Marina View Preschool And Kindergarten,,0.886,0.8577,0.911,0.8248,0.8794,0.8996,0.9072,0.9064,0.8985,0.7873,0.849,0.8735,0.8829,0.8818,0.8721,0.8588,0.9064,0.9225,0.9285,0.9278,0.9215,1,1,1,1,1,1,1,L
19075,Mariners Elementary School,103,0.9927,0.994,0.997,0.9612,0.9986,0.9991,0.9992,0.9992,0.9991,0.9784,0.9964,0.9973,0.9975,0.9975,0.9972,0.9829,0.9996,0.9999,0.9999,0.9999,0.9999,0,1,1,1,1,1,0,H
19076,Mariners Christian School,105,0.9775,0.964,0.9949,0.9333,0.9833,0.9866,0.9877,0.9876,0.9864,0.9341,0.9639,0.9705,0.973,0.9727,0.9702,0.9796,0.9972,0.998,0.9982,0.9981,0.998,0,1,1,1,1,1,0.0022,H
19079,Mariposa Elementary School,79,0.9841,0.9715,0.9902,0.9747,0.9829,0.9862,0.9874,0.9872,0.986,0.9451,0.9719,0.9772,0.979,0.9788,0.9769,0.9726,0.9921,0.9938,0.9943,0.9943,0.9937,0,1,1,1,1,1,0,H
19080,marjorie veeh elementary,122,0.9946,0.9922,0.997,0.9754,0.9979,0.9985,0.9987,0.9986,0.9985,0.9756,0.9944,0.9956,0.996,0.996,0.9956,0.9828,0.9995,0.9998,0.9999,0.9999,0.9999,0,1,1,1,1,1,0,H
19086,Marshall (John) Elementary School,156,0.9912,0.966,0.9966,0.9872,0.9902,0.9922,0.9929,0.9928,0.9921,0.9374,0.9659,0.9723,0.9745,0.9743,0.9719,0.9823,0.9992,0.9996,0.9996,0.9996,0.9996,0,1,1,1,1,1,0.0048,H
19087,Martin Elementary School,98,0.9741,0.9517,0.9804,0.9796,0.9673,0.9734,0.9756,0.9754,0.9731,0.9162,0.9504,0.9594,0.9626,0.9623,0.9589,0.9581,0.9816,0.9851,0.9864,0.9862,0.985,0,1,1,1,1,1,0.0163,H
19088,Martin Luther King Jr. Elementary School,96,0.9949,0.9906,0.9969,0.9792,0.9973,0.9981,0.9982,0.9982,0.9981,0.9732,0.9926,0.9942,0.9947,0.9946,0.9941,0.9828,0.9995,0.9998,0.9999,0.9999,0.9998,0,1,1,1,1,1,0,H
19089,Martin R. Heninger Elementary School,100,0.9725,0.9526,0.9761,0.98,0.9649,0.9714,0.9738,0.9735,0.9711,0.9175,0.9514,0.9602,0.9634,0.963,0.9596,0.952,0.9769,0.9813,0.9829,0.9827,0.9811,0,1,1,1,1,1,0.0098,H
19096,Mattie Lou Maxwell Elementary School,131,0.9368,0.8818,0.9449,0.9924,0.9115,0.9268,0.9325,0.9318,0.9259,0.8187,0.8749,0.8958,0.9038,0.9028,0.8946,0.9062,0.9431,0.9533,0.957,0.9566,0.9527,0,1,1,1,1,1,0.99,M
19097,Maude B. Davis Elementary School,75,0.9557,0.9075,0.9683,0.9867,0.9395,0.9503,0.9543,0.9538,0.9497,0.8538,0.9025,0.9194,0.9257,0.925,0.9186,0.9404,0.9684,0.9743,0.9764,0.9762,0.974,0,1,1,1,1,1,0.6898,H
19103,McFadden Institute of Technology,50,0.9868,0.944,0.9966,0.98,0.9856,0.9884,0.9894,0.9893,0.9883,0.9054,0.9422,0.9525,0.9563,0.9559,0.9519,0.9823,0.9992,0.9996,0.9996,0.9996,0.9996,0,1,1,1,1,1,0.0372,H
19106,McPherson Magnet School,91,0.9919,0.9849,0.9959,0.978,0.9933,0.9948,0.9952,0.9952,0.9947,0.9647,0.9864,0.9891,0.99,0.9899,0.989,0.9813,0.9984,0.9989,0.999,0.999,0.9989,0,1,1,1,1,1,0,H
19107,meadow green elementary,104,0.9428,0.8898,0.9524,0.9904,0.9203,0.9342,0.9394,0.9388,0.9334,0.83,0.8835,0.9031,0.9105,0.9098,0.9021,0.9174,0.9512,0.9601,0.9633,0.963,0.9597,0,1,1,1,1,1,0.96,M
19108,Meadow Park School,79,0.9781,0.9939,0.997,0.8734,0.9986,0.9991,0.9991,0.9991,0.9991,0.9782,0.9962,0.9971,0.9974,0.9973,0.9971,0.9829,0.9996,0.9999,0.9999,0.9999,0.9999,0,1,1,1,1,1,0,H
19111,Meairs Elementary School,100,0.9943,0.9848,0.9965,0.99,0.9939,0.9953,0.9957,0.9956,0.9952,0.9647,0.9864,0.9891,0.99,0.9899,0.989,0.9821,0.999,0.9994,0.9995,0.9995,0.9994,0,1,1,1,1,1,0,H
19114,Melinda Heights Elementary School,116,0.9839,0.9446,0.9954,0.9914,0.9786,0.9827,0.9841,0.9839,0.9825,0.9064,0.9427,0.9531,0.9569,0.9565,0.9526,0.9806,0.9979,0.9985,0.9986,0.9986,0.9985,0,1,1,1,1,1,0.0442,H
19115,Melrose Elementary School,81,0.9905,0.9742,0.9967,0.9753,0.9921,0.9937,0.9943,0.9942,0.9937,0.949,0.9748,0.9796,0.9813,0.9811,0.9793,0.9824,0.9992,0.9996,0.9997,0.9997,0.9996,0,1,1,1,1,1,0,H
19121,Merton E. Hill Elementary School,51,0.9793,0.9665,0.9808,0.9804,0.9746,0.9795,0.9812,0.981,0.9792,0.9376,0.9664,0.9726,0.9749,0.9746,0.9723,0.9587,0.982,0.9855,0.9867,0.9866,0.9853,0,1,1,1,1,1,0,H
19130,Milestones Montessori of Irvine,20,0.9236,0.8749,0.9362,0.95,0.9028,0.9195,0.9257,0.925,0.9186,0.8096,0.8673,0.8894,0.8976,0.8967,0.888,0.8938,0.9336,0.9455,0.95,0.9494,0.9449,0,1,1,1,1,1,0.999,M
19132,Minaret Academy,24,0.9267,0.9424,0.9941,0.6667,0.9742,0.9791,0.9808,0.9806,0.9788,0.9028,0.9403,0.951,0.9549,0.9545,0.9505,0.9785,0.9964,0.9973,0.9975,0.9975,0.9972,0,1,1,1,1,1,0.06,M
19141,Mission Basilica School,23,0.9549,0.9269,0.9643,0.9565,0.9455,0.9553,0.9589,0.9585,0.9547,0.8813,0.9236,0.937,0.942,0.9414,0.9363,0.9346,0.9642,0.9708,0.9732,0.973,0.9705,0,1,1,1,1,1,0.5962,H
19142,Mission Lutheran School,39,0.9398,0.8881,0.961,0.9487,0.926,0.939,0.9438,0.9432,0.9383,0.8275,0.8817,0.9016,0.909,0.9082,0.9004,0.9296,0.9605,0.9678,0.9704,0.9701,0.9673,0,1,1,1,1,1,0.8782,M
19147,Mission Viejo Christian School,50,0.9633,0.8499,0.9961,0.96,0.957,0.9645,0.9673,0.967,0.9641,0.7769,0.8406,0.8661,0.8758,0.8747,0.8645,0.9816,0.9987,0.9991,0.9992,0.9992,0.9991,0,1,1,1,1,1,0.3045,H
19151,Mitchell Elementary School,74,0.9859,0.9664,0.9928,0.9865,0.9827,0.986,0.9872,0.9871,0.9859,0.9378,0.9664,0.9727,0.9749,0.9747,0.9723,0.9767,0.995,0.9962,0.9965,0.9965,0.9961,0,1,1,1,1,1,3e-04,H
19156,Monarch Bay Montessori Academy,23,0.9504,0.9262,0.955,0.9565,0.9391,0.95,0.954,0.9535,0.9494,0.88,0.9228,0.9364,0.9414,0.9408,0.9356,0.9211,0.954,0.9624,0.9654,0.9651,0.962,0,1,1,1,1,1,0.8778,H
19157,Monroe Elementary School,50,0.984,0.9705,0.9885,0.98,0.9814,0.985,0.9863,0.9861,0.9849,0.9434,0.9708,0.9763,0.9783,0.9781,0.9761,0.9702,0.9904,0.9924,0.993,0.993,0.9923,0,1,1,1,1,1,0,H
19161,Monte Vista Elementary School,70,0.9746,0.9137,0.9964,0.9429,0.977,0.9813,0.9828,0.9826,0.9811,0.8623,0.9093,0.9248,0.9305,0.9299,0.9238,0.982,0.9989,0.9994,0.9994,0.9994,0.9994,0,1,1,1,1,1,0.108,H
19166,Montessori At The Park,20,0.9871,0.9718,0.9968,0.95,0.9932,0.9946,0.9951,0.995,0.9946,0.9457,0.9722,0.9775,0.9794,0.9792,0.9773,0.9826,0.9994,0.9997,0.9998,0.9998,0.9997,0,1,1,1,1,1,0.0015,H
19169,Montessori Child Development Center,23,0.9531,0.9483,0.992,0.8261,0.974,0.9789,0.9806,0.9804,0.9786,0.9115,0.9467,0.9563,0.9599,0.9594,0.9558,0.9754,0.9942,0.9955,0.9959,0.9958,0.9954,0,1,1,1,1,1,0.0332,H
19180,Montessori Education Center,18,0.9402,0.9123,0.9464,0.9444,0.9275,0.9403,0.945,0.9445,0.9396,0.8605,0.9079,0.9237,0.9297,0.929,0.9228,0.9087,0.9447,0.9547,0.9583,0.9579,0.9541,0,1,1,1,1,1,0.9935,M
19182,Montessori Greenhouse School,27,0.9855,0.9776,0.9934,0.963,0.9878,0.9903,0.9911,0.991,0.9902,0.9539,0.9785,0.9826,0.9841,0.9839,0.9824,0.9774,0.9956,0.9966,0.9969,0.9969,0.9966,0,1,1,1,1,1,0,H
19185,"Montessori Greenhouse Schools, Llc",23,0.9736,0.9583,0.9831,0.9565,0.9722,0.9775,0.9793,0.9791,0.9772,0.9258,0.9576,0.9655,0.9683,0.9679,0.965,0.9622,0.9845,0.9875,0.9885,0.9884,0.9873,0,1,1,1,1,1,0.0015,H
19190,MONTESSORI INTERNATIONAL ACADEMY,25,0.9842,0.9732,0.9942,0.96,0.9866,0.9893,0.9902,0.9901,0.9891,0.9475,0.9737,0.9786,0.9804,0.9802,0.9784,0.9787,0.9966,0.9975,0.9977,0.9977,0.9974,0,1,1,1,1,1,0,H
19191,Montessori Learning Center,12,0.9097,0.7114,0.9851,1,0.8728,0.893,0.9008,0.8999,0.8919,0.6063,0.6927,0.7353,0.7518,0.7499,0.7329,0.9652,0.9867,0.9893,0.9902,0.9902,0.9892,0,1,1,1,1,1,0.84,M
19192,Montessori Of Brea Inc.,20,0.9888,0.9879,0.9966,0.95,0.9956,0.9966,0.9969,0.9969,0.9966,0.9692,0.9897,0.9918,0.9925,0.9924,0.9917,0.9823,0.9992,0.9996,0.9996,0.9996,0.9996,0,1,1,1,1,1,0,H
19194,Montessori of Ladera Ranch School,42,0.9229,0.9091,0.9427,0.8571,0.9236,0.9371,0.942,0.9415,0.9363,0.8564,0.9043,0.9207,0.927,0.9263,0.9199,0.9036,0.9406,0.9513,0.9553,0.9549,0.9508,0,1,1,1,1,1,0.9982,M
19201,Montessori on the Lake School,29,0.9628,0.9391,0.9694,0.9655,0.9545,0.9628,0.9659,0.9655,0.9624,0.8983,0.9368,0.9481,0.9523,0.9519,0.9476,0.9419,0.9696,0.9753,0.9773,0.9771,0.975,0,1,1,1,1,1,0.2208,H
19202,Montevideo Elementary School,66,0.9892,0.9874,0.9965,0.9545,0.9952,0.9963,0.9966,0.9966,0.9962,0.9686,0.9892,0.9914,0.9921,0.992,0.9913,0.9822,0.9991,0.9995,0.9995,0.9995,0.9995,0,1,1,1,1,1,0,H
19205,Morningside Elementary School,70,0.9722,0.9512,0.9742,0.9857,0.9632,0.97,0.9725,0.9722,0.9697,0.9155,0.9499,0.959,0.9624,0.962,0.9586,0.949,0.9749,0.9796,0.9813,0.9811,0.9793,0,1,1,1,1,1,0.0168,H
19207,Morse Avenue Elementary School,79,0.9666,0.9448,0.97,0.9747,0.9578,0.9656,0.9684,0.9681,0.9652,0.9064,0.943,0.9532,0.957,0.9566,0.9527,0.9429,0.9703,0.9759,0.9779,0.9776,0.9755,0,1,1,1,1,1,0.1017,H
19209,Moulton Elementary School,94,0.8701,0.6833,0.9351,0.9787,0.823,0.8502,0.8607,0.8595,0.8486,0.5756,0.6637,0.7077,0.7255,0.7233,0.705,0.8928,0.9324,0.9444,0.9488,0.9483,0.9438,0,1,1,1,1,1,0.9925,L
19214,My First Montessori,22,0.9835,0.9774,0.9923,0.9545,0.9869,0.9895,0.9904,0.9903,0.9894,0.9536,0.9782,0.9824,0.9838,0.9837,0.9822,0.9757,0.9944,0.9957,0.996,0.996,0.9956,0,1,1,1,1,1,0,H
19216,My First Montessori Preschool,,0.9956,0.9921,0.997,0.9807,0.998,0.9986,0.9987,0.9987,0.9986,0.9756,0.9943,0.9956,0.9959,0.9959,0.9955,0.9828,0.9995,0.9999,0.9999,0.9999,0.9999,1,1,1,1,1,1,0,H
19217,Myford Elementary School,91,0.9885,0.9799,0.9925,0.978,0.9884,0.9908,0.9916,0.9915,0.9907,0.9574,0.981,0.9847,0.986,0.9858,0.9845,0.9762,0.9947,0.9959,0.9963,0.9962,0.9959,0,1,1,1,1,1,0,H
19221,"New Horizon School, Irvine",37,0.9776,0.9753,0.9932,0.9189,0.987,0.9896,0.9904,0.9903,0.9894,0.9507,0.9761,0.9806,0.9822,0.982,0.9804,0.9772,0.9955,0.9965,0.9968,0.9968,0.9965,0,1,1,1,1,1,0,H
19226,Newhope Elementary School,67,0.9967,0.9942,0.997,0.9851,0.9987,0.9991,0.9992,0.9992,0.9991,0.9787,0.9966,0.9974,0.9977,0.9976,0.9974,0.9829,0.9996,0.9999,0.9999,0.9999,0.9999,0,1,1,1,1,1,0,H
19228,newland (william t.) elementary,88,0.9674,0.9498,0.9721,0.9659,0.9611,0.9682,0.9708,0.9705,0.9679,0.9138,0.9485,0.9578,0.9612,0.9607,0.9573,0.9458,0.9725,0.9778,0.9796,0.9794,0.9775,0,1,1,1,1,1,0.0257,H
19229,Newport Elementary School,62,0.9858,0.9732,0.9891,0.9839,0.9832,0.9865,0.9876,0.9875,0.9863,0.9476,0.9737,0.9787,0.9805,0.9803,0.9785,0.9711,0.991,0.9929,0.9935,0.9934,0.9928,0,1,1,1,1,1,0,H
19231,Newport Avenue Preschool And Kindergarten,,0.9833,0.9737,0.9913,0.9625,0.9847,0.9877,0.9887,0.9886,0.9876,0.9483,0.9743,0.9791,0.9809,0.9807,0.9789,0.9742,0.9934,0.9948,0.9952,0.9952,0.9947,1,1,1,1,1,1,0,H
19233,Newport Christian School,43,0.9903,0.9895,0.9969,0.9535,0.997,0.9978,0.998,0.998,0.9978,0.9716,0.9915,0.9933,0.9939,0.9938,0.9932,0.9827,0.9995,0.9998,0.9998,0.9998,0.9998,0,1,1,1,1,1,0,H
19234,Newport Coast Elementary School,67,0.9886,0.9589,0.9964,0.9851,0.9869,0.9895,0.9903,0.9903,0.9894,0.9268,0.9583,0.9659,0.9686,0.9683,0.9654,0.9819,0.9989,0.9993,0.9994,0.9994,0.9993,0,1,1,1,1,1,0.0088,H
19239,Newport Heights Elementary School,82,0.978,0.9639,0.9862,0.9634,0.9768,0.9812,0.9828,0.9826,0.981,0.934,0.9636,0.9703,0.9727,0.9724,0.9699,0.9667,0.9878,0.9903,0.991,0.9909,0.9901,0,1,1,1,1,1,0,H
19241,Newport Montessori School,10,0.9982,0.9899,0.9969,1,0.9972,0.9979,0.9981,0.9981,0.9979,0.9722,0.9918,0.9936,0.9941,0.9941,0.9935,0.9827,0.9995,0.9998,0.9998,0.9998,0.9998,0,1,1,1,1,1,0,H
19259,Nohl Canyon Elementary School,62,0.9925,0.9753,0.9967,0.9839,0.9929,0.9944,0.9949,0.9948,0.9944,0.9506,0.976,0.9806,0.9823,0.9821,0.9805,0.9825,0.9993,0.9997,0.9997,0.9997,0.9997,0,1,1,1,1,1,3e-04,H
19265,Northwood Elementary School,92,0.9769,0.9633,0.9781,0.9783,0.9717,0.977,0.9789,0.9787,0.9767,0.9332,0.963,0.9698,0.9723,0.9721,0.9695,0.9547,0.9791,0.9831,0.9845,0.9844,0.9829,0,1,1,1,1,1,0,H
19267,Northwood Montessori Of Irvine,28,0.9772,0.9651,0.9836,0.9643,0.9755,0.9802,0.9818,0.9816,0.9799,0.9357,0.9649,0.9714,0.9738,0.9735,0.9711,0.9628,0.985,0.988,0.989,0.9889,0.9878,0,1,1,1,1,1,0,H
19277,Oak Creek Elementary School,113,0.984,0.9703,0.9878,0.9823,0.9809,0.9846,0.9859,0.9857,0.9844,0.9433,0.9706,0.9762,0.9781,0.9779,0.9759,0.9691,0.9896,0.9917,0.9924,0.9924,0.9916,0,1,1,1,1,1,0,H
19278,Oak Grove Elementary School,114,0.9233,0.7628,0.986,0.9386,0.9057,0.9213,0.9272,0.9265,0.9204,0.666,0.7473,0.7844,0.799,0.7976,0.7825,0.9663,0.9876,0.9901,0.9909,0.9908,0.99,0,1,1,1,1,1,0.721,M
19281,Oak View Elementary School,94,0.9904,0.9882,0.9968,0.9574,0.9961,0.9971,0.9973,0.9973,0.997,0.9697,0.99,0.992,0.9927,0.9927,0.992,0.9826,0.9994,0.9997,0.9997,0.9997,0.9997,0,1,1,1,1,1,0,H
19283,Oakridge Private School,22,0.9882,0.9852,0.9961,0.9545,0.9937,0.9951,0.9955,0.9955,0.9951,0.9653,0.9867,0.9894,0.9903,0.9902,0.9893,0.9816,0.9986,0.9991,0.9992,0.9992,0.9991,0,1,1,1,1,1,0,H
19292,OCCS:CHEP/PCHS School,20,0.9568,0.9375,0.9627,0.95,0.9497,0.9589,0.9622,0.9618,0.9584,0.8963,0.9351,0.9466,0.9508,0.9503,0.9459,0.9324,0.9624,0.9693,0.9719,0.9716,0.969,0,1,1,1,1,1,0.4135,H
19296,Ocia A. Peters Elementary School,149,0.973,0.9483,0.9753,0.9933,0.9625,0.9694,0.9719,0.9716,0.969,0.9116,0.9468,0.9564,0.9599,0.9596,0.9559,0.9506,0.976,0.9805,0.9821,0.982,0.9803,0,1,1,1,1,1,0.0408,H
19299,school of our lady,21,0.9624,0.9293,0.9806,0.9524,0.9572,0.965,0.9678,0.9675,0.9646,0.8843,0.9262,0.9391,0.9439,0.9434,0.9383,0.9585,0.9818,0.9854,0.9866,0.9864,0.9852,0,1,1,1,1,1,0.262,H
19301,Oka (Isojiro) Elementary School,116,0.9799,0.9664,0.9814,0.9828,0.9749,0.9797,0.9813,0.9811,0.9794,0.9376,0.9663,0.9726,0.9748,0.9746,0.9723,0.9595,0.9826,0.986,0.9872,0.9871,0.9859,0,1,1,1,1,1,0,H
19303,Olinda Elementary School,106,0.9823,0.9632,0.9894,0.9811,0.9788,0.9829,0.9843,0.9842,0.9827,0.9329,0.963,0.9698,0.9723,0.972,0.9694,0.9715,0.9914,0.9932,0.9938,0.9937,0.9931,0,1,1,1,1,1,3e-04,H
19304,Olita Elementary School,74,0.9764,0.9054,0.9958,0.9865,0.9691,0.9748,0.9769,0.9766,0.9745,0.8514,0.9005,0.9174,0.9239,0.9231,0.9164,0.981,0.9983,0.9988,0.9989,0.9989,0.9988,0,1,1,1,1,1,0.1757,H
19306,Olive Elementary School,71,0.9933,0.9851,0.996,0.9859,0.9934,0.9949,0.9953,0.9953,0.9948,0.9652,0.9867,0.9893,0.9902,0.9902,0.9892,0.9814,0.9985,0.999,0.9991,0.9991,0.999,0,1,1,1,1,1,0,H
19310,Olive Street Elementary School,65,0.9963,0.9925,0.997,0.9846,0.9981,0.9987,0.9988,0.9988,0.9987,0.9761,0.9947,0.9959,0.9962,0.9962,0.9958,0.9828,0.9995,0.9999,0.9999,0.9999,0.9999,0,1,1,1,1,1,0,H
19311,Olivewood Elementary School,47,0.9895,0.9879,0.9962,0.9574,0.9948,0.996,0.9963,0.9963,0.9959,0.9692,0.9897,0.9918,0.9925,0.9924,0.9917,0.9816,0.9987,0.9992,0.9992,0.9992,0.9992,0,1,1,1,1,1,0,H
19325,Orange County Academy of Sciences and Arts,46,0.9907,0.9892,0.9969,0.9565,0.9967,0.9976,0.9978,0.9978,0.9976,0.9712,0.9912,0.993,0.9936,0.9935,0.9929,0.9826,0.9994,0.9998,0.9998,0.9998,0.9998,0,1,1,1,1,1,0,H
19327,Orange County Christian School,21,0.9905,0.9907,0.9969,0.9524,0.9974,0.9982,0.9983,0.9983,0.9981,0.9735,0.9928,0.9944,0.9948,0.9948,0.9943,0.9828,0.9995,0.9998,0.9999,0.9999,0.9998,0,1,1,1,1,1,0,H
19329,Orange County Classical Academy,77,0.9928,0.9882,0.9966,0.974,0.9956,0.9967,0.9969,0.9969,0.9966,0.9698,0.9901,0.9921,0.9928,0.9927,0.992,0.9822,0.9991,0.9995,0.9996,0.9996,0.9995,0,1,1,1,1,1,0,H
19330,Orange County Educational Arts Academy,108,0.9952,0.9875,0.9965,0.9907,0.9951,0.9962,0.9965,0.9965,0.9962,0.9688,0.9893,0.9915,0.9922,0.9921,0.9914,0.9821,0.999,0.9994,0.9995,0.9995,0.9994,0,1,1,1,1,1,0,H
19333,Orange County Special Education School,20,0.981,0.9722,0.9915,0.95,0.9844,0.9875,0.9885,0.9884,0.9873,0.9463,0.9727,0.9779,0.9797,0.9795,0.9776,0.9747,0.9936,0.995,0.9954,0.9954,0.995,0,1,1,1,1,1,0,H
19336,Orange Crescent School,34,0.9292,0.8188,0.9776,0.9412,0.9131,0.9279,0.9334,0.9328,0.927,0.7362,0.807,0.8371,0.8488,0.8476,0.8358,0.9539,0.9785,0.9826,0.9841,0.984,0.9825,0,1,1,1,1,1,0.7725,M
19340,Orange Grove Elementary School,114,0.9847,0.9689,0.9869,0.9912,0.9798,0.9837,0.985,0.9849,0.9835,0.9413,0.9691,0.9749,0.9769,0.9767,0.9746,0.9678,0.9887,0.991,0.9917,0.9916,0.9908,0,1,1,1,1,1,0,H
19352,Orangethorpe Elementary School,93,0.9739,0.9384,0.9945,0.957,0.9726,0.9777,0.9795,0.9793,0.9774,0.8978,0.9363,0.9475,0.9516,0.9512,0.9469,0.9791,0.9969,0.9977,0.9979,0.9979,0.9977,0,1,1,1,1,1,0.0805,H
19355,Orangewood Academy,23,0.9882,0.9835,0.9963,0.9565,0.9933,0.9947,0.9952,0.9951,0.9947,0.9628,0.985,0.9879,0.9889,0.9888,0.9878,0.9818,0.9988,0.9993,0.9993,0.9993,0.9993,0,1,1,1,1,1,0,H
19358,Orchard Hills School,69,0.9924,0.9744,0.9967,0.9855,0.9923,0.9939,0.9944,0.9944,0.9938,0.9496,0.9751,0.9799,0.9815,0.9814,0.9796,0.9824,0.9993,0.9996,0.9997,0.9997,0.9996,0,1,1,1,1,1,0,H
19360,Oso Grande Elementary School,152,0.9509,0.9208,0.9486,0.9868,0.9326,0.9446,0.949,0.9485,0.9439,0.8727,0.917,0.9316,0.9371,0.9364,0.9308,0.9119,0.9471,0.9567,0.9602,0.9598,0.9561,0,1,1,1,1,1,0.9822,H
19362,Our Lady of Fatima Parish School,33,0.9866,0.9863,0.9967,0.9394,0.995,0.9962,0.9965,0.9964,0.9961,0.9668,0.9879,0.9904,0.9912,0.9911,0.9903,0.9824,0.9992,0.9996,0.9996,0.9996,0.9996,0,1,1,1,1,1,0,H
19363,Our Lady Of Guadalupe Elementary School,20,0.9881,0.9871,0.9963,0.95,0.9946,0.9958,0.9962,0.9961,0.9958,0.968,0.9888,0.9911,0.9918,0.9917,0.9909,0.9818,0.9988,0.9993,0.9994,0.9994,0.9993,0,1,1,1,1,1,0,H
19366,Our Lady Queen Of Angels,49,0.9857,0.9801,0.9931,0.9592,0.989,0.9912,0.992,0.9919,0.9911,0.9577,0.9813,0.9849,0.9862,0.986,0.9847,0.977,0.9953,0.9964,0.9967,0.9967,0.9964,0,1,1,1,1,1,0,H
19369,Our Savior's Lutheran Elementary School,22,0.9658,0.9446,0.9761,0.9545,0.9614,0.9685,0.9711,0.9708,0.9681,0.9062,0.9428,0.9531,0.9568,0.9564,0.9525,0.9518,0.9769,0.9813,0.9828,0.9826,0.981,0,1,1,1,1,1,0.0788,H
19373,OUSD Home School,,0.9914,0.9814,0.9966,0.9746,0.9935,0.995,0.9954,0.9953,0.9949,0.9596,0.9826,0.986,0.9871,0.987,0.9858,0.9823,0.9992,0.9996,0.9996,0.9996,0.9996,1,1,1,1,1,1,0,H
19378,Oxford Preparatory Academy - Saddleback Valley,92,0.9734,0.9567,0.9756,0.9783,0.9667,0.9729,0.9751,0.9749,0.9726,0.9237,0.9559,0.964,0.9669,0.9666,0.9636,0.951,0.9763,0.9808,0.9824,0.9822,0.9806,0,1,1,1,1,1,5e-04,H
19379,Oxford Preparatory Academy - South Orange County,90,0.9723,0.9558,0.9781,0.9667,0.9678,0.9738,0.976,0.9757,0.9735,0.9223,0.9548,0.9631,0.9661,0.9658,0.9627,0.9546,0.979,0.9831,0.9845,0.9843,0.9828,0,1,1,1,1,1,0.0018,H
19383,Pacific Academy,27,0.9609,0.9306,0.9717,0.963,0.9524,0.9611,0.9642,0.9639,0.9606,0.8862,0.9275,0.9402,0.945,0.9445,0.9397,0.9456,0.9722,0.9774,0.9792,0.979,0.9771,0,1,1,1,1,1,0.3372,H
19388,Pacific Drive Elementary School,129,0.9516,0.9271,0.9723,0.9147,0.9507,0.9596,0.9629,0.9625,0.9591,0.8819,0.9238,0.9371,0.9421,0.9415,0.9363,0.9461,0.9727,0.9779,0.9798,0.9796,0.9777,0,1,1,1,1,1,0.4152,H
19391,Pacific Preschool & Kindergarten,,0.8655,0.6841,0.9816,0.8009,0.8577,0.8799,0.8884,0.8874,0.8786,0.5759,0.6648,0.7086,0.7261,0.7239,0.7054,0.9599,0.9828,0.9861,0.9873,0.9872,0.986,1,1,1,1,1,1,0.8655,L
19401,Page Private-Costa Mesa,12,0.9525,0.933,0.9694,0.9167,0.9515,0.9603,0.9635,0.9631,0.9598,0.8898,0.9302,0.9425,0.9472,0.9467,0.942,0.9419,0.9696,0.9752,0.9773,0.9771,0.975,0,1,1,1,1,1,0.36,H
19402,Page Private-Garden Grove School,12,0.9792,0.9613,0.9775,1,0.9698,0.9755,0.9775,0.9773,0.9752,0.9302,0.9608,0.968,0.9706,0.9703,0.9676,0.9538,0.9784,0.9825,0.984,0.9838,0.9823,0,1,1,1,1,1,0,H
19403,paine (mabel m.) elementary,133,0.9792,0.9699,0.9904,0.9474,0.9824,0.9858,0.987,0.9868,0.9856,0.9426,0.9701,0.9757,0.9777,0.9775,0.9754,0.9729,0.9924,0.994,0.9946,0.9945,0.994,0,1,1,1,1,1,0,H
19404,Palisades Elementary School,84,0.994,0.9902,0.9968,0.9762,0.9968,0.9976,0.9978,0.9978,0.9976,0.9726,0.9921,0.9938,0.9943,0.9943,0.9937,0.9826,0.9994,0.9997,0.9998,0.9998,0.9997,0,1,1,1,1,1,0,H
19406,Palisades United Methodist Preschool Kindergarten,,0.9808,0.9716,0.9886,0.9587,0.982,0.9855,0.9867,0.9865,0.9853,0.9452,0.972,0.9772,0.9791,0.9789,0.9769,0.9704,0.9905,0.9925,0.9931,0.993,0.9924,1,1,1,1,1,1,0,H
19407,Palm Lane Elementary School,94,0.9899,0.969,0.9966,0.9787,0.9903,0.9923,0.9929,0.9929,0.9922,0.9416,0.9691,0.975,0.9771,0.9769,0.9748,0.9823,0.9992,0.9996,0.9996,0.9996,0.9996,0,1,1,1,1,1,8e-04,H
19408,Palmyra Elementary School,82,0.9879,0.9897,0.9969,0.939,0.997,0.9978,0.998,0.9979,0.9977,0.972,0.9917,0.9934,0.994,0.9939,0.9933,0.9827,0.9994,0.9998,0.9998,0.9998,0.9998,0,1,1,1,1,1,0,H
19409,Panorama Elementary School,82,0.9844,0.9658,0.9944,0.9756,0.9832,0.9865,0.9876,0.9875,0.9863,0.9367,0.9657,0.9721,0.9744,0.9741,0.9717,0.979,0.9968,0.9976,0.9978,0.9978,0.9976,0,1,1,1,1,1,3e-04,H
19413,Parkview Elementary School,76,0.9867,0.9771,0.9922,0.9737,0.9869,0.9895,0.9904,0.9903,0.9894,0.9533,0.978,0.9822,0.9836,0.9834,0.9819,0.9756,0.9943,0.9956,0.996,0.9959,0.9956,0,1,1,1,1,1,0,H
19415,Pathway School Inc.,24,0.9557,0.9632,0.9853,0.8333,0.976,0.9806,0.9822,0.982,0.9803,0.9329,0.9628,0.9697,0.9722,0.9719,0.9694,0.9655,0.9869,0.9895,0.9904,0.9903,0.9894,0,1,1,1,1,1,0.001,H
19419,"Patti's Preschool, Inc.",,0.9647,0.9531,0.9752,0.9352,0.9645,0.9711,0.9735,0.9732,0.9708,0.9183,0.9519,0.9607,0.9638,0.9635,0.9602,0.9507,0.9759,0.9805,0.9822,0.982,0.9803,1,1,1,1,1,1,0.008,H
19420,Patton Elementary School,143,0.9768,0.9558,0.9786,0.993,0.968,0.974,0.9761,0.9759,0.9737,0.9222,0.9549,0.9631,0.9661,0.9658,0.9626,0.9555,0.9796,0.9835,0.9849,0.9847,0.9833,0,1,1,1,1,1,0.002,H
19421,Paularino Elementary School,63,0.9895,0.9504,0.9967,0.9841,0.9885,0.9908,0.9915,0.9915,0.9907,0.9148,0.9491,0.9584,0.9618,0.9615,0.958,0.9824,0.9993,0.9997,0.9997,0.9997,0.9997,0,1,1,1,1,1,0.0235,H
19422,The Pegasus School,60,0.9812,0.9492,0.9933,0.9833,0.9767,0.9811,0.9826,0.9825,0.9809,0.9128,0.9476,0.9572,0.9607,0.9602,0.9566,0.9773,0.9955,0.9966,0.9969,0.9968,0.9965,0,1,1,1,1,1,0.0288,H
19426,Peter Marshall Elementary School,99,0.9926,0.9601,0.9967,1,0.9891,0.9913,0.992,0.9919,0.9912,0.9283,0.9596,0.9669,0.9695,0.9692,0.9664,0.9824,0.9992,0.9996,0.9997,0.9996,0.9996,0,1,1,1,1,1,0.009,H
19427,Peters Canyon Elementary School,71,0.9914,0.9802,0.9953,0.9859,0.9908,0.9927,0.9933,0.9932,0.9926,0.9578,0.9813,0.985,0.9862,0.9861,0.9848,0.9803,0.9978,0.9984,0.9986,0.9985,0.9984,0,1,1,1,1,1,0,H
19431,Philip J. Reilly Elementary,49,0.8236,0.6579,0.8774,0.9592,0.7644,0.7987,0.8122,0.8106,0.7967,0.5454,0.6363,0.6831,0.7017,0.6996,0.6804,0.8132,0.8707,0.8916,0.8998,0.8989,0.8905,0,1,1,1,1,1,1,L
19434,Pillars Academy,18,0.9242,0.9723,0.9909,0.6111,0.984,0.9871,0.9882,0.9881,0.987,0.9463,0.9728,0.9779,0.9798,0.9796,0.9777,0.9738,0.9929,0.9945,0.9949,0.9949,0.9944,0,1,1,1,1,1,0,M
19437,Pio Pico Elementary School,73,0.9529,0.8347,0.9924,0.9863,0.9359,0.9471,0.9512,0.9507,0.9464,0.7554,0.8244,0.8517,0.8622,0.861,0.8501,0.9759,0.9946,0.9958,0.9962,0.9961,0.9958,0,1,1,1,1,1,0.5305,H
19446,Plavan (Urbain H.) Elementary School,90,0.8908,0.6871,0.9623,0.9778,0.8517,0.8749,0.8839,0.8828,0.8736,0.5791,0.6676,0.7114,0.7291,0.7272,0.7093,0.9318,0.9619,0.969,0.9715,0.9712,0.9685,0,1,1,1,1,1,0.9395,L
19451,Plaza Vista School,99,0.9844,0.9722,0.9884,0.9798,0.9821,0.9856,0.9868,0.9866,0.9854,0.9461,0.9726,0.9778,0.9796,0.9794,0.9775,0.97,0.9903,0.9923,0.993,0.9929,0.9922,0,1,1,1,1,1,0,H
19460,Pomona Elementary School,43,0.9823,0.9639,0.9958,0.9535,0.9855,0.9883,0.9893,0.9892,0.9882,0.9339,0.9636,0.9704,0.9728,0.9724,0.9699,0.9811,0.9983,0.9988,0.9989,0.9989,0.9988,0,1,1,1,1,1,0.0025,H
19461,Ponderosa Elementary School,145,0.9669,0.9408,0.9671,0.9931,0.9539,0.9623,0.9654,0.965,0.9619,0.9007,0.9387,0.9496,0.9536,0.9531,0.9489,0.9387,0.9671,0.9732,0.9754,0.9752,0.9729,0,1,1,1,1,1,0.2268,H
19467,Portola Hills Elementary School,106,0.9771,0.9524,0.9826,0.9906,0.9691,0.9749,0.9769,0.9767,0.9746,0.9174,0.9512,0.9601,0.9633,0.9629,0.9596,0.9614,0.9839,0.9871,0.9881,0.988,0.9869,0,1,1,1,1,1,0.0155,H
19468,Portola Springs Elementary,120,0.9874,0.9715,0.9912,0.9917,0.9836,0.9868,0.9879,0.9878,0.9867,0.9449,0.9719,0.9772,0.9791,0.9789,0.9769,0.9742,0.9933,0.9948,0.9952,0.9952,0.9947,0,1,1,1,1,1,0,H
19470,Post Elementary School,56,0.9074,0.8021,0.9403,0.9821,0.8729,0.8939,0.9018,0.9009,0.8927,0.7147,0.7891,0.8213,0.8339,0.8327,0.8198,0.8998,0.9381,0.9493,0.9534,0.9528,0.9486,0,1,1,1,1,1,0.9928,M
19478,Price (Adelaide) Elementary School,88,0.9158,0.8567,0.9218,0.9773,0.8855,0.9048,0.9121,0.9112,0.9037,0.7859,0.848,0.8727,0.8821,0.881,0.8712,0.8736,0.918,0.9325,0.9378,0.9372,0.9317,0,1,1,1,1,1,1,M
19484,Prince Of Peace Lutheran,14,0.998,0.9887,0.9969,1,0.9969,0.9977,0.9979,0.9979,0.9977,0.9704,0.9906,0.9926,0.9932,0.9931,0.9925,0.9827,0.9995,0.9998,0.9998,0.9998,0.9998,0,1,1,1,1,1,0,H
19486,Prospect Elementary School,67,0.9485,0.9381,0.9647,0.8955,0.9508,0.9597,0.963,0.9626,0.9592,0.8967,0.9357,0.9472,0.9513,0.9509,0.9466,0.9352,0.9646,0.9711,0.9735,0.9732,0.9708,0,1,1,1,1,1,0.363,M
19493,R. F. Hazard Elementary School,74,0.9793,0.9576,0.9851,0.9865,0.9732,0.9783,0.9801,0.9799,0.978,0.925,0.9568,0.9648,0.9677,0.9674,0.9644,0.965,0.9867,0.9893,0.9902,0.9901,0.9891,0,1,1,1,1,1,0.002,H
19494,R. S. M. Montessori Elementary School,29,0.9899,0.9796,0.9968,0.9655,0.9934,0.9949,0.9953,0.9953,0.9948,0.9569,0.9806,0.9844,0.9857,0.9855,0.9842,0.9825,0.9993,0.9997,0.9997,0.9997,0.9997,0,1,1,1,1,1,0,H
19502,Ralph A. Gates DLI Elementary School,,0.9938,0.9863,0.9969,0.9781,0.9961,0.9971,0.9973,0.9973,0.9971,0.9669,0.988,0.9904,0.9912,0.9911,0.9903,0.9827,0.9995,0.9998,0.9998,0.9998,0.9998,1,1,1,1,1,1,0,H
19503,Ralph E. Hawes Elementary School,139,0.8904,0.8279,0.9014,0.9424,0.8583,0.8815,0.8903,0.8893,0.8802,0.7488,0.8171,0.8457,0.8567,0.8553,0.844,0.8455,0.896,0.9138,0.9203,0.9195,0.9127,0,1,1,1,1,1,1,L
19507,Rancho Cañada Elementary School,,0.973,0.9578,0.9856,0.9473,0.9736,0.9786,0.9803,0.9801,0.9783,0.9253,0.957,0.965,0.9678,0.9676,0.9646,0.9659,0.9872,0.9898,0.9906,0.9905,0.9896,1,1,1,1,1,1,0.0032,H
19512,"Rancho Viejo, The",11,0.9358,0.9519,0.989,0.7273,0.9728,0.9779,0.9797,0.9795,0.9777,0.9165,0.9506,0.9596,0.9629,0.9626,0.9593,0.9707,0.9909,0.9928,0.9934,0.9933,0.9927,0,1,1,1,1,1,0.0163,M
19515,Raymond Elementary School,108,0.9668,0.9421,0.9705,0.9815,0.9565,0.9645,0.9674,0.967,0.964,0.9025,0.94,0.9508,0.9548,0.9543,0.9502,0.9435,0.9708,0.9763,0.9782,0.978,0.976,0,1,1,1,1,1,0.1442,H
19517,Raymond Temple Elementary School,85,0.9747,0.9505,0.9842,0.9765,0.9689,0.9747,0.9768,0.9766,0.9744,0.9147,0.9491,0.9584,0.9618,0.9614,0.9579,0.9636,0.9856,0.9885,0.9894,0.9893,0.9883,0,1,1,1,1,1,0.0215,H
19520,Red Hill Elementary School,80,0.9812,0.9604,0.9909,0.975,0.9787,0.9828,0.9842,0.984,0.9826,0.9292,0.9599,0.9672,0.9699,0.9696,0.9668,0.9737,0.9929,0.9945,0.9949,0.9949,0.9944,0,1,1,1,1,1,0.0013,H
19522,Red Hill Lutheran,46,0.9871,0.9725,0.9967,0.9565,0.9916,0.9933,0.9939,0.9938,0.9933,0.9467,0.973,0.9781,0.9799,0.9797,0.9779,0.9824,0.9992,0.9996,0.9997,0.9997,0.9996,0,1,1,1,1,1,3e-04,H
19529,Renascence School International,26,0.9608,0.9369,0.9689,0.9615,0.9527,0.9613,0.9644,0.9641,0.9608,0.8954,0.9344,0.9461,0.9504,0.95,0.9455,0.9413,0.9691,0.9748,0.9769,0.9767,0.9746,0,1,1,1,1,1,0.3103,H
19531,Revere (Paul) Elementary School,143,0.9677,0.9402,0.9796,0.965,0.9617,0.9688,0.9713,0.971,0.9684,0.9,0.9379,0.949,0.9531,0.9527,0.9485,0.957,0.9807,0.9844,0.9857,0.9856,0.9843,0,1,1,1,1,1,0.1205,H
19533,Richard Henry Dana Elementary School,64,0.9441,0.8963,0.9534,0.9844,0.9236,0.937,0.942,0.9414,0.9362,0.8389,0.8906,0.9091,0.916,0.9152,0.908,0.9188,0.9523,0.9609,0.964,0.9638,0.9605,0,1,1,1,1,1,0.9545,M
19534,Richard Henry Dana Exceptional Needs School,11,0.9762,0.9672,0.996,0.9091,0.9873,0.9898,0.9907,0.9906,0.9897,0.9391,0.9673,0.9734,0.9756,0.9753,0.973,0.9814,0.9985,0.999,0.9991,0.9991,0.999,0,1,1,1,1,1,5e-04,H
19536,Richard Henry Lee Elementary School,118,0.9804,0.9596,0.9841,0.9915,0.9736,0.9786,0.9803,0.9801,0.9783,0.9279,0.959,0.9666,0.9693,0.9689,0.9661,0.9636,0.9856,0.9884,0.9894,0.9893,0.9883,0,1,1,1,1,1,0,H
19538,Richman Elementary School,95,0.9627,0.9371,0.9659,0.9789,0.9513,0.9601,0.9634,0.963,0.9596,0.8956,0.9347,0.9463,0.9504,0.9499,0.9455,0.937,0.9658,0.9721,0.9744,0.9742,0.9718,0,1,1,1,1,1,0.3522,H
19544,Rio Vista Elementary School,152,0.903,0.8286,0.9121,0.9868,0.8655,0.8877,0.8961,0.8951,0.8864,0.7487,0.8175,0.8465,0.8575,0.8563,0.8448,0.8609,0.9076,0.9236,0.9296,0.9289,0.9227,0,1,1,1,1,1,1,M
19546,Riverdale Elementary School,78,0.98,0.964,0.9865,0.9744,0.9771,0.9814,0.983,0.9828,0.9812,0.9344,0.9638,0.9705,0.9728,0.9726,0.9701,0.967,0.9881,0.9905,0.9913,0.9912,0.9904,0,1,1,1,1,1,0,H
19549,Robert C. Fisler Elementary School,113,0.9897,0.9763,0.9929,0.9912,0.987,0.9896,0.9904,0.9903,0.9894,0.9522,0.9771,0.9815,0.9831,0.9829,0.9813,0.9766,0.9951,0.9962,0.9965,0.9965,0.9962,0,1,1,1,1,1,0,H
19551,Robert Heideman Elementary School,98,0.9935,0.9866,0.9967,0.9796,0.9954,0.9964,0.9968,0.9967,0.9964,0.9674,0.9883,0.9907,0.9915,0.9914,0.9906,0.9824,0.9993,0.9997,0.9997,0.9997,0.9997,0,1,1,1,1,1,0,H
19552,Robert M. Pyles Elementary School,144,0.9937,0.9659,0.9967,1,0.9907,0.9926,0.9932,0.9932,0.9925,0.9367,0.9658,0.9722,0.9745,0.9742,0.9718,0.9824,0.9992,0.9996,0.9996,0.9996,0.9996,0,1,1,1,1,1,0.0045,H
19554,Robinson Elementary School,88,0.9681,0.9352,0.9803,0.9773,0.9594,0.9668,0.9695,0.9692,0.9664,0.8925,0.9324,0.9446,0.949,0.9484,0.9438,0.9581,0.9814,0.985,0.9863,0.9861,0.9848,0,1,1,1,1,1,0.1922,H
19556,Rock Christian Academy,10,0.9254,0.9517,0.976,0.7,0.9644,0.971,0.9734,0.9731,0.9707,0.9162,0.9504,0.9594,0.9627,0.9623,0.959,0.9516,0.9767,0.9812,0.9827,0.9825,0.9809,0,1,1,1,1,1,0.0158,M
19560,Rolling Hills Elementary School,108,0.9968,0.9906,0.9969,0.9907,0.9974,0.9981,0.9983,0.9983,0.9981,0.9733,0.9926,0.9941,0.9946,0.9946,0.9941,0.9827,0.9995,0.9998,0.9998,0.9998,0.9998,0,1,1,1,1,1,0,H
19561,romero-cruz academy,73,0.9887,0.9746,0.9938,0.9863,0.9867,0.9894,0.9903,0.9902,0.9893,0.9497,0.9752,0.9799,0.9816,0.9814,0.9797,0.9781,0.9961,0.9971,0.9973,0.9973,0.9971,0,1,1,1,1,1,0,H
19564,Roosevelt (Theodore) Elementary School,121,0.9892,0.9779,0.9907,0.9917,0.9861,0.9889,0.9898,0.9897,0.9888,0.9543,0.9788,0.9828,0.9843,0.9841,0.9826,0.9735,0.9928,0.9943,0.9948,0.9948,0.9943,0,1,1,1,1,1,0,H
19565,roosevelt walker academy,119,0.9388,0.8983,0.9466,0.9664,0.9204,0.9343,0.9395,0.9389,0.9335,0.8412,0.8926,0.911,0.9179,0.9172,0.9101,0.9092,0.9449,0.9548,0.9585,0.9581,0.9543,0,1,1,1,1,1,0.988,M
19568,Rose Drive Elementary School,108,0.9701,0.9235,0.9959,0.9352,0.9723,0.9774,0.9793,0.9791,0.9772,0.8764,0.9199,0.934,0.9392,0.9386,0.9333,0.9813,0.9984,0.9989,0.999,0.999,0.9989,0,1,1,1,1,1,0.1285,H
19570,Rosita Elementary School,55,0.992,0.9796,0.9965,0.9818,0.9927,0.9942,0.9947,0.9947,0.9942,0.957,0.9807,0.9844,0.9857,0.9856,0.9842,0.9821,0.9991,0.9995,0.9995,0.9995,0.9995,0,1,1,1,1,1,0,H
19571,Ross (Betsy) Elementary School,167,0.9256,0.8258,0.9566,0.988,0.8969,0.9143,0.9208,0.9201,0.9133,0.7458,0.8147,0.8437,0.855,0.8539,0.8426,0.9234,0.9557,0.9637,0.9667,0.9664,0.9634,0,1,1,1,1,1,0.9478,M
19577,Rossmoor Elementary School,94,0.9955,0.9935,0.997,0.9787,0.9984,0.9989,0.999,0.999,0.9989,0.9775,0.9958,0.9968,0.9971,0.997,0.9967,0.9829,0.9996,0.9999,0.9999,0.9999,0.9999,0,1,1,1,1,1,0,H
19579,Roy O. Andersen Elementary School,56,0.9881,0.9763,0.9928,0.9821,0.9869,0.9895,0.9904,0.9903,0.9894,0.9521,0.9771,0.9815,0.983,0.9828,0.9813,0.9766,0.995,0.9962,0.9965,0.9965,0.9961,0,1,1,1,1,1,0,H
19582,Ruby Drive Elementary School,80,0.9932,0.9884,0.9967,0.975,0.9959,0.9969,0.9972,0.9972,0.9969,0.97,0.9902,0.9923,0.9929,0.9929,0.9922,0.9824,0.9993,0.9996,0.9997,0.9997,0.9996,0,1,1,1,1,1,0,H
19583,Running Springs Elementary School,103,0.9938,0.9813,0.9966,0.9903,0.9932,0.9947,0.9951,0.9951,0.9946,0.9593,0.9825,0.9859,0.9871,0.987,0.9857,0.9823,0.9992,0.9996,0.9996,0.9996,0.9996,0,1,1,1,1,1,0,H
19584,S. A. Moffett Elementary School,56,0.9433,0.9059,0.9451,0.9821,0.923,0.9365,0.9416,0.941,0.9358,0.8518,0.901,0.9178,0.9242,0.9234,0.9168,0.9067,0.9432,0.9535,0.9573,0.9569,0.953,0,1,1,1,1,1,0.9935,M
19599,Saint Jeanne De Lestonnac School,38,0.9536,0.8715,0.9936,0.9474,0.9459,0.9555,0.959,0.9586,0.955,0.8048,0.8639,0.8862,0.8948,0.8939,0.8853,0.9777,0.9959,0.9968,0.9971,0.9971,0.9968,0,1,1,1,1,1,0.465,H
19603,Salem Lutheran,48,0.9881,0.973,0.9968,0.9583,0.9926,0.9942,0.9947,0.9946,0.9941,0.9472,0.9735,0.9786,0.9803,0.9801,0.9783,0.9825,0.9993,0.9997,0.9997,0.9997,0.9997,0,1,1,1,1,1,0.0013,H
19607,San Clemente Christian School,22,0.958,0.9728,0.9892,0.8182,0.9829,0.9862,0.9874,0.9872,0.9861,0.9471,0.9733,0.9784,0.9801,0.9799,0.9781,0.9712,0.9911,0.993,0.9936,0.9935,0.9929,0,1,1,1,1,1,0,H
19610,san joaquin elementary,36,0.9875,0.9865,0.9966,0.9444,0.995,0.9962,0.9965,0.9965,0.9961,0.9673,0.9882,0.9906,0.9914,0.9913,0.9904,0.9823,0.9991,0.9995,0.9996,0.9996,0.9995,0,1,1,1,1,1,0,H
19611,San Juan Elementary School,150,0.9782,0.9556,0.9844,0.9867,0.9716,0.977,0.9789,0.9786,0.9767,0.9217,0.9546,0.9629,0.9659,0.9656,0.9625,0.9642,0.986,0.9887,0.9896,0.9895,0.9885,0,1,1,1,1,1,0.0075,H
19614,San Marino Elementary School,47,0.9864,0.9821,0.9937,0.9574,0.9904,0.9924,0.993,0.993,0.9923,0.9607,0.9834,0.9866,0.9877,0.9876,0.9865,0.978,0.996,0.997,0.9973,0.9972,0.997,0,1,1,1,1,1,0,H
19628,Santa Clara Nursery School,,0.9654,0.9544,0.9751,0.9361,0.9652,0.9717,0.974,0.9737,0.9713,0.9202,0.9533,0.9618,0.9649,0.9645,0.9613,0.9504,0.9758,0.9804,0.982,0.9818,0.9802,1,1,1,1,1,1,0.0048,H
19631,Santiago Elementary School,119,0.9714,0.8923,0.9955,0.9916,0.9608,0.9679,0.9705,0.9702,0.9675,0.8334,0.8862,0.9053,0.9124,0.9117,0.9042,0.9806,0.9979,0.9985,0.9987,0.9987,0.9985,0,1,1,1,1,1,0.28,H
19634,Santiago Hills Elementary School,75,0.989,0.9765,0.9932,0.9867,0.9871,0.9897,0.9906,0.9905,0.9896,0.9524,0.9773,0.9817,0.9832,0.983,0.9815,0.9771,0.9954,0.9965,0.9968,0.9968,0.9965,0,1,1,1,1,1,0,H
19635,Santiago STEAM Magnet Elementary School,71,0.9658,0.943,0.971,0.9718,0.9574,0.9652,0.968,0.9677,0.9648,0.9037,0.941,0.9516,0.9554,0.955,0.951,0.9443,0.9713,0.9768,0.9787,0.9784,0.9764,0,1,1,1,1,1,0.127,H
19641,Schmitt Elementary School,67,0.9406,0.8755,0.9604,0.9851,0.9185,0.9327,0.938,0.9374,0.9319,0.8107,0.8681,0.89,0.8983,0.8973,0.8887,0.9289,0.9599,0.9673,0.9699,0.9696,0.9669,0,1,1,1,1,1,0.9042,M
19642,Scholarship Prep - Santa Ana,,0.9604,0.9466,0.9725,0.9289,0.9598,0.9672,0.9699,0.9696,0.9668,0.9089,0.9449,0.9548,0.9585,0.9581,0.9543,0.9465,0.973,0.9781,0.9799,0.9797,0.9778,1,1,1,1,1,1,0.066,H
19643,Schroeder Elementary School,79,0.9942,0.9911,0.9969,0.9747,0.9975,0.9982,0.9984,0.9984,0.9982,0.9741,0.9931,0.9947,0.9951,0.995,0.9946,0.9827,0.9995,0.9998,0.9998,0.9998,0.9998,0,1,1,1,1,1,0,H
19655,Sequoia Elementary School,76,0.9878,0.9506,0.9967,0.9737,0.9886,0.9909,0.9916,0.9915,0.9908,0.9151,0.9492,0.9585,0.9619,0.9615,0.9581,0.9825,0.9993,0.9997,0.9997,0.9997,0.9997,0,1,1,1,1,1,0.0245,H
19656,Serra Catholic School,,0.9085,0.8217,0.9683,0.8565,0.9038,0.9201,0.9262,0.9255,0.9192,0.7403,0.8102,0.8399,0.8511,0.8497,0.8379,0.9406,0.9684,0.9743,0.9764,0.9762,0.974,1,1,1,1,1,1,0.8755,M
19658,Serrano Elementary School,105,0.9616,0.9338,0.9613,0.9905,0.9469,0.9565,0.96,0.9596,0.956,0.8908,0.9311,0.9433,0.9478,0.9473,0.9426,0.9303,0.9609,0.9681,0.9707,0.9704,0.9677,0,1,1,1,1,1,0.5665,H
19669,Shepherd's Grove Schools,12,0.9901,0.977,0.9901,1,0.9855,0.9884,0.9894,0.9892,0.9882,0.9532,0.9779,0.9821,0.9836,0.9834,0.9819,0.9726,0.9921,0.9938,0.9944,0.9943,0.9938,0,1,1,1,1,1,0,H
19674,Shoreline Christian School,21,0.9472,0.9037,0.9659,0.9524,0.9356,0.947,0.9512,0.9507,0.9464,0.849,0.8986,0.9158,0.9223,0.9216,0.9149,0.9369,0.9657,0.9721,0.9745,0.9742,0.9718,0,1,1,1,1,1,0.7682,M
19675,Sierra Preparatory Academy,50,0.9462,0.9171,0.9429,0.98,0.9276,0.9404,0.9451,0.9446,0.9397,0.8674,0.913,0.9281,0.9338,0.9332,0.9274,0.9039,0.9409,0.9515,0.9554,0.955,0.9509,0,1,1,1,1,1,1,M
19676,Sierra Vista Elementary School,87,0.993,0.987,0.9966,0.977,0.9952,0.9963,0.9966,0.9966,0.9963,0.9679,0.9887,0.991,0.9917,0.9916,0.9909,0.9823,0.9992,0.9996,0.9996,0.9996,0.9996,0,1,1,1,1,1,0,H
19688,Slater Montessori Academy,20,0.9875,0.978,0.9968,0.95,0.9937,0.9951,0.9955,0.9955,0.9951,0.9548,0.9789,0.983,0.9844,0.9842,0.9827,0.9825,0.9993,0.9997,0.9997,0.9997,0.9997,0,1,1,1,1,1,0,H
19696,Sonora Elementary School,80,0.9748,0.8881,0.9964,0.9625,0.9727,0.9777,0.9794,0.9792,0.9774,0.8277,0.882,0.9015,0.909,0.9082,0.9004,0.982,0.999,0.9994,0.9995,0.9994,0.9994,0,1,1,1,1,1,0.1618,H
19703,South Coast Metro Children's Village,18,0.9679,0.9841,0.9964,0.8333,0.9936,0.995,0.9954,0.9954,0.9949,0.9637,0.9856,0.9885,0.9894,0.9893,0.9883,0.982,0.9989,0.9994,0.9994,0.9994,0.9994,0,1,1,1,1,1,0,H
19710,South Shores Christian Preschool And Kindergarten,,0.9932,0.9875,0.9966,0.9771,0.9954,0.9965,0.9968,0.9968,0.9965,0.9686,0.9892,0.9914,0.9921,0.992,0.9913,0.9824,0.9992,0.9996,0.9996,0.9996,0.9996,1,1,1,1,1,1,0,H
19720,Spirit Christian Academy,,0.9872,0.9563,0.9967,0.9683,0.9889,0.9912,0.9919,0.9918,0.991,0.9231,0.9555,0.9636,0.9665,0.9662,0.9631,0.9824,0.9993,0.9996,0.9997,0.9997,0.9996,1,1,1,1,1,1,0.0168,H
19722,Springbrook Elementary School,72,0.9833,0.9463,0.9966,0.9583,0.9857,0.9885,0.9895,0.9894,0.9884,0.9084,0.9445,0.9546,0.9583,0.9579,0.9542,0.9822,0.9991,0.9995,0.9996,0.9996,0.9995,0,1,1,1,1,1,0.0345,H
19729,St. Angela Merici Elementary School,37,0.9661,0.9524,0.9743,0.9459,0.9639,0.9706,0.973,0.9727,0.9702,0.9173,0.9512,0.9601,0.9633,0.9629,0.9596,0.9491,0.9749,0.9797,0.9813,0.9812,0.9794,0,1,1,1,1,1,0.0102,H
19730,St. Anne,51,0.9458,0.9015,0.9542,0.9804,0.9269,0.9398,0.9445,0.944,0.9391,0.8457,0.896,0.9139,0.9205,0.9197,0.9129,0.9198,0.9531,0.9617,0.9649,0.9645,0.9613,0,1,1,1,1,1,0.9442,M
19736,St. Barbara Elementary School,41,0.9808,0.9737,0.9899,0.9512,0.9838,0.987,0.9881,0.9879,0.9868,0.9481,0.9742,0.9791,0.9808,0.9806,0.9789,0.9722,0.9919,0.9936,0.9941,0.994,0.9935,0,1,1,1,1,1,0,H
19737,St. Bonaventure School,,0.9719,0.9594,0.9823,0.9457,0.9723,0.9775,0.9794,0.9792,0.9773,0.9276,0.9588,0.9664,0.9691,0.9688,0.966,0.9609,0.9836,0.9868,0.9879,0.9878,0.9867,1,1,1,1,1,1,0.001,H
19739,St. Catherine Of Siena Parish School,23,0.9453,0.9845,0.9965,0.6957,0.994,0.9953,0.9957,0.9957,0.9952,0.9642,0.9859,0.9887,0.9897,0.9896,0.9886,0.982,0.999,0.9994,0.9995,0.9995,0.9994,0,1,1,1,1,1,0,M
19741,St. Cecilia Elementary School,32,0.9761,0.9714,0.9861,0.9375,0.9803,0.9841,0.9855,0.9853,0.9839,0.9449,0.9718,0.9771,0.979,0.9788,0.9769,0.9666,0.9878,0.9903,0.9911,0.991,0.9902,0,1,1,1,1,1,0,H
19743,St. Columban,55,0.9817,0.9297,0.9962,0.9818,0.9778,0.982,0.9834,0.9833,0.9818,0.8851,0.9266,0.9395,0.9443,0.9438,0.9388,0.9816,0.9987,0.9992,0.9992,0.9992,0.9992,0,1,1,1,1,1,0.0862,H
19744,St. Edward the Confessor Parish School,100,0.9821,0.9321,0.9961,0.99,0.9764,0.9808,0.9824,0.9822,0.9806,0.8883,0.9291,0.9417,0.9463,0.9458,0.9411,0.9816,0.9986,0.9991,0.9992,0.9992,0.9991,0,1,1,1,1,1,0.0855,H
19746,St. Francis Of Assisi,23,0.9668,0.947,0.9765,0.9565,0.9625,0.9694,0.9719,0.9716,0.9691,0.9097,0.9453,0.9552,0.9588,0.9584,0.9547,0.9524,0.9774,0.9817,0.9832,0.9831,0.9815,0,1,1,1,1,1,0.0525,H
19748,St. Hedwig Elementary School,78,0.9769,0.9618,0.9815,0.9744,0.9727,0.9779,0.9797,0.9795,0.9776,0.9308,0.9613,0.9685,0.9711,0.9708,0.9682,0.9598,0.9828,0.9861,0.9873,0.9872,0.986,0,1,1,1,1,1,0,H
19749,St. Irenaeus Parish School,,0.9839,0.9743,0.9915,0.9633,0.9853,0.9882,0.9892,0.9891,0.9881,0.9491,0.9749,0.9797,0.9814,0.9812,0.9795,0.9746,0.9936,0.995,0.9954,0.9954,0.995,1,1,1,1,1,1,0,H
19751,St. Joachim,47,0.9689,0.9406,0.9853,0.9574,0.9652,0.9716,0.9739,0.9737,0.9713,0.9007,0.9384,0.9494,0.9534,0.9529,0.9488,0.9655,0.9869,0.9895,0.9903,0.9902,0.9894,0,1,1,1,1,1,0.1065,H
19752,St. John The Baptist Elementary School,47,0.9708,0.9568,0.9775,0.9574,0.9679,0.9739,0.976,0.9758,0.9736,0.9235,0.9559,0.9641,0.9669,0.9666,0.9636,0.9539,0.9784,0.9825,0.9839,0.9837,0.9823,0,1,1,1,1,1,0.001,H
19753,St Johns Episcopal,32,0.931,0.8762,0.955,0.9375,0.9162,0.9307,0.9361,0.9355,0.9299,0.8114,0.8689,0.8908,0.899,0.8979,0.8893,0.921,0.954,0.9624,0.9655,0.9652,0.962,0,1,1,1,1,1,0.9455,M
19755,St John's Lutheran School,67,0.98,0.9388,0.9955,0.9851,0.9746,0.9794,0.9811,0.9809,0.9791,0.8977,0.9365,0.9479,0.952,0.9515,0.9472,0.9805,0.9979,0.9985,0.9987,0.9987,0.9985,0,1,1,1,1,1,0.0775,H
19757,St. Joseph Elementary School,36,0.9319,0.9062,0.9323,0.9444,0.9158,0.9305,0.9359,0.9353,0.9296,0.8523,0.9011,0.918,0.9244,0.9236,0.9172,0.8887,0.9295,0.9419,0.9465,0.946,0.9413,0,1,1,1,1,1,1,M
19760,St. Juliana Falconieri,36,0.972,0.9615,0.9818,0.9444,0.9728,0.9779,0.9798,0.9796,0.9777,0.9304,0.9611,0.9682,0.9707,0.9705,0.9678,0.9602,0.9831,0.9864,0.9875,0.9874,0.9862,0,1,1,1,1,1,0,H
19761,St. Junipero Serra Catholic School,94,0.994,0.989,0.9968,0.9787,0.9963,0.9972,0.9974,0.9974,0.9972,0.971,0.9909,0.9928,0.9934,0.9934,0.9927,0.9826,0.9993,0.9997,0.9997,0.9997,0.9997,0,1,1,1,1,1,0,H
19762,St. Justin Martyr,35,0.9775,0.9694,0.989,0.9429,0.9811,0.9847,0.986,0.9859,0.9845,0.9421,0.9697,0.9753,0.9773,0.9771,0.975,0.9709,0.9909,0.9928,0.9934,0.9934,0.9927,0,1,1,1,1,1,0,H
19764,St. Margaret's Episcopal School,60,0.9853,0.9667,0.9926,0.9833,0.9826,0.986,0.9871,0.987,0.9858,0.9381,0.9667,0.9729,0.9751,0.9749,0.9725,0.9763,0.9948,0.996,0.9964,0.9963,0.996,0,1,1,1,1,1,0,H
19768,St. Mary's School,60,0.8032,0.7025,0.7898,0.9833,0.7313,0.7696,0.7847,0.7829,0.7673,0.5957,0.684,0.7263,0.7433,0.7415,0.724,0.7003,0.7764,0.8098,0.8228,0.8214,0.8079,0,1,1,1,1,1,1,L
19776,St Norbert,27,0.9925,0.9917,0.997,0.963,0.9978,0.9985,0.9986,0.9986,0.9985,0.9748,0.9938,0.9952,0.9956,0.9955,0.9951,0.9828,0.9995,0.9999,0.9999,0.9999,0.9999,0,1,1,1,1,1,0,H
19777,St. Norbert Catholic School,24,0.9919,0.9924,0.997,0.9583,0.9981,0.9986,0.9988,0.9988,0.9986,0.976,0.9946,0.9958,0.9962,0.9962,0.9958,0.9828,0.9995,0.9999,0.9999,0.9999,0.9999,0,1,1,1,1,1,0,H
19782,St. Paul's Lutheran Church and School,,0.9913,0.9788,0.9967,0.9744,0.9934,0.9949,0.9953,0.9953,0.9948,0.9559,0.9799,0.9837,0.985,0.9849,0.9835,0.9825,0.9993,0.9997,0.9997,0.9997,0.9997,1,1,1,1,1,1,0,H
19786,St. Pius V Catholic School,42,0.9857,0.9884,0.9968,0.9286,0.9963,0.9973,0.9975,0.9975,0.9972,0.9701,0.9903,0.9923,0.9929,0.9929,0.9922,0.9826,0.9994,0.9998,0.9998,0.9998,0.9998,0,1,1,1,1,1,0,H
19787,St. Polycarp Elementary School,20,0.8275,0.9706,0.9849,0.05,0.9793,0.9833,0.9846,0.9845,0.9831,0.9437,0.971,0.9765,0.9784,0.9781,0.9761,0.9649,0.9864,0.9892,0.9901,0.99,0.9891,0,1,1,1,1,1,0,L
19788,St. Simon And St. Jude Elementary School,65,0.9897,0.9752,0.9953,0.9846,0.9886,0.9909,0.9917,0.9916,0.9908,0.9506,0.9759,0.9805,0.9821,0.9819,0.9803,0.9803,0.9977,0.9984,0.9985,0.9985,0.9984,0,1,1,1,1,1,0,H
19794,Stanford Elementary School,85,0.9773,0.9616,0.9816,0.9765,0.9726,0.9778,0.9796,0.9794,0.9775,0.9307,0.9612,0.9684,0.971,0.9706,0.968,0.96,0.9829,0.9862,0.9874,0.9873,0.9861,0,1,1,1,1,1,0,H
19798,Star View Elementary School,76,0.9947,0.9936,0.997,0.9737,0.9985,0.999,0.9991,0.9991,0.999,0.9777,0.9958,0.9968,0.9971,0.9971,0.9968,0.9829,0.9996,0.9999,0.9999,0.9999,0.9999,0,1,1,1,1,1,0,H
19806,Stepping Stones School,20,0.9788,0.9728,0.9864,0.95,0.9812,0.9848,0.9861,0.9859,0.9846,0.947,0.9733,0.9783,0.9801,0.9799,0.9781,0.967,0.9881,0.9905,0.9913,0.9912,0.9903,0,1,1,1,1,1,0,H
19807,Stepping Stones Academy,30,0.9641,0.9388,0.984,0.9333,0.9642,0.9708,0.9732,0.9729,0.9704,0.898,0.9365,0.9478,0.952,0.9515,0.9471,0.9634,0.9854,0.9883,0.9893,0.9892,0.9882,0,1,1,1,1,1,0.1055,H
19814,Steve Luther Elementary School,68,0.984,0.9709,0.9864,0.9853,0.9803,0.9841,0.9854,0.9853,0.9839,0.9441,0.9713,0.9767,0.9786,0.9784,0.9764,0.9672,0.9881,0.9905,0.9913,0.9912,0.9904,0,1,1,1,1,1,0,H
19815,Stoddard (Alexander J.) Elementary School,113,0.9946,0.985,0.9965,0.9912,0.9941,0.9954,0.9958,0.9958,0.9954,0.9649,0.9866,0.9893,0.9902,0.9901,0.9891,0.9821,0.999,0.9994,0.9995,0.9995,0.9994,0,1,1,1,1,1,0,H
19816,Stone Creek Elementary School,45,0.9881,0.9849,0.9959,0.9556,0.9933,0.9948,0.9952,0.9952,0.9947,0.9648,0.9864,0.9891,0.99,0.9899,0.989,0.9811,0.9983,0.9989,0.999,0.999,0.9989,0,1,1,1,1,1,0,H
19818,Stonegate Elementary School,137,0.9702,0.9453,0.9714,0.9927,0.9586,0.9662,0.969,0.9687,0.9658,0.907,0.9435,0.9537,0.9574,0.957,0.9532,0.9451,0.9718,0.9771,0.979,0.9788,0.9768,0,1,1,1,1,1,0.0905,H
19819,Stoneybrooke Christian Schools,46,0.9811,0.9752,0.9873,0.9565,0.983,0.9863,0.9874,0.9873,0.9861,0.9504,0.9759,0.9805,0.9821,0.9819,0.9803,0.9684,0.9891,0.9913,0.992,0.9919,0.9912,0,1,1,1,1,1,0,H
19825,Storybook Preschool & Private,,0.9804,0.9679,0.9907,0.9581,0.9815,0.9851,0.9863,0.9862,0.9849,0.9398,0.9681,0.9741,0.9762,0.9759,0.9737,0.9734,0.9927,0.9943,0.9947,0.9947,0.9942,1,1,1,1,1,1,0,H
19826,Stratford School,30,0.9697,0.9641,0.9785,0.9333,0.9721,0.9773,0.9792,0.979,0.9771,0.9345,0.964,0.9707,0.9731,0.9728,0.9703,0.9554,0.9795,0.9834,0.9848,0.9846,0.9832,0,1,1,1,1,1,0,H
19832,sun view elementary,36,0.9877,0.9854,0.9968,0.9444,0.9953,0.9964,0.9967,0.9967,0.9964,0.9654,0.987,0.9896,0.9905,0.9904,0.9895,0.9826,0.9994,0.9997,0.9998,0.9997,0.9997,0,1,1,1,1,1,0,H
19835,Sunflower Montessori School,12,0.9267,0.9784,0.9968,0.5833,0.9942,0.9955,0.9959,0.9958,0.9954,0.9554,0.9794,0.9834,0.9847,0.9846,0.9832,0.9826,0.9994,0.9997,0.9998,0.9997,0.9997,0,1,1,1,1,1,3e-04,M
19839,Sunflower Preschool & Kindergarten,,0.9947,0.9895,0.9969,0.9794,0.997,0.9978,0.998,0.998,0.9978,0.9716,0.9914,0.9932,0.9938,0.9937,0.9931,0.9828,0.9995,0.9998,0.9998,0.9998,0.9998,1,1,1,1,1,1,0,H
19840,Sunkist Elementary School,151,0.9952,0.9921,0.9969,0.9801,0.9977,0.9983,0.9985,0.9985,0.9983,0.9754,0.9942,0.9955,0.9959,0.9959,0.9955,0.9827,0.9995,0.9998,0.9998,0.9998,0.9998,0,1,1,1,1,1,0,H
19843,Sunnyside Elementary School,78,0.9185,0.8377,0.9472,0.9615,0.8931,0.9111,0.9179,0.9172,0.9101,0.7601,0.8274,0.855,0.8656,0.8644,0.8534,0.9103,0.9458,0.9554,0.9591,0.9587,0.9549,0,1,1,1,1,1,0.9822,M
19845,Sunset Lane Elementary School,112,0.9732,0.9521,0.9741,0.9911,0.9634,0.9702,0.9726,0.9723,0.9698,0.9168,0.9508,0.9598,0.963,0.9626,0.9592,0.9488,0.9747,0.9795,0.9812,0.981,0.9792,0,1,1,1,1,1,0.01,H
19850,surf city christian child development preschool,,0.9924,0.9859,0.9965,0.976,0.9946,0.9958,0.9962,0.9961,0.9958,0.9662,0.9876,0.9901,0.9909,0.9908,0.99,0.9821,0.9991,0.9995,0.9995,0.9995,0.9995,1,1,1,1,1,1,0,H
19852,Susan B. Anthony Elementary School,49,0.9568,0.932,0.9637,0.9592,0.9475,0.957,0.9605,0.9601,0.9565,0.8884,0.9292,0.9416,0.9462,0.9456,0.9409,0.9337,0.9635,0.9701,0.9726,0.9723,0.9697,0,1,1,1,1,1,0.5308,H
19855,svusd virtual academy (alternative),24,0.8621,0.6921,0.9276,0.9583,0.8166,0.8447,0.8556,0.8543,0.8431,0.5844,0.6724,0.7162,0.7332,0.7315,0.7135,0.8825,0.9243,0.9377,0.9426,0.942,0.9369,0,1,1,1,1,1,0.9965,L
19857,Sycamore Elementary School,40,0.9759,0.9593,0.9902,0.95,0.977,0.9814,0.9829,0.9828,0.9812,0.9272,0.9586,0.9663,0.969,0.9687,0.9658,0.9727,0.9922,0.9938,0.9943,0.9943,0.9938,0,1,1,1,1,1,0.001,H
19858,Sycamore Creek Community Charter,24,0.9896,0.9827,0.9968,0.9583,0.9947,0.9959,0.9963,0.9962,0.9959,0.9615,0.984,0.9872,0.9882,0.9881,0.987,0.9826,0.9993,0.9997,0.9997,0.9997,0.9997,0,1,1,1,1,1,0,H
19861,Sycamore Magnet Academy,89,0.6466,0.3921,0.7119,0.9775,0.5341,0.583,0.6036,0.6012,0.58,0.2877,0.3668,0.4152,0.4365,0.4342,0.4126,0.6074,0.6934,0.7357,0.7525,0.7505,0.7331,0,1,1,1,1,1,1,L
19863,Taft Elementary School,66,0.9909,0.978,0.9969,0.9697,0.994,0.9953,0.9957,0.9957,0.9953,0.9546,0.979,0.983,0.9844,0.9842,0.9828,0.9827,0.9994,0.9998,0.9998,0.9998,0.9998,0,1,1,1,1,1,5e-04,H
19872,Tamura (Hisamatsu) Elementary School,114,0.9507,0.918,0.9484,0.9912,0.9314,0.9435,0.948,0.9475,0.9428,0.8685,0.9139,0.9288,0.9345,0.9338,0.928,0.9117,0.9469,0.9565,0.96,0.9596,0.956,0,1,1,1,1,1,0.9855,H
19874,Tarbut V'torah Community Day School,68,0.8836,0.6742,0.9558,0.9853,0.8402,0.8649,0.8745,0.8734,0.8635,0.5649,0.6541,0.6985,0.7167,0.7147,0.6963,0.922,0.9549,0.9632,0.9662,0.9659,0.9627,0,1,1,1,1,1,0.962,L
19886,Theodore Roosevelt Elementary School,107,0.9324,0.8756,0.9398,0.9907,0.9057,0.9219,0.9279,0.9272,0.921,0.811,0.8683,0.8901,0.8984,0.8974,0.8889,0.8991,0.9376,0.9486,0.9527,0.9523,0.948,0,1,1,1,1,1,0.9965,M
19888,Thomas A. Edison Elementary School,68,0.9662,0.9546,0.9692,0.9559,0.9618,0.9688,0.9714,0.9711,0.9684,0.9204,0.9535,0.962,0.9651,0.9647,0.9615,0.9417,0.9694,0.9752,0.9772,0.977,0.9749,0,1,1,1,1,1,5e-04,H
19889,the thomas academy,,0.9447,0.9279,0.9594,0.9063,0.9428,0.9531,0.9568,0.9564,0.9525,0.8826,0.9246,0.9379,0.9429,0.9424,0.9373,0.9276,0.9589,0.9664,0.969,0.9687,0.9659,1,1,1,1,1,1,0.7515,M
19891,Thomas Paine Elementary School,85,0.9752,0.9584,0.9791,0.9765,0.9697,0.9753,0.9774,0.9771,0.975,0.9262,0.9577,0.9654,0.9683,0.968,0.9651,0.9563,0.9801,0.984,0.9853,0.9851,0.9837,0,1,1,1,1,1,5e-04,H
19895,Tijeras Creek Elementary School,72,0.9803,0.9623,0.9844,0.9861,0.9748,0.9796,0.9812,0.9811,0.9793,0.9317,0.962,0.969,0.9716,0.9713,0.9686,0.9641,0.9858,0.9887,0.9896,0.9895,0.9886,0,1,1,1,1,1,3e-04,H
19899,Tomorrow's Leadership Collaborative (TLC) Charter,64,0.9855,0.9833,0.9965,0.9375,0.9939,0.9953,0.9957,0.9956,0.9952,0.9625,0.9847,0.9877,0.9888,0.9887,0.9876,0.982,0.999,0.9994,0.9995,0.9995,0.9994,0,1,1,1,1,1,0,H
19900,Top Of The World Elementary School,76,0.9636,0.9386,0.9687,0.9737,0.9538,0.9622,0.9653,0.9649,0.9618,0.8977,0.9362,0.9476,0.9519,0.9514,0.9471,0.9411,0.9689,0.9747,0.9767,0.9764,0.9743,0,1,1,1,1,1,0.245,H
19901,Topaz Elementary School,73,0.939,0.906,0.938,0.9726,0.9191,0.9332,0.9385,0.9379,0.9324,0.8518,0.9009,0.9179,0.9243,0.9236,0.917,0.8971,0.9357,0.9471,0.9513,0.9507,0.9463,0,1,1,1,1,1,0.9995,M
19904,Towne And Country Early Education Center,12,0.9855,0.9672,0.987,1,0.9789,0.9829,0.9843,0.9842,0.9827,0.9388,0.9672,0.9733,0.9756,0.9754,0.9731,0.9679,0.9887,0.991,0.9918,0.9917,0.9909,0,1,1,1,1,1,0,H
19905,Trabuco Elementary School,10,0.8991,0.9333,0.968,0.6,0.9506,0.9595,0.9628,0.9624,0.9591,0.8903,0.9305,0.9428,0.9473,0.9468,0.9421,0.9399,0.9682,0.9741,0.9762,0.976,0.9738,0,1,1,1,1,1,0.4008,L
19907,Trabuco Mesa Elementary School,74,0.9615,0.953,0.9837,0.8919,0.9702,0.9758,0.9778,0.9776,0.9755,0.9183,0.9519,0.9606,0.9638,0.9634,0.9601,0.963,0.9851,0.9881,0.9891,0.989,0.9879,0,1,1,1,1,1,0.0127,H
19908,Travis Ranch School,113,0.9809,0.9168,0.9957,0.9912,0.9744,0.9792,0.9809,0.9807,0.9789,0.8673,0.9126,0.9278,0.9334,0.9328,0.9269,0.9808,0.9981,0.9987,0.9988,0.9988,0.9987,0,1,1,1,1,1,0.1095,H
19914,Trinity Lutheran Christian,28,0.7155,0.5796,0.706,0.9643,0.6219,0.6685,0.6875,0.6853,0.6657,0.464,0.5562,0.6057,0.6267,0.6241,0.6027,0.6007,0.6876,0.7298,0.7466,0.7448,0.7271,0,1,1,1,1,1,1,L
19920,Truman Benedict Elementary School,99,0.9815,0.9692,0.984,0.9798,0.978,0.9822,0.9837,0.9835,0.982,0.9418,0.9694,0.9751,0.9771,0.9769,0.9748,0.9635,0.9855,0.9884,0.9894,0.9893,0.9883,0,1,1,1,1,1,0,H
19922,turtle rock elementary,96,0.9218,0.867,0.9394,0.9479,0.9007,0.9177,0.9241,0.9233,0.9167,0.7992,0.8588,0.8822,0.8911,0.89,0.881,0.8988,0.937,0.9481,0.9522,0.9517,0.9475,0,1,1,1,1,1,0.9975,M
19923,Turtle Rock Private Kindergarten,25,0.9432,0.917,0.9438,0.96,0.928,0.9407,0.9454,0.9449,0.94,0.8674,0.913,0.928,0.9336,0.9329,0.9271,0.9051,0.9419,0.9523,0.9561,0.9557,0.9517,0,1,1,1,1,1,0.9988,M
19926,tustin connect center,,0.9701,0.9565,0.9817,0.9431,0.9704,0.9759,0.9779,0.9777,0.9756,0.9234,0.9557,0.9637,0.9666,0.9662,0.9632,0.9602,0.9831,0.9864,0.9875,0.9873,0.9862,1,1,1,1,1,1,0.0035,H
19930,Tustin Memorial Elementary School,87,0.9854,0.9725,0.9915,0.977,0.9842,0.9873,0.9884,0.9883,0.9872,0.9465,0.9729,0.978,0.9798,0.9796,0.9778,0.9747,0.9936,0.995,0.9954,0.9954,0.9949,0,1,1,1,1,1,0,H
19933,Tustin Ranch Elementary School,93,0.9777,0.9397,0.9934,0.9785,0.9728,0.9779,0.9797,0.9795,0.9776,0.8991,0.9373,0.9486,0.9527,0.9522,0.948,0.9774,0.9956,0.9967,0.9969,0.9969,0.9966,0,1,1,1,1,1,0.0695,H
19934,Tutor Time,12,0.9948,0.983,0.9956,1,0.9922,0.9939,0.9944,0.9943,0.9938,0.9619,0.9844,0.9875,0.9885,0.9884,0.9873,0.9808,0.9981,0.9987,0.9988,0.9988,0.9987,0,1,1,1,1,1,0,H
19954,tvt community day school,78,0.9644,0.92,0.982,0.9744,0.9548,0.9631,0.966,0.9657,0.9626,0.8713,0.916,0.9306,0.9361,0.9355,0.9299,0.9605,0.9833,0.9866,0.9877,0.9876,0.9864,0,1,1,1,1,1,0.321,H
19955,Twila Reid Elementary School,97,0.9798,0.9283,0.9959,0.9691,0.9781,0.9822,0.9837,0.9835,0.982,0.8833,0.9251,0.9383,0.9432,0.9427,0.9376,0.9813,0.9984,0.9989,0.999,0.999,0.9989,0,1,1,1,1,1,0.0808,H
19975,University Montessori Of Irvine,28,0.9803,0.9682,0.9877,0.9643,0.98,0.9838,0.9852,0.985,0.9836,0.9403,0.9683,0.9742,0.9763,0.9761,0.9739,0.9691,0.9895,0.9916,0.9923,0.9923,0.9915,0,1,1,1,1,1,0,H
19977,University Park Elementary School,85,0.9877,0.9789,0.9921,0.9765,0.9877,0.9902,0.991,0.9909,0.9901,0.956,0.98,0.9838,0.9852,0.985,0.9836,0.9754,0.9942,0.9955,0.9959,0.9958,0.9954,0,1,1,1,1,1,0,H
19982,Valencia Elementary School,82,0.9649,0.9392,0.9703,0.9756,0.9552,0.9634,0.9663,0.966,0.9629,0.8986,0.9369,0.9481,0.9523,0.9518,0.9476,0.9431,0.9705,0.9761,0.9781,0.9778,0.9758,0,1,1,1,1,1,0.2195,H
19985,Valencia Park Elementary School,75,0.9595,0.9259,0.9641,0.9867,0.9448,0.9548,0.9584,0.958,0.9542,0.8798,0.9225,0.936,0.941,0.9404,0.9352,0.9344,0.9638,0.9705,0.9729,0.9727,0.9702,0,1,1,1,1,1,0.6295,H
19989,Van Buren Elementary School,93,0.9471,0.9141,0.948,0.9785,0.9292,0.9417,0.9463,0.9458,0.941,0.8634,0.9099,0.9254,0.9312,0.9305,0.9245,0.9111,0.9465,0.9561,0.9596,0.9592,0.9555,0,1,1,1,1,1,0.9872,M
19990,Vandamme Academy,15,0.9789,0.9506,0.984,1,0.9693,0.9751,0.9771,0.9769,0.9748,0.9146,0.9492,0.9584,0.9617,0.9613,0.9579,0.9637,0.9855,0.9884,0.9894,0.9892,0.9882,0,1,1,1,1,1,0.023,H
19998,Vibrant Minds Charter,55,0.9906,0.9796,0.9952,0.9818,0.9905,0.9925,0.9931,0.9931,0.9924,0.957,0.9806,0.9844,0.9857,0.9856,0.9842,0.9801,0.9976,0.9983,0.9984,0.9984,0.9983,0,1,1,1,1,1,0,H
19999,Victoria Elementary School,45,0.9865,0.9805,0.9952,0.9556,0.991,0.9928,0.9934,0.9934,0.9928,0.9582,0.9816,0.9852,0.9864,0.9863,0.985,0.9802,0.9977,0.9983,0.9985,0.9985,0.9983,0,1,1,1,1,1,0,H
20000,Viejo Elementary School,102,0.9682,0.9498,0.9716,0.9706,0.9611,0.9683,0.9708,0.9705,0.9679,0.9137,0.9483,0.9577,0.9611,0.9607,0.9571,0.9452,0.972,0.9773,0.9791,0.9789,0.977,0,1,1,1,1,1,0.0272,H
20002,Villa Park Elementary School,106,0.9424,0.842,0.9824,0.9906,0.9199,0.9337,0.9389,0.9383,0.9329,0.7651,0.8316,0.8591,0.8692,0.8678,0.8571,0.961,0.9836,0.9869,0.9879,0.9879,0.9868,0,1,1,1,1,1,0.742,M
20007,Village Montessori of Irvine School,26,0.8887,0.7941,0.9141,0.9615,0.8517,0.8757,0.8849,0.8838,0.8744,0.7048,0.7807,0.8139,0.8269,0.8253,0.8119,0.8635,0.9099,0.9253,0.9311,0.9304,0.9243,0,1,1,1,1,1,1,L
20010,Village View Elementary School,80,0.9771,0.9636,0.9803,0.975,0.9728,0.9779,0.9798,0.9796,0.9777,0.9335,0.9633,0.9701,0.9726,0.9723,0.9698,0.958,0.9814,0.9851,0.9863,0.9861,0.9848,0,1,1,1,1,1,0,H
20015,Vineyard Christian School,22,0.9544,0.9637,0.9875,0.8182,0.9777,0.982,0.9835,0.9833,0.9818,0.9338,0.9634,0.9701,0.9726,0.9723,0.9697,0.9688,0.9893,0.9914,0.9922,0.9921,0.9913,0,1,1,1,1,1,3e-04,H
20018,Vista Condor Global Academy,54,0.8659,0.795,0.8576,0.9815,0.8159,0.8448,0.8559,0.8546,0.8431,0.7064,0.7818,0.8147,0.8275,0.8259,0.8127,0.7868,0.8488,0.8734,0.8828,0.8818,0.8722,0,1,1,1,1,1,1,L
20019,Vista Del Mar Elementary School,83,0.8739,0.6511,0.9714,0.9759,0.8292,0.8552,0.8652,0.864,0.8536,0.5386,0.63,0.6763,0.6949,0.6924,0.6727,0.9452,0.9717,0.9771,0.979,0.9789,0.9769,0,1,1,1,1,1,0.937,L
20026,Vista Verde K-8 School,,0.9862,0.978,0.9929,0.9668,0.9879,0.9903,0.9911,0.991,0.9902,0.9547,0.979,0.983,0.9844,0.9842,0.9828,0.9767,0.9952,0.9963,0.9966,0.9966,0.9962,1,1,1,1,1,1,0,H
20031,W. R. Nelson Elementary School,93,0.7385,0.6351,0.701,0.9785,0.648,0.6931,0.7114,0.7093,0.6904,0.5211,0.6129,0.6605,0.6799,0.6776,0.6577,0.5945,0.682,0.7249,0.7419,0.7402,0.7225,0,1,1,1,1,1,1,L
20033,Wagon Wheel Elementary School,81,0.9454,0.9166,0.9432,0.9753,0.9276,0.9404,0.9451,0.9446,0.9397,0.8666,0.9123,0.9276,0.9333,0.9327,0.9268,0.9041,0.9412,0.9518,0.9556,0.9552,0.9512,0,1,1,1,1,1,0.9995,M
20034,Wakeham Elementary School,51,0.956,0.9263,0.9588,0.9804,0.9413,0.9518,0.9557,0.9552,0.9513,0.8802,0.9229,0.9365,0.9416,0.941,0.9357,0.9268,0.9581,0.9658,0.9686,0.9683,0.9654,0,1,1,1,1,1,0.787,H
20035,Waldorf School Of Orange County,29,0.9864,0.9796,0.9927,0.9655,0.9884,0.9908,0.9915,0.9914,0.9906,0.957,0.9807,0.9844,0.9857,0.9856,0.9842,0.9763,0.9949,0.996,0.9964,0.9963,0.996,0,1,1,1,1,1,0,H
20036,walker elementary,77,0.983,0.9714,0.9877,0.974,0.9814,0.985,0.9863,0.9861,0.9849,0.9449,0.9717,0.977,0.9789,0.9786,0.9767,0.9689,0.9894,0.9916,0.9923,0.9923,0.9915,0,1,1,1,1,1,0,H
20039,Wallace R. Davis Elementary School,81,0.9766,0.9621,0.9803,0.9753,0.972,0.9773,0.9792,0.9789,0.977,0.9315,0.9617,0.9688,0.9713,0.971,0.9684,0.958,0.9815,0.9851,0.9863,0.9862,0.9849,0,1,1,1,1,1,0,H
20041,Walnut Elementary School,80,0.758,0.6343,0.7496,0.975,0.674,0.7172,0.7345,0.7325,0.7146,0.5204,0.6126,0.66,0.6794,0.6768,0.6568,0.6515,0.7335,0.7717,0.7865,0.7847,0.7691,0,1,1,1,1,1,1,L
20042,Walt Disney Elementary School,75,0.9777,0.9532,0.9799,1,0.9676,0.9737,0.9758,0.9756,0.9734,0.9185,0.952,0.9608,0.9639,0.9635,0.9602,0.9573,0.981,0.9847,0.986,0.9858,0.9845,0,1,1,1,1,1,0.0125,H
20050,Washington Elementary School,81,0.9736,0.9502,0.9822,0.9753,0.9678,0.9738,0.9759,0.9757,0.9734,0.9141,0.9486,0.9579,0.9613,0.9611,0.9575,0.9608,0.9835,0.9867,0.9878,0.9877,0.9866,0,1,1,1,1,1,0.0245,H
20054,Webber Elementary School,81,0.9719,0.9551,0.9744,0.9753,0.9652,0.9717,0.974,0.9737,0.9713,0.9214,0.9542,0.9625,0.9655,0.9652,0.962,0.9493,0.975,0.9798,0.9814,0.9812,0.9795,0,1,1,1,1,1,0.003,H
20059,West Orange Elementary School,77,0.9446,0.9021,0.9535,0.974,0.9267,0.9396,0.9444,0.9439,0.9389,0.8466,0.8967,0.9144,0.9212,0.9205,0.9136,0.919,0.9524,0.961,0.9642,0.9638,0.9605,0,1,1,1,1,1,0.9498,M
20075,Westmont Elementary School,125,0.9681,0.917,0.9869,0.992,0.9559,0.9639,0.9668,0.9665,0.9635,0.8674,0.9128,0.9279,0.9336,0.9329,0.9271,0.9677,0.9886,0.9909,0.9917,0.9916,0.9909,0,1,1,1,1,1,0.3238,H
20078,Westpark Elementary School,122,0.9447,0.9038,0.949,0.9836,0.9246,0.9378,0.9427,0.9422,0.9371,0.8488,0.8986,0.916,0.9225,0.9217,0.915,0.9123,0.9475,0.957,0.9604,0.96,0.9564,0,1,1,1,1,1,0.9818,M
20080,Westpark Montessori School Of Irvine,25,0.9792,0.9699,0.9856,0.96,0.9794,0.9834,0.9847,0.9846,0.9832,0.9427,0.9702,0.9758,0.9777,0.9775,0.9754,0.9659,0.9872,0.9898,0.9907,0.9906,0.9897,0,1,1,1,1,1,0,H
20081,Whittier Elementary School,77,0.9774,0.9181,0.9957,0.974,0.9735,0.9784,0.9802,0.98,0.9782,0.8683,0.9138,0.929,0.9345,0.9339,0.9281,0.9809,0.9982,0.9988,0.9989,0.9989,0.9987,0,1,1,1,1,1,0.1345,H
20090,Willmore Elementary School,115,0.9947,0.9839,0.9966,0.9913,0.9942,0.9955,0.9959,0.9958,0.9954,0.9634,0.9853,0.9882,0.9892,0.9891,0.988,0.9822,0.9991,0.9995,0.9996,0.9996,0.9995,0,1,1,1,1,1,0,H
20094,Wilson Elementary School,94,0.9653,0.9405,0.9693,0.9787,0.955,0.9632,0.9662,0.9659,0.9628,0.9004,0.9384,0.9494,0.9534,0.953,0.9488,0.9418,0.9695,0.9752,0.9773,0.9771,0.9749,0,1,1,1,1,1,0.2062,H
20101,Wood Canyon Elementary School,95,0.8047,0.6973,0.799,0.9789,0.7343,0.7722,0.7872,0.7855,0.77,0.591,0.6786,0.7211,0.7384,0.7362,0.7183,0.7118,0.7861,0.8187,0.8314,0.8299,0.817,0,1,1,1,1,1,1,L
20106,Woodbury Elementary School,143,0.9838,0.9519,0.9935,0.993,0.9781,0.9823,0.9837,0.9836,0.9821,0.9166,0.9507,0.9596,0.9628,0.9625,0.9591,0.9777,0.9958,0.9968,0.9971,0.9971,0.9968,0,1,1,1,1,1,0.0173,H
20108,Woodcrest Elementary School,57,0.9874,0.974,0.9923,0.9825,0.9858,0.9886,0.9895,0.9894,0.9885,0.9489,0.9746,0.9794,0.9812,0.981,0.9792,0.9759,0.9945,0.9958,0.9961,0.9961,0.9957,0,1,1,1,1,1,0,H
20111,Woodland Elementary School,193,0.9643,0.9119,0.988,0.9741,0.9547,0.9629,0.9659,0.9655,0.9625,0.8602,0.9073,0.9233,0.9293,0.9287,0.9225,0.9693,0.9898,0.9919,0.9926,0.9925,0.9918,0,1,1,1,1,1,0.3488,H
20113,Woodsboro Elementary School,83,0.8467,0.6283,0.9295,0.9759,0.7922,0.8228,0.8348,0.8334,0.821,0.5121,0.6055,0.6537,0.6736,0.6714,0.6512,0.885,0.9264,0.9394,0.9443,0.9437,0.9388,0,1,1,1,1,1,0.994,L
20131,Zion Lutheran Elementary School,20,0.9131,0.79,0.9633,0.95,0.8884,0.907,0.9139,0.9131,0.9059,0.7005,0.776,0.8101,0.8231,0.8215,0.8081,0.9335,0.9631,0.9698,0.9723,0.972,0.9695,0,1,1,1,1,1,0.9182,M
38450,,,0.6731,0.4304,0.8575,0.5697,0.6541,0.6963,0.7134,0.7114,0.6937,0.3207,0.4046,0.4549,0.4773,0.4745,0.4521,0.787,0.8489,0.8733,0.883,0.8819,0.8723,1,1,1,1,1,1,1,L
38458,,,0.9786,0.969,0.9869,0.9555,0.9795,0.9835,0.9849,0.9847,0.9833,0.9413,0.9692,0.975,0.977,0.9768,0.9746,0.9677,0.9886,0.9909,0.9917,0.9916,0.9908,1,1,1,1,1,1,0,H
38459,,,0.9902,0.9742,0.9966,0.9726,0.9921,0.9938,0.9943,0.9943,0.9937,0.9491,0.9747,0.9796,0.9813,0.9811,0.9794,0.9823,0.9991,0.9995,0.9996,0.9996,0.9995,1,1,1,1,1,1,5e-04,H
38470,,,0.9539,0.9405,0.9653,0.9195,0.9528,0.9614,0.9645,0.9642,0.9609,0.9002,0.9383,0.9493,0.9533,0.9528,0.9486,0.9362,0.9653,0.9716,0.9739,0.9737,0.9713,1,1,1,1,1,1,0.2618,H
38487,,,0.9761,0.9632,0.9867,0.9518,0.9769,0.9813,0.9828,0.9826,0.981,0.933,0.9629,0.9699,0.9724,0.9721,0.9696,0.9674,0.9884,0.9907,0.9915,0.9914,0.9906,1,1,1,1,1,1,3e-04,H
38501,,,0.9758,0.969,0.9817,0.9513,0.9765,0.981,0.9826,0.9824,0.9808,0.9414,0.9692,0.9749,0.977,0.9767,0.9746,0.9601,0.983,0.9863,0.9874,0.9873,0.9861,1,1,1,1,1,1,0,H
38504,,,0.7373,0.4765,0.9146,0.6437,0.7216,0.7582,0.7729,0.7712,0.756,0.3632,0.4512,0.5016,0.5227,0.5197,0.4973,0.8642,0.9105,0.9259,0.9316,0.9309,0.9249,1,1,1,1,1,1,0.9962,L
38507,,,0.9499,0.9301,0.967,0.9138,0.9484,0.9578,0.9612,0.9608,0.9572,0.8854,0.927,0.9399,0.9446,0.9441,0.9392,0.9387,0.967,0.9732,0.9753,0.9751,0.9728,1,1,1,1,1,1,0.4855,M
38518,,,0.9629,0.9249,0.9899,0.9327,0.9625,0.9694,0.9719,0.9716,0.969,0.8785,0.9215,0.9351,0.9402,0.9396,0.9343,0.9721,0.9919,0.9936,0.9942,0.9941,0.9936,1,1,1,1,1,1,0.221,H
38542,,,0.9747,0.9336,0.9953,0.95,0.9754,0.98,0.9817,0.9815,0.9798,0.891,0.9308,0.943,0.9476,0.9471,0.9424,0.9804,0.9978,0.9984,0.9986,0.9985,0.9984,1,1,1,1,1,1,0.0877,H
38546,,,0.9718,0.9576,0.9835,0.9455,0.9722,0.9774,0.9793,0.9791,0.9772,0.9247,0.9569,0.9648,0.9676,0.9673,0.9644,0.9627,0.9849,0.9879,0.9889,0.9888,0.9878,1,1,1,1,1,1,0.003,H
38549,,,0.9805,0.9708,0.9888,0.9584,0.9817,0.9852,0.9865,0.9863,0.9851,0.9441,0.9712,0.9765,0.9785,0.9783,0.9763,0.9706,0.9906,0.9926,0.9932,0.9931,0.9925,1,1,1,1,1,1,0,H
38554,,,0.9567,0.9418,0.9697,0.9235,0.9558,0.9639,0.9668,0.9665,0.9634,0.9022,0.9398,0.9506,0.9545,0.954,0.9499,0.9422,0.9698,0.9755,0.9776,0.9773,0.9752,1,1,1,1,1,1,0.1698,H
38567,,,0.9805,0.9593,0.9947,0.9584,0.9817,0.9852,0.9864,0.9863,0.985,0.9272,0.9587,0.9663,0.969,0.9687,0.9658,0.9793,0.9971,0.9979,0.998,0.998,0.9978,1,1,1,1,1,1,0.0043,H
38584,,,0.9824,0.9599,0.9956,0.9612,0.9837,0.9869,0.988,0.9879,0.9867,0.9282,0.9594,0.9668,0.9695,0.9692,0.9664,0.9806,0.998,0.9986,0.9987,0.9987,0.9986,1,1,1,1,1,1,0.004,H
38626,,,0.9724,0.9516,0.9876,0.9464,0.9729,0.978,0.9798,0.9796,0.9777,0.9163,0.9503,0.9593,0.9625,0.9622,0.9587,0.9689,0.9894,0.9915,0.9922,0.9922,0.9914,1,1,1,1,1,1,0.0198,H
38643,,,0.9762,0.9662,0.9849,0.9519,0.977,0.9814,0.9829,0.9827,0.9811,0.9373,0.9661,0.9724,0.9747,0.9744,0.9721,0.9649,0.9865,0.9892,0.9901,0.99,0.989,1,1,1,1,1,1,0,H
38644,,,0.9632,0.9517,0.9733,0.933,0.9629,0.9697,0.9722,0.9719,0.9694,0.9164,0.9505,0.9595,0.9628,0.9624,0.959,0.9479,0.9739,0.9789,0.9806,0.9804,0.9786,1,1,1,1,1,1,0.0107,H
38656,,,0.9105,0.8147,0.972,0.8592,0.9059,0.9218,0.9278,0.9271,0.9209,0.7312,0.8028,0.8331,0.8446,0.8431,0.831,0.9457,0.9724,0.9776,0.9795,0.9793,0.9774,1,1,1,1,1,1,0.8532,M
