school_id,school_name,enrollment,coverage,coverage_ci_low,coverage_ci_high,coverage_K,coverage_1,coverage_2,coverage_3,coverage_4,coverage_5,coverage_ci_low_K,coverage_ci_low_1,coverage_ci_low_2,coverage_ci_low_3,coverage_ci_low_4,coverage_ci_low_5,coverage_ci_high_K,coverage_ci_high_1,coverage_ci_high_2,coverage_ci_high_3,coverage_ci_high_4,coverage_ci_high_5,prob_below_95,tier
25870,academy of arts and sciences: del mar elementary (k-5),14,0.9258,0.9884,0.9965,0.5714,0.9958,0.9968,0.9971,0.997,0.9968,0.97,0.9902,0.9923,0.9929,0.9928,0.9922,0.9821,0.999,0.9995,0.9995,0.9995,0.9995,0,M
25872,academy of arts and sciences: el cajon elementary (k-5),32,0.759,0.7636,0.9151,0.2188,0.8436,0.8688,0.8784,0.8773,0.8673,0.6688,0.7488,0.7851,0.7993,0.7975,0.7824,0.8647,0.9106,0.9263,0.9319,0.9313,0.9252,0.9998,L
25888,Adams Elementary School,68,0.9896,0.9482,0.9965,0.9853,0.9884,0.9907,0.9915,0.9914,0.9906,0.9113,0.9468,0.9563,0.9599,0.9595,0.9558,0.9821,0.999,0.9995,0.9995,0.9995,0.9995,0.0297,H
25889,Adobe Bluffs Elementary School,121,0.8828,0.8278,0.8634,0.9917,0.8366,0.8628,0.8728,0.8716,0.8612,0.7478,0.8168,0.8457,0.8568,0.8555,0.8442,0.7944,0.8551,0.8789,0.888,0.887,0.8777,1,L
25905,Alamosa Park Elementary School,103,0.82,0.7201,0.8147,0.9806,0.7541,0.7902,0.8043,0.8027,0.7881,0.6171,0.7026,0.7432,0.7596,0.7578,0.7411,0.7316,0.803,0.8332,0.8452,0.8438,0.8315,1,L
25907,albert einstein academies,143,0.9799,0.9626,0.9849,0.979,0.9759,0.9805,0.9821,0.9819,0.9802,0.9322,0.9623,0.9693,0.9718,0.9715,0.9689,0.9649,0.9864,0.9891,0.99,0.9899,0.989,3e-04,H
25908,Albert Einstein Academy Charter Middle,,0.9883,0.979,0.995,0.9698,0.9901,0.9921,0.9928,0.9927,0.992,0.956,0.98,0.9839,0.9852,0.985,0.9836,0.9799,0.9974,0.9981,0.9983,0.9983,0.9981,0,H
25909,Alcott Elementary School,50,0.9513,0.9096,0.9586,0.98,0.9348,0.9464,0.9507,0.9502,0.9458,0.8566,0.905,0.9213,0.9274,0.9267,0.9204,0.9263,0.9579,0.9657,0.9684,0.9681,0.9652,0.8588,H
25911,All Hallows Academy,29,0.848,0.7799,0.8326,0.9655,0.7951,0.8265,0.8387,0.8373,0.8247,0.6879,0.7658,0.8006,0.8143,0.8127,0.7987,0.7549,0.8222,0.8501,0.8609,0.8596,0.8484,1,L
25918,All Tribes Elementary Charter School,28,0.9413,0.9042,0.9478,0.9643,0.9242,0.9376,0.9425,0.942,0.9369,0.8491,0.8989,0.9163,0.9228,0.922,0.9153,0.9108,0.9462,0.956,0.9596,0.9592,0.9555,0.9832,M
25920,Allen (Ella B.) Elementary School,77,0.8638,0.7993,0.8502,0.974,0.8146,0.8437,0.8549,0.8536,0.842,0.7118,0.7863,0.819,0.8315,0.8301,0.8171,0.7768,0.841,0.8666,0.8764,0.8753,0.8651,1,L
25944,America's Finest Charter,35,0.9878,0.9877,0.9967,0.9429,0.9959,0.9969,0.9971,0.9971,0.9968,0.9689,0.9895,0.9916,0.9923,0.9922,0.9915,0.9824,0.9992,0.9996,0.9996,0.9996,0.9996,0,H
25951,Angier Elementary School,79,0.9911,0.9793,0.9964,0.9747,0.993,0.9946,0.995,0.995,0.9945,0.9565,0.9804,0.9842,0.9855,0.9854,0.984,0.982,0.999,0.9994,0.9995,0.9995,0.9994,0,H
25952,Anza Elementary School,124,0.9634,0.9414,0.9621,0.9839,0.951,0.9599,0.9632,0.9628,0.9595,0.9018,0.9392,0.9501,0.9542,0.9538,0.9496,0.9314,0.9617,0.9688,0.9713,0.971,0.9683,0.3335,H
25982,Arroyo Vista Charter School,133,0.9816,0.9431,0.9934,0.9925,0.975,0.9798,0.9814,0.9812,0.9795,0.9039,0.9411,0.9516,0.9555,0.955,0.951,0.9774,0.9956,0.9967,0.997,0.9969,0.9966,0.055,H
25989,Ashley Falls Elementary School,41,0.8552,0.7081,0.8974,0.9512,0.8083,0.838,0.8496,0.8481,0.8361,0.6027,0.6898,0.7316,0.7485,0.7465,0.7291,0.8408,0.892,0.9102,0.9172,0.9165,0.9093,1,L
25999,Audeo Charter School,38,0.9872,0.9847,0.9961,0.9474,0.994,0.9953,0.9957,0.9957,0.9953,0.9645,0.9863,0.989,0.99,0.9899,0.9889,0.9815,0.9986,0.9991,0.9992,0.9992,0.9991,0,H
26001,Audubon K-8,69,0.9485,0.9218,0.9421,0.9855,0.9296,0.942,0.9467,0.9461,0.9413,0.8739,0.918,0.9324,0.9378,0.9372,0.9317,0.9027,0.94,0.9508,0.9547,0.9543,0.9501,1,M
26004,Aviara Oaks Elementary School,93,0.9819,0.9539,0.9931,0.9785,0.9788,0.9829,0.9843,0.9841,0.9827,0.9196,0.9529,0.9614,0.9646,0.9642,0.9609,0.977,0.9953,0.9964,0.9967,0.9967,0.9963,0.0125,H
26006,Avocado Elementary School,106,0.9831,0.961,0.9913,0.9811,0.98,0.9839,0.9852,0.985,0.9837,0.9298,0.9605,0.9678,0.9704,0.9701,0.9674,0.9743,0.9934,0.9949,0.9953,0.9953,0.9948,5e-04,H
26007,Avondale Elementary School,49,0.9886,0.9839,0.996,0.9592,0.9931,0.9946,0.9951,0.995,0.9945,0.9634,0.9853,0.9882,0.9892,0.9891,0.9881,0.9813,0.9985,0.999,0.9991,0.9991,0.999,0,H
26010,Baker Elementary School,90,0.9904,0.9815,0.9949,0.9778,0.9912,0.993,0.9936,0.9936,0.993,0.9597,0.9827,0.9861,0.9873,0.9872,0.986,0.9797,0.9973,0.998,0.9982,0.9982,0.998,0,H
26012,Balboa Elementary School,81,0.995,0.9924,0.997,0.9753,0.9985,0.999,0.9991,0.9991,0.999,0.976,0.9946,0.9958,0.9962,0.9962,0.9958,0.9829,0.9996,0.9999,0.9999,0.9999,0.9999,0,H
26019,Bancroft Elementary School,64,0.9926,0.9498,0.9967,0.9844,0.9929,0.9944,0.9949,0.9948,0.9944,0.9137,0.9484,0.9576,0.961,0.9606,0.9571,0.9824,0.9993,0.9996,0.9997,0.9997,0.9996,0.0253,H
26027,Barnard Elementary School,97,0.9938,0.986,0.9967,0.9794,0.9958,0.9968,0.9971,0.9971,0.9968,0.9665,0.9876,0.9901,0.991,0.9909,0.99,0.9825,0.9993,0.9996,0.9997,0.9997,0.9996,0,H
26028,Barnett Elementary School,99,0.9921,0.9685,0.9967,0.9798,0.9932,0.9947,0.9952,0.9951,0.9947,0.9408,0.9687,0.9745,0.9766,0.9764,0.9742,0.9824,0.9992,0.9996,0.9996,0.9996,0.9996,0.002,H
26030,Barona Indian Charter School,12,0.8077,0.7103,0.7851,1,0.7336,0.7716,0.7866,0.7848,0.7693,0.6048,0.6919,0.7339,0.7505,0.7485,0.7311,0.695,0.7714,0.8057,0.819,0.8175,0.8037,1,L
26035,Bay Park Elementary School,94,0.9864,0.9709,0.9933,0.9787,0.9852,0.9882,0.9892,0.9891,0.988,0.9443,0.9712,0.9767,0.9786,0.9783,0.9764,0.9773,0.9955,0.9966,0.9969,0.9969,0.9966,0,H
26038,Baypoint Preparatory Academy - San Diego,45,0.9709,0.9509,0.9817,0.9556,0.9685,0.9744,0.9765,0.9763,0.9741,0.915,0.9495,0.9587,0.962,0.9617,0.9583,0.9602,0.983,0.9863,0.9874,0.9873,0.9861,0.0198,H
26039,bayshore preparatory charter,14,0.9002,0.9683,0.9967,0.4286,0.9931,0.9946,0.9951,0.995,0.9945,0.9404,0.9684,0.9744,0.9765,0.9762,0.974,0.9824,0.9992,0.9996,0.9996,0.9996,0.9996,0.0018,M
26040,Bayside Elementary School,90,0.9868,0.9875,0.9968,0.9333,0.9967,0.9976,0.9978,0.9978,0.9976,0.9687,0.9893,0.9915,0.9922,0.9922,0.9914,0.9826,0.9994,0.9997,0.9998,0.9998,0.9997,0,H
26043,beacon classical academy elementary charter,25,0.9978,0.99,0.9967,1,0.9967,0.9975,0.9977,0.9977,0.9975,0.9724,0.992,0.9937,0.9942,0.9942,0.9936,0.9824,0.9993,0.9997,0.9997,0.9997,0.9997,0,H
26044,beacon classical academy national city,30,0.9532,0.9288,0.9671,0.9333,0.9485,0.9578,0.9612,0.9608,0.9573,0.8838,0.9257,0.9387,0.9436,0.943,0.938,0.9385,0.967,0.9732,0.9754,0.9751,0.9728,0.5032,H
26047,Beaumont Elementary School,86,0.9933,0.9926,0.997,0.9651,0.9985,0.999,0.9991,0.9991,0.999,0.9763,0.9948,0.996,0.9963,0.9963,0.9959,0.9829,0.9996,0.9999,0.9999,0.9999,0.9999,0,H
26050,Bella Mente Montessori Academy,56,0.9956,0.9902,0.9969,0.9821,0.9977,0.9983,0.9985,0.9985,0.9983,0.9726,0.9922,0.9938,0.9944,0.9943,0.9938,0.9827,0.9995,0.9998,0.9998,0.9998,0.9998,0,H
26051,Benchley/Weinberger Elementary School,80,0.9804,0.9382,0.9952,0.975,0.9775,0.9818,0.9833,0.9832,0.9816,0.8974,0.9359,0.9473,0.9517,0.9511,0.9467,0.9802,0.9976,0.9983,0.9984,0.9984,0.9983,0.0712,H
26058,Bernardo Elementary School,135,0.9978,0.9926,0.997,0.9926,0.9984,0.9989,0.999,0.999,0.9989,0.9763,0.9948,0.996,0.9963,0.9963,0.9959,0.9829,0.9996,0.9999,0.9999,0.9999,0.9999,0,H
26062,Bethel Academy,,0.9742,0.9652,0.9817,0.949,0.9748,0.9796,0.9813,0.9811,0.9794,0.9359,0.9651,0.9715,0.9738,0.9736,0.9712,0.9601,0.983,0.9863,0.9874,0.9873,0.9861,0,H
26066,Bethune K-8,63,0.9963,0.9919,0.997,0.9841,0.9982,0.9988,0.9989,0.9989,0.9988,0.9752,0.994,0.9954,0.9957,0.9957,0.9953,0.9828,0.9995,0.9999,0.9999,0.9999,0.9999,0,H
26076,Bird Rock Elementary School,68,0.9871,0.883,0.9966,0.9853,0.9847,0.9877,0.9888,0.9887,0.9876,0.8209,0.8764,0.897,0.9048,0.9039,0.8958,0.9822,0.9991,0.9995,0.9996,0.9996,0.9995,0.1635,H
26077,Birney Elementary School,97,0.9733,0.9082,0.9931,0.9794,0.9663,0.9726,0.9748,0.9745,0.9722,0.8554,0.9036,0.9198,0.9259,0.9252,0.9188,0.977,0.9953,0.9964,0.9967,0.9967,0.9964,0.2525,H
26084,Blossom Valley Elementary School,105,0.9923,0.9841,0.9967,0.9714,0.9955,0.9966,0.9968,0.9968,0.9965,0.9639,0.9856,0.9884,0.9894,0.9893,0.9883,0.9824,0.9993,0.9996,0.9997,0.9997,0.9996,0,H
26086,Bobier Elementary School,91,0.9873,0.9873,0.996,0.9451,0.9947,0.9959,0.9962,0.9962,0.9959,0.9684,0.989,0.9913,0.992,0.9919,0.9912,0.9814,0.9985,0.999,0.9991,0.9991,0.999,0,H
26087,Bonita Country Day School,12,0.9811,0.9198,0.9953,1,0.9726,0.9778,0.9796,0.9794,0.9775,0.8711,0.916,0.9306,0.9359,0.9353,0.9296,0.9803,0.9977,0.9984,0.9985,0.9985,0.9984,0.183,H
26089,Bonita Learning Academy,21,0.9902,0.9882,0.9969,0.9524,0.9971,0.9979,0.998,0.998,0.9978,0.9697,0.9901,0.9921,0.9928,0.9927,0.992,0.9827,0.9995,0.9998,0.9998,0.9998,0.9998,0,H
26094,Bonsall Elementary School,129,0.9946,0.9864,0.9967,0.9845,0.9957,0.9968,0.997,0.997,0.9967,0.9672,0.9881,0.9905,0.9913,0.9912,0.9904,0.9823,0.9992,0.9996,0.9996,0.9996,0.9996,0,H
26097,Bonsall West Elementary School,38,0.9863,0.9825,0.9959,0.9474,0.9927,0.9943,0.9948,0.9947,0.9942,0.9613,0.9838,0.987,0.9881,0.9879,0.9868,0.9812,0.9983,0.9989,0.999,0.999,0.9989,0,H
26099,Boone Elementary School,68,0.9819,0.9669,0.9844,0.9853,0.9772,0.9816,0.9831,0.9829,0.9813,0.9383,0.9669,0.9731,0.9753,0.975,0.9728,0.964,0.9859,0.9887,0.9896,0.9895,0.9886,0,H
26101,Borrego Springs Elementary School,27,0.9691,0.951,0.9755,0.963,0.9642,0.9708,0.9732,0.9729,0.9705,0.9154,0.9497,0.9588,0.9622,0.9617,0.9583,0.951,0.9762,0.9807,0.9824,0.9822,0.9806,0.0205,H
26104,bostonia global,168,0.9947,0.9849,0.9967,0.9881,0.995,0.9962,0.9965,0.9965,0.9961,0.9648,0.9864,0.9891,0.99,0.9899,0.989,0.9823,0.9992,0.9996,0.9996,0.9996,0.9996,0,H
26105,bostonia language academy,145,0.9735,0.9438,0.9792,0.9931,0.9633,0.9701,0.9725,0.9722,0.9697,0.9051,0.9419,0.9524,0.9562,0.9558,0.9518,0.9564,0.9802,0.9841,0.9854,0.9852,0.9839,0.0887,H
26116,Breeze Hill Elementary School,143,0.9974,0.9909,0.9969,0.993,0.9978,0.9984,0.9986,0.9985,0.9984,0.9737,0.9929,0.9945,0.995,0.9949,0.9944,0.9827,0.9995,0.9998,0.9998,0.9998,0.9998,0,H
26121,Bright Horizon Academy,62,0.9719,0.9497,0.9742,0.9839,0.9632,0.9701,0.9725,0.9722,0.9697,0.9136,0.9483,0.9576,0.961,0.9607,0.9571,0.9492,0.9749,0.9796,0.9813,0.9811,0.9794,0.027,H
26141,Buena Vista Elementary School,35,0.9877,0.985,0.9968,0.9429,0.9958,0.9968,0.9971,0.9971,0.9968,0.965,0.9865,0.9892,0.9901,0.99,0.9891,0.9825,0.9993,0.9997,0.9997,0.9997,0.9997,0,H
26142,Burbank Elementary School,54,0.9797,0.9111,0.9959,0.9815,0.975,0.9797,0.9814,0.9812,0.9795,0.8584,0.9064,0.9227,0.9284,0.9277,0.9213,0.9812,0.9984,0.9989,0.999,0.999,0.9989,0.1935,H
26146,Cabrillo Elementary School,72,0.9896,0.9792,0.9925,0.9861,0.9881,0.9905,0.9913,0.9912,0.9904,0.9565,0.9802,0.984,0.9854,0.9852,0.9838,0.9761,0.9947,0.9959,0.9963,0.9962,0.9959,0,H
26147,Cabrillo Point Academy,604,0.8818,0.9898,0.9969,0.2997,0.9977,0.9984,0.9985,0.9985,0.9983,0.9721,0.9918,0.9935,0.9941,0.994,0.9934,0.9828,0.9995,0.9998,0.9999,0.9999,0.9998,0,L
26148,Cadman Elementary School,41,0.9153,0.8616,0.9252,0.9512,0.8908,0.9094,0.9164,0.9155,0.9082,0.7918,0.8531,0.877,0.8861,0.8851,0.8757,0.8789,0.9219,0.9355,0.9405,0.94,0.9347,1,M
26149,Cajon Park Elementary School,102,0.9852,0.9231,0.996,0.9902,0.9808,0.9845,0.9858,0.9856,0.9843,0.8761,0.9194,0.9334,0.9386,0.938,0.9327,0.9813,0.9985,0.999,0.9991,0.9991,0.999,0.1047,H
26152,Cajon Valley Home School,42,0.9127,0.8365,0.9363,0.9524,0.8868,0.9061,0.9133,0.9124,0.905,0.7591,0.8263,0.8537,0.864,0.8629,0.8521,0.8942,0.9338,0.9456,0.9499,0.9495,0.945,0.997,M
26154,Calavera Hills Elementary School,72,0.9736,0.9492,0.978,0.9861,0.9651,0.9715,0.9739,0.9736,0.9712,0.9124,0.9478,0.9572,0.9606,0.9601,0.9565,0.9545,0.9789,0.983,0.9845,0.9843,0.9829,0.0302,H
26162,california avenue elementary,10,0.8991,0.9927,0.997,0.4,0.9984,0.999,0.9991,0.999,0.999,0.9764,0.9949,0.9961,0.9964,0.9964,0.9961,0.9829,0.9996,0.9999,0.9999,0.9999,0.9999,0,L
26164,California Pacific Charter Schools - San Diego,102,0.9155,0.9471,0.9966,0.5294,0.991,0.9929,0.9935,0.9934,0.9928,0.9098,0.9454,0.9553,0.9589,0.9586,0.9548,0.9823,0.9992,0.9996,0.9996,0.9996,0.9996,0.0293,M
26168,Calvary Christian School,11,0.9317,0.9474,0.9815,0.7273,0.9668,0.973,0.9752,0.975,0.9727,0.9101,0.9457,0.9555,0.9591,0.9587,0.955,0.9597,0.9827,0.9861,0.9873,0.9872,0.986,0.0423,M
26169,Calvary Christian Academy,42,0.99,0.987,0.9968,0.9524,0.9968,0.9977,0.9979,0.9978,0.9976,0.9678,0.9887,0.991,0.9918,0.9917,0.9909,0.9826,0.9994,0.9997,0.9998,0.9998,0.9997,0,H
26178,Calvin Christian School,21,0.9791,0.9826,0.9958,0.9048,0.9926,0.9942,0.9947,0.9946,0.9941,0.9613,0.9839,0.987,0.9881,0.988,0.9869,0.981,0.9982,0.9988,0.9989,0.9989,0.9988,0,H
26179,Camarena (Enrique S.) Elementary,158,0.9958,0.984,0.9969,0.9873,0.9968,0.9976,0.9978,0.9978,0.9976,0.9635,0.9855,0.9883,0.9893,0.9892,0.9881,0.9827,0.9995,0.9998,0.9998,0.9998,0.9998,0,H
26180,The Cambridge School,33,0.9812,0.902,0.9966,0.9394,0.9871,0.9897,0.9906,0.9905,0.9896,0.8463,0.8966,0.9143,0.9209,0.9202,0.9134,0.9823,0.9992,0.9996,0.9996,0.9996,0.9996,0.123,H
26188,Campo Elementary School,66,0.5827,0.4373,0.5218,0.9848,0.4537,0.5049,0.5267,0.5241,0.5018,0.3267,0.4115,0.4618,0.4838,0.4817,0.4593,0.4056,0.4966,0.5475,0.5692,0.5667,0.5444,1,L
26194,Canyon View Elementary School,99,0.9587,0.9214,0.9693,0.9697,0.9477,0.9572,0.9606,0.9603,0.9567,0.8736,0.9177,0.9321,0.9374,0.9367,0.9312,0.9417,0.9696,0.9752,0.9772,0.977,0.9749,0.5272,H
26195,Capri Elementary School,86,0.9907,0.9536,0.9967,0.9767,0.9919,0.9936,0.9942,0.9941,0.9936,0.9191,0.9526,0.9612,0.9644,0.964,0.9608,0.9824,0.9992,0.9996,0.9997,0.9997,0.9996,0.0177,H
26198,Cardiff Elementary School,86,0.9894,0.9405,0.9966,0.9767,0.99,0.9921,0.9927,0.9927,0.992,0.8998,0.9381,0.9494,0.9536,0.9532,0.949,0.9823,0.9992,0.9996,0.9996,0.9996,0.9996,0.039,H
26210,Carlton Hills Elementary School,86,0.9905,0.9438,0.9967,0.9767,0.9916,0.9934,0.994,0.9939,0.9933,0.905,0.9418,0.9523,0.9561,0.9557,0.9517,0.9824,0.9992,0.9996,0.9996,0.9996,0.9996,0.038,H
26212,Carlton Oaks Elementary School,98,0.9951,0.9903,0.9969,0.9796,0.9976,0.9982,0.9984,0.9984,0.9982,0.9728,0.9922,0.9939,0.9944,0.9943,0.9938,0.9827,0.9995,0.9998,0.9998,0.9998,0.9998,0,H
26213,Carmel Creek Elementary School,74,0.9962,0.9907,0.9969,0.9865,0.9976,0.9983,0.9984,0.9984,0.9983,0.9735,0.9928,0.9943,0.9948,0.9947,0.9942,0.9827,0.9994,0.9998,0.9998,0.9998,0.9998,0,H
26214,Carmel Del Mar Elementary School,45,0.9917,0.9929,0.997,0.9556,0.9985,0.999,0.9991,0.9991,0.999,0.9767,0.9951,0.9963,0.9966,0.9965,0.9962,0.9829,0.9996,0.9999,0.9999,0.9999,0.9999,0,H
26221,Carrillo Elementary School,149,0.9982,0.9939,0.997,0.9933,0.9988,0.9992,0.9993,0.9993,0.9992,0.9781,0.9962,0.9971,0.9974,0.9973,0.9971,0.9829,0.9996,0.9999,0.9999,0.9999,0.9999,0,H
26222,Carson Elementary School,77,0.9949,0.9931,0.997,0.974,0.9986,0.9991,0.9992,0.9992,0.9991,0.977,0.9954,0.9965,0.9968,0.9967,0.9964,0.9829,0.9996,0.9999,0.9999,0.9999,0.9999,0,H
26223,Carver Elementary School,41,0.9895,0.986,0.9968,0.9512,0.9963,0.9972,0.9975,0.9975,0.9972,0.9665,0.9876,0.9901,0.9909,0.9908,0.99,0.9826,0.9994,0.9997,0.9998,0.9998,0.9997,0,H
26226,Casa De Oro Elementary School,86,0.992,0.981,0.9965,0.9767,0.9938,0.9951,0.9955,0.9955,0.9951,0.959,0.9822,0.9857,0.9869,0.9868,0.9856,0.9821,0.999,0.9994,0.9995,0.9995,0.9994,0,H
26231,Casillas (Joseph) Elementary School,48,0.9707,0.9487,0.9818,0.9583,0.9676,0.9737,0.9758,0.9756,0.9733,0.9119,0.9472,0.9567,0.9602,0.9598,0.9561,0.9602,0.9831,0.9864,0.9875,0.9874,0.9863,0.0345,H
26232,Casita Center For Science/Math/Technology,117,0.9955,0.9863,0.9966,0.9915,0.9953,0.9964,0.9967,0.9967,0.9964,0.967,0.988,0.9904,0.9912,0.9911,0.9903,0.9822,0.9991,0.9995,0.9996,0.9996,0.9995,0,H
26233,Castle Park Elementary School,44,0.9714,0.9545,0.9812,0.9545,0.9694,0.9752,0.9772,0.977,0.9749,0.9202,0.9534,0.9619,0.965,0.9646,0.9614,0.9593,0.9824,0.9858,0.987,0.9869,0.9856,0.008,H
26254,Central Elementary School,53,0.9854,0.9684,0.9916,0.9811,0.9832,0.9865,0.9876,0.9875,0.9863,0.9406,0.9685,0.9744,0.9765,0.9763,0.9741,0.9748,0.9937,0.9951,0.9955,0.9955,0.995,0,H
26259,Central Montessori Schools,29,0.9844,0.9838,0.9963,0.931,0.9938,0.9952,0.9956,0.9956,0.9952,0.9632,0.9852,0.9881,0.9891,0.989,0.988,0.9818,0.9988,0.9992,0.9993,0.9993,0.9992,0,H
26264,Chabad Hebrew Academy,28,0.9933,0.9931,0.997,0.9643,0.9986,0.9991,0.9992,0.9992,0.9991,0.9771,0.9954,0.9965,0.9968,0.9967,0.9964,0.9829,0.9996,0.9999,0.9999,0.9999,0.9999,0,H
26269,Chaparral Elementary School,166,0.9069,0.8443,0.9067,0.988,0.8707,0.8922,0.9003,0.8994,0.8909,0.7689,0.8344,0.861,0.8712,0.87,0.8596,0.8533,0.9018,0.9187,0.9251,0.9244,0.9179,1,M
26274,Chase Avenue Elementary School,134,0.9883,0.9734,0.9908,0.9925,0.9846,0.9877,0.9887,0.9886,0.9875,0.9479,0.974,0.9789,0.9807,0.9805,0.9787,0.9735,0.9928,0.9944,0.9948,0.9948,0.9943,0,H
26276,Chavez Elementary School,65,0.9901,0.9764,0.9949,0.9846,0.9892,0.9914,0.9922,0.9921,0.9913,0.9523,0.9772,0.9816,0.9831,0.9829,0.9813,0.9797,0.9973,0.998,0.9982,0.9982,0.998,0,H
26277,Cherokee Point Elementary School,60,0.9957,0.9895,0.9969,0.9833,0.9975,0.9982,0.9984,0.9984,0.9982,0.9716,0.9914,0.9933,0.9938,0.9938,0.9932,0.9827,0.9995,0.9998,0.9998,0.9998,0.9998,0,H
26279,Chesterton Elementary School,83,0.9941,0.9865,0.9969,0.9759,0.997,0.9978,0.998,0.9979,0.9978,0.9672,0.9882,0.9905,0.9913,0.9912,0.9904,0.9826,0.9994,0.9998,0.9998,0.9998,0.9998,0,H
26280,Chet F. Harritt Elementary School,88,0.9917,0.9841,0.9958,0.9773,0.9933,0.9947,0.9952,0.9951,0.9947,0.9638,0.9856,0.9884,0.9894,0.9893,0.9883,0.9811,0.9983,0.9989,0.999,0.9989,0.9988,0,H
26285,The Children's School,28,0.9778,0.9592,0.9875,0.9643,0.9763,0.9808,0.9824,0.9822,0.9806,0.927,0.9585,0.9662,0.969,0.9687,0.9658,0.9687,0.9892,0.9915,0.9922,0.9921,0.9913,0.001,H
26294,Children's Creative And Performing Arts,14,0.9963,0.986,0.9962,1,0.9944,0.9957,0.996,0.996,0.9956,0.9664,0.9876,0.9901,0.9909,0.9908,0.99,0.9816,0.9987,0.9992,0.9993,0.9992,0.9992,0,H
26320,The Child's Primary School,,0.9848,0.9752,0.9922,0.9647,0.9863,0.989,0.9899,0.9898,0.9889,0.9506,0.9759,0.9805,0.982,0.9818,0.9802,0.9757,0.9943,0.9956,0.996,0.9959,0.9955,0,H
26327,Chollas/Mead Elementary School,135,0.9829,0.9628,0.9861,0.9926,0.9768,0.9812,0.9828,0.9826,0.981,0.9324,0.9625,0.9694,0.9719,0.9716,0.969,0.9666,0.9877,0.9902,0.991,0.991,0.9901,3e-04,H
26328,Christ Church Day School,28,0.9904,0.9859,0.9964,0.9643,0.9945,0.9958,0.9961,0.9961,0.9957,0.9663,0.9875,0.9901,0.9909,0.9908,0.9899,0.9819,0.9989,0.9993,0.9994,0.9994,0.9993,0,H
26330,Christ Lutheran School,,0.9372,0.9087,0.9593,0.8956,0.9348,0.9464,0.9506,0.9501,0.9457,0.8554,0.9039,0.9205,0.9265,0.9257,0.9193,0.9272,0.9586,0.9662,0.969,0.9687,0.9658,0.8552,M
26332,Christ The Cornerstone Lutheran Academy,11,0.9988,0.9916,0.9969,1,0.998,0.9986,0.9987,0.9987,0.9986,0.9748,0.9937,0.9951,0.9955,0.9954,0.995,0.9828,0.9995,0.9998,0.9999,0.9998,0.9998,0,H
26334,Christa Mcauliffe Elementary School,96,0.9924,0.9835,0.9963,0.9792,0.9937,0.9951,0.9955,0.9955,0.9951,0.9626,0.9849,0.9879,0.9889,0.9888,0.9877,0.9818,0.9988,0.9993,0.9994,0.9993,0.9993,0,H
26341,Christian Elementary East School,126,0.9919,0.9773,0.9953,0.9921,0.99,0.992,0.9927,0.9926,0.9919,0.9535,0.9782,0.9824,0.9839,0.9837,0.9822,0.9803,0.9977,0.9984,0.9985,0.9985,0.9984,0,H
26348,christian elementary south bay,72,0.9609,0.9411,0.9802,0.9167,0.9635,0.9702,0.9727,0.9724,0.9699,0.9012,0.939,0.95,0.954,0.9536,0.9494,0.9579,0.9814,0.985,0.9863,0.9861,0.9848,0.107,H
26349,Christian Elementary West,21,0.973,0.9436,0.991,0.9524,0.9722,0.9775,0.9794,0.9792,0.9772,0.9046,0.9416,0.9522,0.956,0.9555,0.9515,0.9738,0.993,0.9945,0.995,0.9949,0.9945,0.06,H
26355,Chula Vista Hills Elementary School,77,0.9898,0.9667,0.9966,0.974,0.9912,0.9931,0.9937,0.9936,0.993,0.9379,0.9666,0.9729,0.9752,0.975,0.9727,0.9822,0.9991,0.9995,0.9996,0.9996,0.9995,0.0013,H
26356,Chula Vista Learning Community Charter School,126,0.9879,0.9734,0.9905,0.9921,0.9843,0.9874,0.9884,0.9883,0.9872,0.9479,0.974,0.9789,0.9807,0.9805,0.9787,0.9731,0.9925,0.9941,0.9946,0.9946,0.994,0,H
26366,City Tree Christian,21,0.991,0.9923,0.9969,0.9524,0.9982,0.9988,0.9989,0.9989,0.9988,0.9758,0.9944,0.9957,0.9961,0.996,0.9957,0.9828,0.9995,0.9998,0.9999,0.9999,0.9998,0,H
26370,Clairemont Canyons Academy,62,0.8025,0.6918,0.8019,0.9677,0.7337,0.772,0.7869,0.7851,0.7696,0.5844,0.6726,0.716,0.7335,0.7316,0.7137,0.7155,0.7894,0.8213,0.834,0.8326,0.8195,1,L
26376,Classical Academy,172,0.953,0.9838,0.9962,0.7442,0.9935,0.9949,0.9954,0.9953,0.9949,0.9631,0.9852,0.9882,0.9891,0.989,0.9881,0.9816,0.9986,0.9991,0.9992,0.9992,0.9991,0,H
26378,Classical Academy Vista,71,0.9528,0.8816,0.9966,0.7746,0.9859,0.9887,0.9896,0.9895,0.9886,0.8189,0.8746,0.8955,0.9034,0.9024,0.8941,0.9823,0.9992,0.9996,0.9996,0.9996,0.9996,0.146,H
26380,Clay Elementary School,84,0.9733,0.9464,0.9827,0.9762,0.9671,0.9732,0.9754,0.9752,0.9729,0.9086,0.9447,0.9546,0.9583,0.9579,0.9541,0.9616,0.9841,0.9872,0.9883,0.9881,0.9871,0.0435,H
26381,Clear View,116,0.994,0.9846,0.9957,0.9914,0.9932,0.9947,0.9952,0.9951,0.9946,0.9644,0.9861,0.9889,0.9898,0.9897,0.9887,0.9809,0.9981,0.9987,0.9988,0.9988,0.9987,0,H
26383,Clover Flat Elementary,42,0.989,0.9861,0.9966,0.9524,0.9954,0.9965,0.9968,0.9967,0.9964,0.9667,0.9878,0.9902,0.991,0.991,0.9901,0.9822,0.9991,0.9995,0.9996,0.9996,0.9995,0,H
26385,coastal academy,193,0.9714,0.9866,0.9967,0.8446,0.9959,0.9969,0.9972,0.9972,0.9969,0.9673,0.9882,0.9906,0.9914,0.9913,0.9905,0.9825,0.9993,0.9997,0.9997,0.9997,0.9997,0,H
26386,Coastal Academy Charter,152,0.9499,0.9828,0.9937,0.7368,0.9907,0.9927,0.9933,0.9932,0.9926,0.9616,0.9841,0.9873,0.9883,0.9882,0.9871,0.978,0.996,0.997,0.9972,0.9972,0.997,0,M
26406,community montessori,163,0.9899,0.9813,0.995,0.9755,0.991,0.9929,0.9935,0.9934,0.9928,0.9594,0.9825,0.986,0.9871,0.987,0.9858,0.9799,0.9975,0.9982,0.9983,0.9983,0.9981,0,H
26407,Community Montessori Charter,131,0.97,0.9828,0.9963,0.8473,0.9932,0.9947,0.9951,0.9951,0.9946,0.9618,0.9842,0.9873,0.9884,0.9882,0.9871,0.9817,0.9988,0.9992,0.9993,0.9993,0.9992,0,H
26423,Conway Elementary School,108,0.8907,0.8314,0.8806,0.9907,0.8477,0.8724,0.8818,0.8807,0.871,0.7527,0.8208,0.8491,0.8597,0.8584,0.8472,0.8174,0.8735,0.8947,0.9027,0.9018,0.8935,1,L
26428,Cook (Hazel Goes) Elementary School,35,0.9896,0.9924,0.997,0.9429,0.9984,0.999,0.9991,0.9991,0.999,0.9759,0.9945,0.9958,0.9961,0.9961,0.9957,0.9829,0.9995,0.9999,0.9999,0.9999,0.9999,0,H
26445,coronado village elementary,162,0.9921,0.9836,0.9965,0.9753,0.9943,0.9956,0.996,0.9959,0.9955,0.963,0.985,0.988,0.989,0.9889,0.9878,0.9821,0.9991,0.9995,0.9995,0.9995,0.9995,0,H
26453,Country Montessori School Of Poway,20,0.9747,0.959,0.987,0.95,0.9753,0.98,0.9817,0.9815,0.9798,0.9268,0.9583,0.966,0.9686,0.9683,0.9655,0.9679,0.9887,0.991,0.9918,0.9917,0.991,0.0018,H
26455,County Collaborative Charter,24,0.9058,0.9819,0.9966,0.4583,0.9941,0.9954,0.9958,0.9957,0.9953,0.9603,0.9832,0.9865,0.9876,0.9875,0.9863,0.9822,0.9991,0.9995,0.9996,0.9996,0.9995,0,M
26470,Creekside Elementary School,107,0.9922,0.963,0.9967,0.9813,0.993,0.9945,0.995,0.995,0.9945,0.9324,0.9626,0.9696,0.972,0.9717,0.9691,0.9824,0.9992,0.9996,0.9996,0.9996,0.9996,0.006,H
26472,Creekside Early Learning Center,203,0.9886,0.969,0.9944,0.9901,0.9858,0.9886,0.9895,0.9894,0.9884,0.9416,0.9693,0.975,0.9771,0.9768,0.9747,0.9789,0.9967,0.9975,0.9978,0.9977,0.9975,0,H
26475,Crest Elementary School,25,0.9896,0.9843,0.9964,0.96,0.9943,0.9956,0.996,0.9959,0.9956,0.9638,0.9857,0.9886,0.9896,0.9894,0.9885,0.982,0.999,0.9994,0.9994,0.9994,0.9994,0,H
26485,Cubberley Elementary School,46,0.9224,0.8236,0.9583,0.9565,0.8997,0.9169,0.9233,0.9225,0.9158,0.7428,0.8127,0.8418,0.8533,0.8522,0.8407,0.9259,0.9577,0.9654,0.9682,0.9678,0.9649,0.9435,M
26487,Curie Elementary School,106,0.9977,0.9934,0.997,0.9906,0.9987,0.9992,0.9993,0.9993,0.9992,0.9774,0.9956,0.9967,0.997,0.9969,0.9967,0.9829,0.9996,0.9999,0.9999,0.9999,0.9999,0,H
26492,Dailard Elementary School,94,0.9545,0.9146,0.9637,0.9787,0.9397,0.9505,0.9544,0.954,0.9499,0.8636,0.9102,0.9258,0.9315,0.9309,0.925,0.9338,0.9634,0.9703,0.9728,0.9725,0.97,0.7525,H
26495,Darnall Charter School,69,0.9966,0.9925,0.997,0.9855,0.9984,0.9989,0.999,0.999,0.9989,0.9761,0.9947,0.9959,0.9962,0.9962,0.9958,0.9828,0.9995,0.9999,0.9999,0.9999,0.9999,0,H
26496,Davila Day School,10,0.4933,0.313,0.433,1,0.3466,0.3943,0.4153,0.4128,0.3912,0.2216,0.2896,0.3333,0.3532,0.3508,0.3305,0.3234,0.4073,0.4574,0.4795,0.4768,0.4545,1,L
26506,Deer Canyon Elementary School,61,0.9811,0.9652,0.9843,0.9836,0.9765,0.981,0.9825,0.9824,0.9807,0.9359,0.9651,0.9716,0.9739,0.9736,0.9713,0.9641,0.9858,0.9887,0.9896,0.9895,0.9885,0,H
26507,Dehesa School,,0.9925,0.986,0.9963,0.9761,0.9946,0.9959,0.9962,0.9962,0.9958,0.9663,0.9876,0.9901,0.9909,0.9909,0.99,0.9818,0.9988,0.9993,0.9993,0.9993,0.9993,0,H
26508,dehesa charter,24,0.9439,0.971,0.9962,0.7083,0.989,0.9912,0.9919,0.9919,0.9911,0.9444,0.9713,0.9767,0.9786,0.9784,0.9764,0.9816,0.9987,0.9992,0.9992,0.9992,0.9991,0,M
26511,Del Mar Heights Elementary School,35,0.9884,0.9873,0.9969,0.9429,0.9968,0.9977,0.9979,0.9978,0.9976,0.9683,0.989,0.9912,0.992,0.9919,0.9911,0.9827,0.9994,0.9998,0.9998,0.9998,0.9998,0,H
26512,Del Mar Hills Elementary School,37,0.9737,0.9517,0.9907,0.9459,0.9748,0.9796,0.9813,0.9811,0.9793,0.9163,0.9504,0.9595,0.9628,0.9625,0.9591,0.9734,0.9928,0.9944,0.9948,0.9948,0.9943,0.0187,H
26515,Del Mar Pines School,20,0.9827,0.9579,0.9963,0.95,0.9868,0.9894,0.9903,0.9902,0.9893,0.9253,0.9572,0.9651,0.9679,0.9676,0.9646,0.9819,0.9988,0.9993,0.9994,0.9994,0.9993,0.007,H
26520,Del Rio Elementary School,67,0.9949,0.9855,0.9968,0.9851,0.996,0.997,0.9972,0.9972,0.9969,0.9657,0.9871,0.9897,0.9906,0.9905,0.9896,0.9825,0.9993,0.9997,0.9997,0.9997,0.9997,0,H
26521,Del Sur Elementary School,170,0.9954,0.9884,0.9967,0.9882,0.996,0.997,0.9972,0.9972,0.997,0.97,0.9903,0.9923,0.9929,0.9928,0.9922,0.9824,0.9992,0.9996,0.9996,0.9996,0.9996,0,H
26522,Descanso Elementary School,40,0.99,0.99,0.9969,0.95,0.9974,0.9981,0.9983,0.9982,0.9981,0.9722,0.9919,0.9937,0.9942,0.9941,0.9936,0.9826,0.9994,0.9998,0.9998,0.9998,0.9998,0,H
26523,Design 39 Campus,145,0.9947,0.9845,0.9961,0.9931,0.9938,0.9952,0.9956,0.9955,0.9951,0.9643,0.986,0.9888,0.9897,0.9896,0.9886,0.9815,0.9986,0.9991,0.9992,0.9992,0.9991,0,H
26526,Dewey Elementary School,99,0.9953,0.9905,0.9969,0.9798,0.9979,0.9985,0.9986,0.9986,0.9985,0.973,0.9925,0.9941,0.9946,0.9945,0.994,0.9828,0.9995,0.9998,0.9998,0.9998,0.9998,0,H
26536,Diegueno Country School,24,0.9901,0.9744,0.9968,0.9583,0.9955,0.9966,0.9968,0.9968,0.9965,0.9495,0.9751,0.9798,0.9815,0.9813,0.9796,0.9826,0.9993,0.9997,0.9997,0.9997,0.9997,8e-04,H
26538,Dimensions Collaborative,52,0.9497,0.9829,0.9952,0.7308,0.9919,0.9937,0.9942,0.9941,0.9936,0.9618,0.9842,0.9874,0.9885,0.9883,0.9872,0.9802,0.9977,0.9984,0.9985,0.9985,0.9983,0,M
26539,Dingeman Elementary School,125,0.996,0.9748,0.9968,0.992,0.9959,0.9969,0.9972,0.9971,0.9969,0.9499,0.9755,0.9802,0.9818,0.9816,0.9799,0.9826,0.9994,0.9997,0.9998,0.9998,0.9998,0.0015,H
26541,Discovery Elementary School,163,0.9897,0.9531,0.9963,0.9877,0.9879,0.9903,0.9911,0.991,0.9902,0.9184,0.9519,0.9607,0.964,0.9636,0.9603,0.9818,0.9988,0.9993,0.9993,0.9993,0.9993,0.0185,H
26545,Discovery Charter School,164,0.9694,0.9469,0.97,0.9878,0.9587,0.9663,0.969,0.9687,0.9658,0.9093,0.9452,0.9551,0.9587,0.9583,0.9546,0.9428,0.9703,0.9758,0.9778,0.9776,0.9755,0.067,H
26546,Discovery Isle,20,0.9572,0.917,0.9757,0.95,0.9502,0.9593,0.9626,0.9622,0.9588,0.8674,0.9129,0.928,0.9338,0.9332,0.9273,0.9512,0.9765,0.981,0.9826,0.9825,0.9808,0.4555,H
26548,Discovery Isle Child Development Center,13,0.8883,0.8512,0.9125,0.8462,0.8777,0.8981,0.9059,0.9049,0.8969,0.7787,0.8419,0.8674,0.8771,0.8761,0.8661,0.861,0.908,0.924,0.9298,0.9291,0.923,1,L
26562,Double Peak K-8,,0.9951,0.9892,0.9969,0.98,0.9975,0.9982,0.9984,0.9983,0.9982,0.9712,0.9911,0.993,0.9936,0.9935,0.9929,0.9827,0.9995,0.9998,0.9998,0.9998,0.9998,0,H
26564,Doyle Elementary School,179,0.9873,0.9578,0.9956,0.9888,0.9841,0.9872,0.9883,0.9882,0.9871,0.9251,0.9571,0.9649,0.9678,0.9676,0.9647,0.9808,0.9981,0.9987,0.9988,0.9988,0.9987,0.0058,H
26566,dual language immersion north county,46,0.9913,0.9901,0.9969,0.9565,0.9976,0.9983,0.9984,0.9984,0.9983,0.9725,0.9921,0.9939,0.9944,0.9943,0.9938,0.9827,0.9995,0.9998,0.9998,0.9998,0.9998,0,H
26568,e. g. garrison elementary,60,0.9934,0.9846,0.9963,0.9833,0.9943,0.9956,0.996,0.9959,0.9955,0.9644,0.9861,0.9888,0.9898,0.9897,0.9887,0.9818,0.9988,0.9993,0.9994,0.9993,0.9993,0,H
26593,Eastlake Elementary School,58,0.9541,0.9196,0.9569,0.9828,0.9381,0.9491,0.9532,0.9527,0.9485,0.8705,0.9156,0.9304,0.9359,0.9353,0.9296,0.9238,0.9561,0.9641,0.9671,0.9668,0.9638,0.8628,H
26612,Edison Elementary School,71,0.9816,0.97,0.9865,0.9718,0.98,0.9839,0.9852,0.9851,0.9837,0.9429,0.9702,0.9759,0.9779,0.9777,0.9756,0.9672,0.9882,0.9907,0.9914,0.9914,0.9906,0,H
26630,Eje Elementary Academy Charter,121,0.9071,0.8481,0.9065,0.9835,0.872,0.8933,0.9013,0.9003,0.892,0.7744,0.8388,0.8645,0.8745,0.8734,0.8632,0.8527,0.9015,0.9184,0.9246,0.9239,0.9173,1,M
26637,El Camino Creek Elementary School,50,0.4534,0.3099,0.3482,0.98,0.3051,0.35,0.3703,0.3679,0.3472,0.2184,0.2864,0.33,0.3495,0.3471,0.3271,0.2505,0.3236,0.3699,0.3905,0.3881,0.367,1,L
26642,El Toyon Elementary School,67,0.9748,0.9479,0.9817,0.9851,0.967,0.9732,0.9754,0.9751,0.9728,0.9107,0.9463,0.956,0.9595,0.9591,0.9554,0.9601,0.983,0.9863,0.9874,0.9873,0.9862,0.0388,H
26643,Elevate Elementary,50,0.9896,0.9785,0.9944,0.98,0.9896,0.9918,0.9924,0.9924,0.9917,0.9556,0.9795,0.9835,0.9848,0.9847,0.9833,0.979,0.9968,0.9976,0.9978,0.9978,0.9976,0,H
26650,Emerson/Bandini Elementary School,72,0.9014,0.8203,0.9133,0.9861,0.8635,0.886,0.8945,0.8935,0.8847,0.7382,0.8086,0.8385,0.8501,0.849,0.8369,0.8621,0.9088,0.9246,0.9304,0.9297,0.9236,1,M
26655,Emory Elementary School,60,0.984,0.9706,0.9871,0.9833,0.9807,0.9844,0.9857,0.9856,0.9843,0.9437,0.9709,0.9764,0.9784,0.9782,0.9762,0.9681,0.9888,0.991,0.9918,0.9917,0.9909,0,H
26657,Empower Language Academy,38,0.986,0.9829,0.9954,0.9474,0.9922,0.9939,0.9944,0.9943,0.9938,0.962,0.9843,0.9873,0.9884,0.9883,0.9871,0.9805,0.9978,0.9985,0.9986,0.9986,0.9984,0,H
26659,Empresa Elementary School,107,0.9817,0.9656,0.9861,0.9813,0.9778,0.9821,0.9836,0.9834,0.9819,0.9364,0.9655,0.9719,0.9742,0.974,0.9716,0.9665,0.9878,0.9902,0.9911,0.991,0.9901,0,H
26660,Encanto Elementary School,86,0.9805,0.9634,0.9861,0.9767,0.9772,0.9816,0.9831,0.9829,0.9813,0.9332,0.9631,0.9699,0.9724,0.972,0.9695,0.9666,0.9878,0.9903,0.9911,0.991,0.9902,0,H
26664,Encinitas Country Day School,48,0.7758,0.6417,0.7873,0.9583,0.7006,0.7418,0.7582,0.7563,0.7393,0.5285,0.6199,0.667,0.6867,0.6843,0.6646,0.6982,0.7739,0.8075,0.8205,0.8189,0.8053,1,L
26673,endeavour academy,24,0.8552,0.7448,0.8947,0.9167,0.8159,0.8448,0.856,0.8547,0.8432,0.6449,0.7283,0.7673,0.7827,0.7809,0.765,0.8366,0.8886,0.9076,0.9148,0.9139,0.9065,1,L
26674,English French Learning Academy,25,0.8397,0.6363,0.9544,0.8,0.8213,0.8494,0.8604,0.8592,0.8479,0.5224,0.6139,0.6619,0.681,0.6786,0.6587,0.9199,0.9533,0.9619,0.965,0.9647,0.9614,0.9665,L
26675,epiphany prep charter,85,0.9847,0.9747,0.9924,0.9647,0.9862,0.9889,0.9899,0.9898,0.9888,0.9496,0.9754,0.9801,0.9818,0.9817,0.98,0.9761,0.9946,0.9958,0.9962,0.9961,0.9957,0,H
26677,Ericson Elementary School,151,0.994,0.9864,0.9962,0.9868,0.9943,0.9956,0.996,0.9959,0.9955,0.967,0.988,0.9904,0.9912,0.9911,0.9903,0.9816,0.9987,0.9991,0.9992,0.9992,0.9991,0,H
26681,Escondido Adventist Academy,13,0.9868,0.9688,0.9873,1,0.9807,0.9844,0.9857,0.9856,0.9842,0.941,0.969,0.9748,0.9769,0.9767,0.9745,0.9684,0.9891,0.9913,0.992,0.9919,0.9912,0,H
26684,Escondido Christian School,47,0.9799,0.9523,0.9948,0.9574,0.9811,0.9848,0.986,0.9859,0.9845,0.9174,0.9512,0.96,0.9633,0.9629,0.9595,0.9794,0.9971,0.9979,0.9981,0.9981,0.9979,0.0182,H
26690,eucalyptus hills elementary,92,0.9955,0.993,0.997,0.9783,0.9985,0.999,0.9991,0.9991,0.999,0.9767,0.9952,0.9963,0.9966,0.9966,0.9963,0.9829,0.9995,0.9999,0.9999,0.9999,0.9999,0,H
26692,Euclid Elementary School,85,0.9919,0.9856,0.9956,0.9765,0.9937,0.9951,0.9955,0.9954,0.995,0.9658,0.9872,0.9898,0.9906,0.9905,0.9896,0.9808,0.9981,0.9987,0.9988,0.9988,0.9987,0,H
26695,evangeline roberts institute of learning,34,0.9988,0.9908,0.997,1,0.9981,0.9987,0.9988,0.9988,0.9986,0.9735,0.9928,0.9943,0.9948,0.9948,0.9943,0.9828,0.9995,0.9999,0.9999,0.9999,0.9999,0,H
26696,The Evans School,24,0.9764,0.9632,0.9845,0.9583,0.9758,0.9804,0.982,0.9818,0.9801,0.933,0.9628,0.9698,0.9722,0.9719,0.9693,0.9642,0.986,0.9888,0.9898,0.9897,0.9887,0,H
26698,excel academy charter,132,0.9049,0.987,0.9966,0.447,0.9955,0.9966,0.9969,0.9969,0.9966,0.9678,0.9887,0.991,0.9918,0.9917,0.9909,0.9823,0.9992,0.9996,0.9996,0.9996,0.9996,0,M
26702,Explorer Elementary School,66,0.9642,0.9746,0.9944,0.8333,0.9882,0.9906,0.9914,0.9913,0.9905,0.9496,0.9753,0.98,0.9817,0.9814,0.9798,0.9789,0.9967,0.9975,0.9977,0.9977,0.9975,0,H
26703,Fahari L. Jeffers Elementary,84,0.9948,0.9908,0.997,0.9762,0.998,0.9986,0.9988,0.9987,0.9986,0.9735,0.9928,0.9944,0.9949,0.9948,0.9943,0.9828,0.9995,0.9999,0.9999,0.9999,0.9999,0,H
26711,faith lutheran elementary,19,0.955,0.9229,0.9689,0.9474,0.9478,0.9573,0.9607,0.9603,0.9568,0.8755,0.9193,0.9334,0.9387,0.938,0.9326,0.9413,0.9691,0.9749,0.9769,0.9767,0.9746,0.5258,H
26721,Fallbrook Homeschool Academy (FHA),,0.7505,0.7246,0.7749,0.6524,0.7344,0.7725,0.7875,0.7858,0.7703,0.6214,0.7069,0.7477,0.7639,0.7619,0.7453,0.6815,0.7603,0.7957,0.8096,0.808,0.7936,1,L
26723,Fallbrook Street Elementary School,102,0.9956,0.992,0.997,0.9804,0.9981,0.9987,0.9988,0.9988,0.9987,0.9754,0.9941,0.9955,0.9959,0.9958,0.9955,0.9828,0.9995,0.9998,0.9999,0.9999,0.9998,0,H
26731,Farr Avenue Elementary School,105,0.9729,0.9443,0.9775,0.9905,0.9631,0.9699,0.9724,0.9721,0.9696,0.9056,0.9423,0.9528,0.9565,0.9561,0.9522,0.9539,0.9784,0.9825,0.984,0.9838,0.9823,0.0765,H
26734,Fay Elementary School,103,0.9971,0.9902,0.9969,0.9903,0.998,0.9986,0.9987,0.9987,0.9986,0.9726,0.9921,0.9938,0.9943,0.9943,0.9937,0.9828,0.9995,0.9998,0.9998,0.9998,0.9998,0,H
26747,Feaster (Mae L.) Charter School,117,0.9941,0.9809,0.9963,0.9915,0.9933,0.9948,0.9952,0.9952,0.9947,0.9588,0.982,0.9856,0.9867,0.9866,0.9854,0.9818,0.9988,0.9992,0.9993,0.9993,0.9992,0,H
26748,Felicita Elementary School,115,0.972,0.9474,0.9741,0.9913,0.9615,0.9687,0.9712,0.9709,0.9683,0.9104,0.9457,0.9555,0.959,0.9586,0.9549,0.9489,0.9747,0.9795,0.9812,0.981,0.9793,0.0532,H
26752,Field Elementary School,75,0.9934,0.9847,0.996,0.9867,0.9935,0.9949,0.9954,0.9953,0.9949,0.9644,0.9862,0.989,0.9899,0.9898,0.9888,0.9814,0.9985,0.9991,0.9991,0.9991,0.9991,0,H
26757,Finney (Myrtle S.) Elementary School,47,0.9843,0.9175,0.9965,0.9574,0.9874,0.9899,0.9907,0.9906,0.9898,0.8687,0.9136,0.9285,0.934,0.9333,0.9275,0.9821,0.999,0.9994,0.9995,0.9995,0.9994,0.0975,H
26764,Fletcher Elementary School,40,0.9885,0.9748,0.9968,0.95,0.9952,0.9963,0.9966,0.9966,0.9963,0.9499,0.9754,0.9801,0.9818,0.9816,0.9799,0.9826,0.9994,0.9997,0.9998,0.9998,0.9997,0.001,H
26765,Fletcher Hills Elementary School,97,0.9873,0.887,0.9965,0.9794,0.9864,0.9892,0.9901,0.99,0.989,0.8267,0.8805,0.9007,0.9083,0.9074,0.8995,0.9821,0.999,0.9994,0.9995,0.9995,0.9994,0.1502,H
26768,Flora Vista Elementary School,56,0.9938,0.9845,0.9967,0.9821,0.9951,0.9962,0.9966,0.9965,0.9962,0.9643,0.986,0.9888,0.9898,0.9897,0.9887,0.9823,0.9992,0.9996,0.9996,0.9996,0.9996,0,H
26769,Florence Elementary School,46,0.9886,0.9823,0.9964,0.9565,0.9938,0.9951,0.9956,0.9955,0.9951,0.961,0.9836,0.9868,0.9879,0.9878,0.9866,0.9819,0.9989,0.9994,0.9994,0.9994,0.9994,0,H
26771,Flying Hills Elementary School,80,0.9918,0.9705,0.9968,0.975,0.9939,0.9952,0.9957,0.9956,0.9952,0.9436,0.9709,0.9763,0.9782,0.978,0.976,0.9825,0.9993,0.9997,0.9997,0.9997,0.9997,8e-04,H
26772,Foothill Oak Elementary School,95,0.9854,0.9745,0.9888,0.9789,0.9837,0.9869,0.988,0.9879,0.9867,0.9495,0.9751,0.9799,0.9815,0.9814,0.9796,0.9707,0.9907,0.9926,0.9933,0.9932,0.9926,0,H
26778,Foothills Christian School,43,0.9454,0.9656,0.9961,0.7209,0.9881,0.9905,0.9913,0.9912,0.9904,0.9365,0.9655,0.972,0.9743,0.974,0.9716,0.9815,0.9986,0.9991,0.9992,0.9992,0.9991,3e-04,M
26784,Foster Elementary School,116,0.9819,0.877,0.9964,0.9655,0.9819,0.9854,0.9866,0.9865,0.9852,0.8127,0.8697,0.8914,0.8994,0.8986,0.8901,0.9819,0.999,0.9994,0.9994,0.9994,0.9994,0.1945,H
26787,Francis Parker School,59,0.9882,0.9786,0.9906,0.9831,0.9868,0.9894,0.9903,0.9902,0.9893,0.9555,0.9796,0.9835,0.9848,0.9847,0.9833,0.9732,0.9926,0.9942,0.9947,0.9946,0.9941,0,H
26791,Franklin Elementary School,67,0.9927,0.9826,0.996,0.9851,0.9928,0.9943,0.9948,0.9947,0.9943,0.9616,0.984,0.9871,0.9882,0.988,0.9869,0.9814,0.9985,0.999,0.9991,0.9991,0.999,0,H
26795,Freese Elementary School,34,0.9738,0.967,0.9825,0.9412,0.9761,0.9807,0.9823,0.9821,0.9804,0.9385,0.9669,0.9731,0.9753,0.9751,0.9727,0.9613,0.9838,0.987,0.9881,0.988,0.9869,0,H
26802,Fuerte Elementary School,136,0.9766,0.9569,0.9772,0.9926,0.9679,0.9739,0.976,0.9758,0.9736,0.9239,0.9561,0.9642,0.9671,0.9667,0.9637,0.9534,0.978,0.9823,0.9838,0.9836,0.9821,8e-04,H
26803,Fulton K-8,41,0.9729,0.9634,0.9792,0.9512,0.9724,0.9776,0.9794,0.9792,0.9773,0.9333,0.9631,0.97,0.9724,0.9722,0.9697,0.9565,0.9803,0.9841,0.9854,0.9852,0.9839,0,H
26811,Gage Elementary School,128,0.9812,0.963,0.983,0.9922,0.9746,0.9794,0.9811,0.9809,0.9791,0.9328,0.9626,0.9695,0.972,0.9717,0.9691,0.962,0.9843,0.9874,0.9884,0.9883,0.9872,0,H
26815,Garden Road Elementary School,95,0.9745,0.9557,0.9851,0.9579,0.9732,0.9783,0.98,0.9798,0.978,0.9221,0.9548,0.963,0.966,0.9657,0.9625,0.9651,0.9866,0.9893,0.9902,0.9901,0.9892,0.006,H
26816,Garfield Elementary School,61,0.9943,0.9868,0.9966,0.9836,0.9955,0.9966,0.9969,0.9968,0.9966,0.9675,0.9885,0.9908,0.9916,0.9915,0.9907,0.9822,0.9991,0.9995,0.9996,0.9996,0.9995,0,H
26823,George Nicoloff Elementary School,83,0.9111,0.8484,0.9182,0.9759,0.8793,0.8995,0.9072,0.9063,0.8984,0.7747,0.8389,0.8647,0.8745,0.8735,0.8634,0.869,0.9142,0.9291,0.9347,0.9341,0.9283,1,M
26829,Gillispie School,,0.9951,0.9873,0.9969,0.98,0.9975,0.9982,0.9984,0.9983,0.9982,0.9683,0.989,0.9913,0.992,0.9919,0.9912,0.9828,0.9995,0.9998,0.9999,0.9999,0.9998,0,H
26831,Glen View Elementary School,128,0.9842,0.9676,0.9861,0.9922,0.9789,0.9829,0.9844,0.9842,0.9827,0.9392,0.9676,0.9737,0.9759,0.9756,0.9734,0.9665,0.9877,0.9902,0.991,0.9909,0.9901,0,H
26839,Godfrey G. Berry Elementary School,47,0.9895,0.9848,0.9966,0.9574,0.9948,0.996,0.9964,0.9963,0.996,0.9647,0.9863,0.9891,0.99,0.9899,0.9889,0.9822,0.9991,0.9995,0.9996,0.9995,0.9995,0,H
26842,Golden Hill K-8,86,0.9872,0.9713,0.9947,0.9767,0.9868,0.9895,0.9904,0.9903,0.9893,0.9448,0.9716,0.977,0.9788,0.9786,0.9766,0.9794,0.997,0.9978,0.998,0.998,0.9978,0,H
26849,Good Shepherd Catholic,46,0.9866,0.9827,0.9939,0.9565,0.9908,0.9927,0.9933,0.9933,0.9926,0.9615,0.984,0.9872,0.9883,0.9881,0.987,0.9782,0.9962,0.9971,0.9974,0.9974,0.9971,0,H
26855,Grace Christian,23,0.9738,0.9624,0.9799,0.9565,0.9724,0.9776,0.9794,0.9792,0.9773,0.9319,0.9621,0.9691,0.9716,0.9713,0.9687,0.9574,0.981,0.9846,0.9859,0.9858,0.9845,0,H
26859,grace lutheran elementary,,0.9911,0.9848,0.9956,0.9741,0.9932,0.9947,0.9951,0.9951,0.9946,0.9646,0.9863,0.989,0.9899,0.9898,0.9889,0.9808,0.9981,0.9987,0.9988,0.9988,0.9987,0,H
26865,Grant K-8,84,0.9904,0.9834,0.9947,0.9762,0.9917,0.9934,0.994,0.9939,0.9933,0.9626,0.9847,0.9878,0.9888,0.9887,0.9876,0.9793,0.997,0.9978,0.998,0.998,0.9978,0,H
26867,Grapevine Elementary School,152,0.9962,0.9899,0.9969,0.9868,0.9974,0.9981,0.9983,0.9982,0.9981,0.9722,0.9918,0.9935,0.9941,0.994,0.9935,0.9827,0.9994,0.9998,0.9998,0.9998,0.9998,0,H
26871,Greater San Diego Academy,23,0.9413,0.9931,0.997,0.6522,0.9987,0.9992,0.9993,0.9992,0.9992,0.9769,0.9953,0.9964,0.9967,0.9967,0.9963,0.9829,0.9996,0.9999,0.9999,0.9999,0.9999,0,M
26872,Green Elementary School,80,0.9904,0.9817,0.9956,0.975,0.9919,0.9936,0.9942,0.9941,0.9936,0.9601,0.9829,0.9863,0.9874,0.9873,0.9861,0.9808,0.9981,0.9987,0.9988,0.9988,0.9987,0,H
26873,Green Hills Learning Center,21,0.9826,0.9322,0.9964,0.9524,0.9861,0.9889,0.9898,0.9897,0.9888,0.8885,0.9293,0.9419,0.9466,0.946,0.9412,0.982,0.999,0.9994,0.9995,0.9995,0.9994,0.08,H
26894,Guajome Park Academy Charter,45,0.9848,0.9688,0.9962,0.9556,0.9885,0.9909,0.9916,0.9915,0.9907,0.9409,0.9689,0.9747,0.9768,0.9765,0.9743,0.9816,0.9987,0.9992,0.9993,0.9992,0.9992,3e-04,H
26899,Hage Elementary School,112,0.987,0.921,0.9965,0.9732,0.9874,0.9899,0.9908,0.9907,0.9898,0.8733,0.9174,0.9317,0.9371,0.9365,0.9309,0.9821,0.9991,0.9995,0.9995,0.9995,0.9995,0.0835,H
26901,Halecrest Elementary School,76,0.7316,0.6227,0.6983,0.9737,0.6402,0.6859,0.7045,0.7023,0.6831,0.5075,0.6001,0.6483,0.6683,0.6659,0.6456,0.5912,0.6795,0.7223,0.7395,0.7375,0.7198,1,L
26903,Hamilton Elementary School,86,0.7801,0.6339,0.8145,0.9302,0.7127,0.7526,0.7685,0.7666,0.7501,0.5201,0.6118,0.6594,0.6787,0.6766,0.6569,0.7312,0.8024,0.8333,0.8451,0.8437,0.8316,1,L
26906,Hancock Elementary School,185,0.8572,0.7315,0.8851,0.9892,0.8023,0.8329,0.8446,0.8433,0.8311,0.629,0.714,0.7541,0.7698,0.7681,0.7517,0.8237,0.8788,0.8989,0.9064,0.9056,0.8976,1,L
26909,Hannalei Elementary School,71,0.9833,0.9569,0.9919,0.9859,0.979,0.983,0.9845,0.9843,0.9828,0.9238,0.9561,0.9642,0.967,0.9667,0.9637,0.9752,0.994,0.9954,0.9958,0.9957,0.9953,0.0078,H
26910,Hanson Elementary School,77,0.992,0.9595,0.9968,0.974,0.9945,0.9957,0.9961,0.9961,0.9957,0.9276,0.9589,0.9666,0.9694,0.969,0.9663,0.9826,0.9994,0.9997,0.9997,0.9997,0.9997,0.011,H
26914,Harbor Springs Charter,31,0.9063,0.9715,0.9867,0.5161,0.9809,0.9846,0.9859,0.9857,0.9844,0.945,0.9719,0.9772,0.9791,0.9789,0.9769,0.9675,0.9885,0.9908,0.9916,0.9915,0.9907,0,M
26916,Harborside Elementary School,112,0.9892,0.9777,0.9934,0.9821,0.9885,0.9909,0.9916,0.9915,0.9907,0.9542,0.9786,0.9828,0.9842,0.984,0.9825,0.9775,0.9957,0.9967,0.997,0.997,0.9967,0,H
26918,Hardy Elementary School,90,0.9938,0.986,0.9968,0.9778,0.9961,0.9971,0.9973,0.9973,0.997,0.9664,0.9876,0.9901,0.991,0.9909,0.99,0.9825,0.9994,0.9997,0.9997,0.9997,0.9997,0,H
26919,Harriet Tubman Village Charter School,69,0.9887,0.9347,0.9965,0.9855,0.987,0.9896,0.9905,0.9904,0.9895,0.8922,0.9321,0.9441,0.9485,0.948,0.9433,0.9821,0.999,0.9994,0.9995,0.9995,0.9994,0.0712,H
26921,Hawking S.T.E.A.M. Charter,200,0.9824,0.959,0.9886,0.99,0.9768,0.9812,0.9828,0.9826,0.981,0.9268,0.9584,0.9659,0.9687,0.9685,0.9656,0.9703,0.9905,0.9925,0.9931,0.9931,0.9924,0.0035,H
26922,hawking s.t.e.a.m. charter school 2,84,0.9951,0.9928,0.997,0.9762,0.9985,0.999,0.9991,0.9991,0.999,0.9766,0.995,0.9962,0.9965,0.9965,0.9961,0.9828,0.9996,0.9999,0.9999,0.9999,0.9999,0,H
26923,Hawthorne Elementary School,53,0.9958,0.9916,0.997,0.9811,0.9983,0.9988,0.9989,0.9989,0.9988,0.9748,0.9937,0.9951,0.9955,0.9955,0.9951,0.9828,0.9995,0.9999,0.9999,0.9999,0.9999,0,H
26927,Hearst Elementary School,90,0.9946,0.9894,0.9969,0.9778,0.9973,0.998,0.9982,0.9982,0.998,0.9716,0.9913,0.9931,0.9937,0.9936,0.993,0.9827,0.9994,0.9998,0.9998,0.9998,0.9998,0,H
26930,Hedenkamp (Anne And William) Elementary School,94,0.9138,0.7678,0.9565,0.9787,0.8824,0.9022,0.9096,0.9088,0.901,0.6741,0.7531,0.789,0.8029,0.8011,0.7866,0.9232,0.9556,0.9638,0.9667,0.9663,0.9633,0.9538,M
26931,The Heights Charter,45,0.8676,0.721,0.912,0.9556,0.824,0.8519,0.8626,0.8613,0.8502,0.6179,0.7032,0.7442,0.7603,0.7583,0.7416,0.8606,0.9075,0.9234,0.9293,0.9286,0.9224,1,L
26937,Heritage Elementary School,134,0.9943,0.9458,0.9968,0.9925,0.9932,0.9947,0.9952,0.9951,0.9947,0.9079,0.944,0.9541,0.9578,0.9574,0.9535,0.9825,0.9993,0.9997,0.9997,0.9997,0.9997,0.0315,H
26940,Heritage Christian School Of San Diego,31,0.8133,0.944,0.9677,0.0645,0.9556,0.9637,0.9666,0.9663,0.9633,0.9054,0.9421,0.9525,0.9563,0.9558,0.9519,0.9395,0.9678,0.9738,0.976,0.9757,0.9735,0.1518,L
26943,Heritage K-8 Charter School,140,0.9943,0.9928,0.997,0.9714,0.9985,0.999,0.9991,0.9991,0.999,0.9766,0.995,0.9962,0.9965,0.9965,0.9961,0.9828,0.9995,0.9999,0.9999,0.9999,0.9999,0,H
26944,Hickman Elementary School,88,0.995,0.9907,0.997,0.9773,0.9981,0.9987,0.9988,0.9988,0.9986,0.9734,0.9927,0.9943,0.9947,0.9947,0.9942,0.9828,0.9995,0.9999,0.9999,0.9999,0.9999,0,H
26950,High Tech Elementary,70,0.9867,0.9712,0.9909,0.9857,0.9839,0.9871,0.9882,0.9881,0.9869,0.9449,0.9716,0.977,0.9789,0.9786,0.9767,0.9737,0.9929,0.9944,0.9949,0.9949,0.9944,0,H
26953,High Tech Elementary Chula Vista School,72,0.9881,0.9748,0.9917,0.9861,0.9859,0.9887,0.9897,0.9895,0.9886,0.9497,0.9754,0.9801,0.9817,0.9815,0.9798,0.9748,0.9938,0.9951,0.9956,0.9955,0.9951,0,H
26955,high tech elementary explorer,45,0.9822,0.9765,0.9892,0.9556,0.9848,0.9878,0.9888,0.9887,0.9877,0.9525,0.9774,0.9817,0.9833,0.9831,0.9815,0.9711,0.991,0.9929,0.9935,0.9934,0.9928,0,H
26964,High Tech Elementary Mesa,69,0.9911,0.9808,0.9942,0.9855,0.9904,0.9924,0.993,0.993,0.9923,0.9588,0.9819,0.9854,0.9867,0.9865,0.9853,0.9786,0.9966,0.9974,0.9976,0.9976,0.9974,0,H
26966,High Tech Elementary North County,71,0.9966,0.9914,0.997,0.9859,0.9983,0.9989,0.999,0.9989,0.9989,0.9745,0.9935,0.9949,0.9954,0.9953,0.9949,0.9829,0.9996,0.9999,0.9999,0.9999,0.9999,0,H
26973,Highland Ranch Elementary School,121,0.9902,0.9602,0.9966,0.9752,0.9916,0.9934,0.994,0.9939,0.9933,0.9286,0.9594,0.9671,0.9698,0.9695,0.9667,0.9822,0.9991,0.9995,0.9996,0.9996,0.9995,0.0063,H
26974,Highlands Elementary School,103,0.9713,0.9427,0.9764,0.9903,0.9609,0.9681,0.9707,0.9704,0.9677,0.9035,0.9406,0.9512,0.9551,0.9547,0.9507,0.9523,0.9772,0.9815,0.9831,0.9829,0.9813,0.1082,H
26975,Hill Creek Elementary School,100,0.9902,0.9781,0.9927,0.99,0.988,0.9904,0.9912,0.9911,0.9903,0.9547,0.9791,0.9831,0.9845,0.9844,0.9829,0.9763,0.9949,0.996,0.9964,0.9963,0.996,0,H
26983,Hilltop Drive Elementary School,60,0.9963,0.9923,0.997,0.9833,0.9984,0.9989,0.999,0.999,0.9989,0.9758,0.9945,0.9957,0.9961,0.9961,0.9957,0.9828,0.9995,0.9999,0.9999,0.9999,0.9999,0,H
26988,Holly Drive Leadership Academy,22,0.9813,0.9747,0.9887,0.9545,0.9837,0.9869,0.988,0.9879,0.9867,0.9497,0.9753,0.98,0.9817,0.9815,0.9798,0.9703,0.9906,0.9926,0.9932,0.9931,0.9925,0,H
26989,Holmes Elementary School,113,0.9972,0.9904,0.9969,0.9912,0.9979,0.9985,0.9986,0.9986,0.9985,0.973,0.9924,0.994,0.9945,0.9945,0.9939,0.9828,0.9995,0.9998,0.9999,0.9999,0.9998,0,H
26990,Holy Family Elementary School,13,0.9955,0.983,0.9961,1,0.9933,0.9947,0.9952,0.9951,0.9947,0.9619,0.9844,0.9875,0.9885,0.9884,0.9873,0.9815,0.9986,0.9991,0.9992,0.9992,0.9991,0,H
26992,Holy Trinity Elementary School,12,0.9991,0.9923,0.997,1,0.9984,0.9989,0.999,0.999,0.9989,0.9759,0.9945,0.9958,0.9961,0.9961,0.9957,0.9829,0.9996,0.9999,0.9999,0.9999,0.9999,0,H
27007,Hope Elementary School,113,0.9859,0.9715,0.9879,0.9912,0.9816,0.9852,0.9864,0.9863,0.985,0.9453,0.9718,0.9771,0.979,0.9788,0.9768,0.9692,0.9896,0.9918,0.9925,0.9924,0.9917,0,H
27015,Horizon Christian Academy,25,0.9911,0.9886,0.9967,0.96,0.9965,0.9974,0.9976,0.9976,0.9974,0.9703,0.9905,0.9924,0.9931,0.993,0.9923,0.9825,0.9993,0.9997,0.9997,0.9997,0.9997,0,H
27019,Horizon Prep,50,0.9954,0.9893,0.997,0.98,0.9979,0.9985,0.9986,0.9986,0.9985,0.9714,0.9912,0.993,0.9936,0.9935,0.9929,0.9828,0.9995,0.9998,0.9999,0.9999,0.9999,0,H
27022,Horton Elementary School,82,0.9797,0.9593,0.988,0.9756,0.9764,0.9809,0.9824,0.9823,0.9806,0.9273,0.9586,0.9662,0.969,0.9687,0.9658,0.9694,0.9898,0.9919,0.9926,0.9925,0.9918,0.0018,H
27024,Howard Gardner Community Charter,36,0.8309,0.7273,0.8444,0.9444,0.7768,0.8103,0.8235,0.822,0.8084,0.6253,0.7096,0.7502,0.7662,0.7643,0.7474,0.7695,0.8345,0.8611,0.8714,0.8703,0.8598,1,L
27025,Howard Pence Elementary School,70,0.9951,0.987,0.9968,0.9857,0.9962,0.9971,0.9974,0.9973,0.9971,0.9679,0.9887,0.991,0.9918,0.9917,0.9909,0.9825,0.9993,0.9997,0.9997,0.9997,0.9997,0,H
27026,Ibarra Elementary School,86,0.9936,0.9871,0.9967,0.9767,0.9961,0.9971,0.9973,0.9973,0.9971,0.9681,0.9888,0.9911,0.9918,0.9918,0.991,0.9825,0.9993,0.9996,0.9997,0.9997,0.9997,0,H
27030,Iftin Charter School,61,0.9905,0.981,0.9938,0.9836,0.9899,0.992,0.9927,0.9926,0.9919,0.9591,0.9822,0.9857,0.9868,0.9867,0.9855,0.978,0.9961,0.997,0.9973,0.9973,0.997,0,H
27040,Imperial Beach Charter School,97,0.9812,0.9687,0.9835,0.9794,0.9776,0.9819,0.9834,0.9832,0.9816,0.941,0.9689,0.9747,0.9768,0.9765,0.9744,0.9628,0.9849,0.988,0.989,0.9888,0.9878,0,H
27052,Innovations Academy,44,0.9888,0.986,0.9963,0.9545,0.9945,0.9958,0.9961,0.9961,0.9957,0.9665,0.9876,0.9901,0.9909,0.9908,0.99,0.9818,0.9988,0.9993,0.9993,0.9993,0.9993,0,H
27054,Inspire Charter School - South,818,0.8251,0.9188,0.9462,0.2421,0.9303,0.9427,0.9472,0.9467,0.9419,0.8697,0.9147,0.9297,0.9351,0.9345,0.9288,0.9085,0.9444,0.9545,0.9581,0.9576,0.9539,0.9958,L
27058,Integrity Charter School,40,0.988,0.9865,0.9962,0.95,0.9945,0.9958,0.9961,0.9961,0.9957,0.9673,0.9882,0.9906,0.9914,0.9913,0.9905,0.9816,0.9987,0.9992,0.9993,0.9993,0.9992,0,H
27068,Ira Harbison School,91,0.9385,0.8911,0.9462,0.978,0.9172,0.9316,0.937,0.9364,0.9309,0.8316,0.8848,0.9043,0.9115,0.9106,0.9031,0.9086,0.9445,0.9546,0.9581,0.9577,0.9539,0.9908,M
27070,Ivey Ranch Elementary School,138,0.9922,0.9743,0.9962,0.9928,0.9902,0.9922,0.9929,0.9928,0.9921,0.9492,0.975,0.9797,0.9814,0.9812,0.9794,0.9817,0.9987,0.9992,0.9993,0.9992,0.9992,0,H
27076,Jamacha Elementary School,78,0.9888,0.9802,0.9935,0.9744,0.9897,0.9918,0.9925,0.9925,0.9918,0.9579,0.9814,0.985,0.9863,0.9861,0.9848,0.9775,0.9957,0.9967,0.997,0.997,0.9967,0,H
27077,James Dukes Elementary School,81,0.9909,0.9931,0.997,0.9506,0.9985,0.999,0.9991,0.9991,0.999,0.977,0.9954,0.9964,0.9967,0.9967,0.9964,0.9829,0.9996,0.9999,0.9999,0.9999,0.9999,0,H
27079,Jamul Elementary,86,0.9895,0.9928,0.997,0.9419,0.9985,0.999,0.9991,0.9991,0.999,0.9766,0.995,0.9962,0.9965,0.9965,0.9961,0.9829,0.9996,0.9999,0.9999,0.9999,0.9999,0,H
27083,JCS - Cedar Cove,36,0.9462,0.8816,0.9965,0.75,0.9823,0.9857,0.9869,0.9868,0.9855,0.819,0.8748,0.8955,0.9035,0.9026,0.8944,0.982,0.999,0.9994,0.9995,0.9995,0.9994,0.173,M
27084,JCS - Manzanita,25,0.9663,0.9805,0.9936,0.84,0.9897,0.9918,0.9925,0.9924,0.9917,0.9584,0.9817,0.9853,0.9865,0.9864,0.9851,0.9778,0.9959,0.9969,0.9972,0.9971,0.9969,0,H
27085,JCS - Mountain Oaks,21,0.952,0.9799,0.9914,0.7619,0.9878,0.9903,0.9911,0.991,0.9902,0.9574,0.981,0.9846,0.9859,0.9858,0.9845,0.9745,0.9935,0.9949,0.9953,0.9953,0.9948,0,H
27088,Jefferson Elementary School,84,0.9527,0.861,0.9813,0.9762,0.9377,0.9488,0.9529,0.9525,0.9483,0.7909,0.8528,0.8765,0.8855,0.8845,0.8751,0.9594,0.9825,0.986,0.9872,0.9871,0.9859,0.6462,H
27092,Jerabek Elementary School,122,0.9866,0.9793,0.9924,0.9672,0.9883,0.9906,0.9914,0.9913,0.9905,0.9566,0.9804,0.9842,0.9855,0.9853,0.984,0.9759,0.9945,0.9958,0.9961,0.9961,0.9958,0,H
27095,John A. Otis Elementary School,62,0.9964,0.9927,0.997,0.9839,0.9985,0.999,0.9991,0.9991,0.999,0.9763,0.9949,0.9961,0.9964,0.9964,0.996,0.9829,0.9996,0.9999,0.9999,0.9999,0.9999,0,H
27096,John Muir School,24,0.9681,0.9438,0.9801,0.9583,0.9639,0.9706,0.973,0.9727,0.9703,0.9051,0.9418,0.9523,0.9561,0.9557,0.9517,0.9576,0.9812,0.9849,0.9861,0.986,0.9847,0.0772,H
27097,Johnson Elementary School,64,0.9814,0.962,0.9866,0.9844,0.9766,0.9811,0.9827,0.9825,0.9809,0.9311,0.9616,0.9687,0.9713,0.971,0.9683,0.9672,0.9883,0.9906,0.9914,0.9913,0.9905,8e-04,H
27104,Joli Ann Leichtag Elementary School,120,0.9886,0.9755,0.9905,0.9917,0.9853,0.9882,0.9892,0.9891,0.9881,0.9509,0.9763,0.9808,0.9823,0.9821,0.9805,0.9732,0.9925,0.9942,0.9947,0.9946,0.9941,0,H
27105,Jonas Salk Elementary School,130,0.9226,0.8567,0.9356,0.9769,0.8951,0.913,0.9197,0.9189,0.9119,0.7853,0.8478,0.8727,0.882,0.8811,0.8716,0.8936,0.9331,0.9449,0.9493,0.9487,0.9442,0.9985,M
27106,Jones Elementary School,69,0.9898,0.9797,0.9925,0.9855,0.9885,0.9908,0.9916,0.9915,0.9907,0.9571,0.9808,0.9845,0.9858,0.9857,0.9844,0.9761,0.9947,0.9959,0.9963,0.9962,0.9959,0,H
27113,Joyner Elementary School,76,0.9858,0.9776,0.9894,0.9737,0.9856,0.9885,0.9894,0.9893,0.9883,0.954,0.9786,0.9827,0.9841,0.984,0.9825,0.9715,0.9913,0.9931,0.9937,0.9937,0.9931,0,H
27118,Juarez Elementary School,44,0.9888,0.9873,0.9959,0.9545,0.9945,0.9957,0.9961,0.996,0.9957,0.9684,0.9891,0.9913,0.992,0.9919,0.9912,0.9811,0.9984,0.9989,0.999,0.999,0.9989,0,H
27119,Juarez-Lincoln Elementary School,52,0.9906,0.9474,0.9966,0.9808,0.9909,0.9928,0.9934,0.9933,0.9927,0.91,0.9457,0.9555,0.9592,0.9588,0.9552,0.9823,0.9992,0.9996,0.9996,0.9996,0.9996,0.0322,H
27121,Julian Elementary School,45,0.966,0.8947,0.9912,0.9556,0.9615,0.9686,0.9712,0.9709,0.9682,0.8374,0.889,0.9078,0.9148,0.9138,0.9065,0.9742,0.9932,0.9947,0.9952,0.9952,0.9947,0.3155,H
27125,julian charter,124,0.9575,0.9618,0.9968,0.7661,0.9946,0.9958,0.9962,0.9962,0.9958,0.9309,0.9614,0.9684,0.9709,0.9706,0.968,0.9825,0.9993,0.9997,0.9997,0.9997,0.9997,0.0098,H
27129,Juniper Elementary School,122,0.9923,0.9497,0.9966,0.9918,0.9907,0.9926,0.9932,0.9932,0.9925,0.9137,0.9482,0.9576,0.961,0.9606,0.957,0.9823,0.9992,0.9996,0.9996,0.9996,0.9996,0.0262,H
27132,Kavod Charter,65,0.6621,0.3539,0.7603,0.9846,0.5503,0.6003,0.6212,0.6189,0.5975,0.2547,0.3294,0.376,0.3967,0.3941,0.3727,0.6647,0.7446,0.7821,0.7968,0.7952,0.7799,1,L
27138,Keiller Leadership Academy,51,0.9943,0.9855,0.9968,0.9804,0.9963,0.9972,0.9974,0.9974,0.9971,0.9657,0.9871,0.9897,0.9906,0.9905,0.9896,0.9826,0.9994,0.9997,0.9997,0.9997,0.9997,0,H
27140,Kellogg (Karl H.) Elementary School,64,0.9945,0.988,0.9966,0.9844,0.9956,0.9967,0.997,0.9969,0.9966,0.9694,0.9898,0.9919,0.9926,0.9925,0.9918,0.9823,0.9992,0.9995,0.9996,0.9996,0.9995,0,H
27141,Kelly Elementary School,68,0.8618,0.7508,0.8931,0.9265,0.8226,0.8507,0.8615,0.8604,0.8492,0.6537,0.735,0.7728,0.7878,0.7861,0.7706,0.8344,0.8872,0.9062,0.9133,0.9125,0.905,1,L
27143,Kempton Street Elementary School,94,0.7999,0.5641,0.8886,0.9362,0.7372,0.775,0.7899,0.7881,0.7727,0.4478,0.5396,0.5899,0.6109,0.6087,0.5872,0.8283,0.8822,0.9021,0.9097,0.9089,0.9012,0.9998,L
27158,Kidinnu Academy,70,0.9845,0.9142,0.9964,0.9857,0.9808,0.9845,0.9858,0.9857,0.9844,0.8634,0.9097,0.9254,0.9313,0.9307,0.9248,0.982,0.9989,0.9993,0.9994,0.9994,0.9993,0.138,H
27170,Kids Town Montessori School,,0.9935,0.9795,0.9968,0.9776,0.9957,0.9968,0.997,0.997,0.9967,0.957,0.9806,0.9843,0.9856,0.9855,0.9841,0.9826,0.9994,0.9997,0.9998,0.9998,0.9997,0,H
27173,Kimball School,85,0.9278,0.8268,0.9591,0.9765,0.9025,0.9193,0.9255,0.9248,0.9183,0.7464,0.8157,0.8447,0.8557,0.8544,0.8427,0.927,0.9585,0.9661,0.9688,0.9685,0.9657,0.946,M
27174,Kimbrough Elementary School,59,0.9168,0.8237,0.9485,0.9492,0.8933,0.9115,0.9184,0.9176,0.9105,0.7427,0.8126,0.8419,0.8533,0.852,0.8402,0.9122,0.9471,0.9567,0.9602,0.9598,0.9562,0.9785,M
27197,"Kinderhouse Montessori Schools, Inc.",,0.9768,0.9532,0.9934,0.9528,0.9776,0.9819,0.9834,0.9833,0.9817,0.9187,0.9519,0.9607,0.9639,0.9635,0.9602,0.9775,0.9957,0.9967,0.997,0.9969,0.9967,0.0165,H
27199,king/chavez primary academy charter,,0.9935,0.9855,0.9967,0.9776,0.9957,0.9968,0.997,0.997,0.9967,0.9656,0.9871,0.9897,0.9906,0.9905,0.9896,0.9824,0.9992,0.9996,0.9997,0.9997,0.9996,0,H
27200,King-Chavez Academy Of Excellence,34,0.9747,0.9657,0.9855,0.9412,0.9774,0.9818,0.9833,0.9831,0.9815,0.9367,0.9655,0.9719,0.9742,0.9739,0.9715,0.9657,0.9871,0.9896,0.9905,0.9904,0.9895,0,H
27209,Kings Academy,10,0.9821,0.9921,0.9969,0.9,0.9981,0.9987,0.9988,0.9988,0.9986,0.9755,0.9943,0.9955,0.9959,0.9959,0.9955,0.9828,0.9995,0.9998,0.9998,0.9998,0.9998,0,H
27218,Knob Hill Elementary School,158,0.9962,0.9874,0.9969,0.9873,0.9973,0.998,0.9982,0.9982,0.998,0.9685,0.9891,0.9914,0.9921,0.992,0.9912,0.9827,0.9995,0.9998,0.9998,0.9998,0.9998,0,H
27226,Kumeyaay Elementary School,85,0.9876,0.9813,0.9943,0.9647,0.9904,0.9924,0.993,0.9929,0.9923,0.9593,0.9825,0.9859,0.987,0.9869,0.9857,0.9788,0.9966,0.9975,0.9977,0.9977,0.9975,0,H
27230,L. R. Green Elementary School,133,0.9901,0.9781,0.9917,0.9925,0.9872,0.9898,0.9906,0.9905,0.9897,0.9547,0.979,0.9831,0.9845,0.9843,0.9829,0.9749,0.9938,0.9952,0.9956,0.9955,0.9951,0,H
27234,La Costa Heights Elementary School,81,0.9324,0.8775,0.9412,0.9753,0.9092,0.9249,0.9308,0.9301,0.9241,0.8133,0.8701,0.8919,0.9002,0.8993,0.8909,0.9013,0.9391,0.9501,0.954,0.9536,0.9495,0.9958,M
27235,La Costa Meadows Elementary School,148,0.9949,0.9863,0.9959,0.9932,0.994,0.9953,0.9957,0.9957,0.9952,0.967,0.988,0.9904,0.9912,0.9911,0.9903,0.9812,0.9984,0.9989,0.999,0.999,0.9989,0,H
27237,La Jolla Elementary School,93,0.8829,0.8197,0.8757,0.9785,0.8396,0.8655,0.8754,0.8742,0.864,0.7379,0.8083,0.8381,0.8498,0.8484,0.8364,0.8109,0.8682,0.8902,0.8984,0.8974,0.8888,1,L
27240,La Jolla Country Day School,50,0.8545,0.7455,0.8697,0.98,0.8008,0.8315,0.8434,0.8419,0.8297,0.6462,0.7293,0.768,0.7833,0.7814,0.7659,0.8028,0.8618,0.8846,0.8934,0.8925,0.8837,1,L
27250,La Mesa Dale Elementary School,95,0.9698,0.9218,0.9875,0.9789,0.9614,0.9685,0.9711,0.9708,0.9682,0.8742,0.9182,0.9324,0.9378,0.9372,0.9317,0.9686,0.9892,0.9914,0.9922,0.9921,0.9913,0.251,H
27253,La Mirada Elementary School,73,0.9793,0.9515,0.9876,0.9863,0.9732,0.9782,0.98,0.9798,0.9779,0.916,0.9502,0.9592,0.9626,0.9622,0.9589,0.9688,0.9893,0.9915,0.9922,0.9921,0.9914,0.017,H
27254,La Mirada Academy,110,0.9978,0.9937,0.997,0.9909,0.9987,0.9992,0.9993,0.9993,0.9992,0.9779,0.996,0.9969,0.9972,0.9972,0.9969,0.9829,0.9996,0.9999,0.9999,0.9999,0.9999,0,H
27255,La Paloma Elementary School,82,0.9916,0.9851,0.996,0.9756,0.9935,0.995,0.9954,0.9953,0.9949,0.9652,0.9867,0.9893,0.9902,0.9902,0.9893,0.9814,0.9985,0.999,0.9991,0.9991,0.999,0,H
27264,La Presa Elementary School,49,0.9874,0.9507,0.9967,0.9592,0.9915,0.9933,0.9938,0.9938,0.9932,0.9147,0.9494,0.9585,0.9618,0.9614,0.9579,0.9823,0.9992,0.9996,0.9996,0.9996,0.9996,0.024,H
27266,Lafayette Elementary School,36,0.9839,0.9785,0.9949,0.9444,0.9899,0.992,0.9927,0.9926,0.9919,0.9553,0.9794,0.9834,0.9848,0.9846,0.9832,0.9797,0.9973,0.998,0.9982,0.9982,0.998,0,H
27267,Lake Elementary School,131,0.9975,0.9917,0.9969,0.9924,0.9979,0.9986,0.9987,0.9987,0.9986,0.9749,0.9938,0.9952,0.9956,0.9955,0.9951,0.9827,0.9995,0.9998,0.9998,0.9998,0.9998,0,H
27275,Lakeside Farms Elementary School,141,0.9956,0.987,0.9965,0.9929,0.9951,0.9962,0.9965,0.9965,0.9962,0.9679,0.9887,0.991,0.9918,0.9917,0.9909,0.9821,0.999,0.9994,0.9995,0.9995,0.9994,0,H
27279,Lakeview Elementary School,124,0.9745,0.9523,0.9759,0.9919,0.965,0.9715,0.9738,0.9736,0.9712,0.9174,0.9511,0.96,0.9633,0.9629,0.9595,0.9514,0.9766,0.9811,0.9827,0.9825,0.9809,0.0088,H
27282,Language Academy,120,0.9916,0.9697,0.9962,0.9917,0.9897,0.9918,0.9925,0.9924,0.9917,0.9424,0.9699,0.9756,0.9776,0.9773,0.9752,0.9817,0.9988,0.9992,0.9993,0.9993,0.9992,0,H
27283,Las Palmas School,110,0.9893,0.9756,0.9921,0.9909,0.9865,0.9892,0.9901,0.99,0.9891,0.9514,0.9764,0.9809,0.9825,0.9823,0.9807,0.9755,0.9943,0.9955,0.9959,0.9959,0.9955,0,H
27285,Lauderbach (J. Calvin) Elementary School,139,0.9931,0.9874,0.9963,0.9784,0.995,0.9961,0.9964,0.9964,0.9961,0.9685,0.9892,0.9914,0.9921,0.9921,0.9913,0.9818,0.9988,0.9993,0.9993,0.9993,0.9993,0,H
27287,Laurel Elementary School,70,0.9878,0.9755,0.9968,0.9429,0.9959,0.9969,0.9972,0.9972,0.9969,0.9509,0.9762,0.9807,0.9823,0.9821,0.9804,0.9826,0.9994,0.9997,0.9998,0.9997,0.9997,0.0015,H
27289,Le Lycée Français de San Diego,27,0.9919,0.9892,0.9968,0.963,0.9971,0.9978,0.998,0.998,0.9978,0.9713,0.9912,0.993,0.9936,0.9935,0.9929,0.9826,0.9994,0.9997,0.9998,0.9998,0.9997,0,H
27290,T.H.E Leadership Academy,85,0.9911,0.9815,0.9962,0.9765,0.9925,0.9942,0.9947,0.9946,0.9941,0.9598,0.9828,0.9862,0.9873,0.9872,0.986,0.9816,0.9987,0.9992,0.9992,0.9992,0.9992,0,H
27292,"Learning Academy, The",20,0.9681,0.9556,0.975,0.95,0.9658,0.9722,0.9745,0.9742,0.9718,0.9219,0.9546,0.9629,0.9659,0.9656,0.9625,0.9503,0.9758,0.9804,0.982,0.9818,0.9801,0.0025,H
27295,Learning Choice Academy,23,0.9244,0.941,0.9664,0.7391,0.9536,0.962,0.9651,0.9648,0.9616,0.9008,0.9388,0.9497,0.9538,0.9534,0.9492,0.9376,0.9663,0.9726,0.9749,0.9746,0.9722,0.2502,M
27297,Learning Choice Academy - Chula Vista,23,0.8955,0.948,0.9921,0.4783,0.9744,0.9793,0.981,0.9808,0.9791,0.9113,0.9464,0.9561,0.9596,0.9592,0.9555,0.9756,0.9943,0.9956,0.9959,0.9959,0.9955,0.037,L
27298,The Learning Choice Academy - East County,30,0.9487,0.9902,0.9969,0.7,0.9979,0.9985,0.9987,0.9987,0.9985,0.9727,0.9922,0.9939,0.9944,0.9943,0.9938,0.9828,0.9995,0.9998,0.9999,0.9999,0.9998,0,M
27302,Lee Elementary School,46,0.9527,0.9002,0.9744,0.9565,0.9423,0.9527,0.9565,0.956,0.9521,0.8445,0.8949,0.9126,0.9192,0.9185,0.9115,0.9494,0.975,0.9797,0.9814,0.9812,0.9795,0.6212,H
27304,Legacy Montessori School,11,0.998,0.9874,0.9969,1,0.9968,0.9976,0.9978,0.9978,0.9976,0.9685,0.9891,0.9914,0.9921,0.9921,0.9913,0.9827,0.9994,0.9998,0.9998,0.9998,0.9998,0,H
27309,Lemon Avenue Elementary School,106,0.9966,0.9883,0.9969,0.9906,0.9972,0.998,0.9981,0.9981,0.9979,0.97,0.9901,0.9922,0.9929,0.9928,0.9921,0.9826,0.9994,0.9998,0.9998,0.9998,0.9998,0,H
27310,Lemon Crest Elementary School,122,0.9642,0.9095,0.9823,0.9754,0.9542,0.9626,0.9656,0.9652,0.9621,0.8564,0.9047,0.9211,0.9272,0.9265,0.9201,0.961,0.9836,0.9868,0.988,0.9878,0.9867,0.395,H
27312,lemon grove academy elementary,46,0.9515,0.9145,0.9641,0.9565,0.9406,0.9512,0.9552,0.9547,0.9507,0.8639,0.9103,0.9256,0.9314,0.9308,0.9249,0.9343,0.964,0.9706,0.973,0.9727,0.9702,0.7355,H
27315,Lemon Grove Early Childhood Education Center,82,0.9791,0.9616,0.9888,0.9634,0.9784,0.9826,0.984,0.9838,0.9824,0.9307,0.9612,0.9683,0.9709,0.9706,0.9679,0.9707,0.9907,0.9926,0.9932,0.9932,0.9926,5e-04,H
27317,Leonardo Da Vinci Health Sciences Charter School,45,0.9533,0.9305,0.9574,0.9556,0.9434,0.9536,0.9573,0.9569,0.953,0.8862,0.9276,0.9404,0.9451,0.9446,0.9396,0.9247,0.9566,0.9646,0.9675,0.9671,0.9641,0.7638,H
27330,Lexington Elementary School,154,0.9959,0.9892,0.9968,0.987,0.997,0.9978,0.998,0.9979,0.9977,0.9711,0.9911,0.993,0.9936,0.9935,0.9929,0.9826,0.9994,0.9997,0.9998,0.9998,0.9997,0,H
27331,Libby Elementary School,88,0.9942,0.9889,0.9968,0.9773,0.9969,0.9977,0.9979,0.9979,0.9977,0.9708,0.9908,0.9927,0.9933,0.9933,0.9926,0.9826,0.9994,0.9997,0.9997,0.9997,0.9997,0,H
27332,Liberty Elementary School,58,0.9874,0.9753,0.9915,0.9828,0.9857,0.9886,0.9895,0.9894,0.9884,0.9508,0.976,0.9806,0.9822,0.982,0.9804,0.9747,0.9937,0.9951,0.9955,0.9954,0.995,0,H
27337,Lifetime Montessori School,11,0.9818,0.9875,0.9965,0.9091,0.9954,0.9965,0.9968,0.9968,0.9965,0.9686,0.9892,0.9914,0.9921,0.9921,0.9913,0.9822,0.9991,0.9995,0.9995,0.9995,0.9995,0,H
27339,Light & Life Christian School,37,0.9311,0.9901,0.9969,0.5946,0.9978,0.9985,0.9986,0.9986,0.9985,0.9726,0.9921,0.9938,0.9943,0.9943,0.9937,0.9828,0.9995,0.9998,0.9999,0.9999,0.9998,0,M
27344,Lighthouse Christian Academy,11,0.987,0.958,0.9935,1,0.981,0.9847,0.986,0.9859,0.9846,0.9254,0.9573,0.965,0.968,0.9676,0.9646,0.9776,0.9958,0.9968,0.9971,0.997,0.9968,0.0068,H
27350,Lilac School,92,0.9892,0.9725,0.9968,0.9565,0.9947,0.9959,0.9962,0.9962,0.9958,0.9467,0.973,0.978,0.9798,0.9796,0.9778,0.9825,0.9993,0.9997,0.9997,0.9997,0.9997,5e-04,H
27353,Lincoln Elementary School,117,0.9943,0.9728,0.9968,0.9829,0.9956,0.9967,0.997,0.9969,0.9966,0.9468,0.9732,0.9783,0.9802,0.98,0.9781,0.9826,0.9994,0.9997,0.9998,0.9998,0.9998,0.0027,H
27358,lincoln acres,86,0.9452,0.8926,0.9586,0.9767,0.9269,0.9398,0.9446,0.944,0.9391,0.8337,0.8865,0.9058,0.913,0.9121,0.9048,0.9263,0.9578,0.9656,0.9684,0.9682,0.9653,0.9048,M
27363,Linda Vista Elementary School,79,0.9518,0.8878,0.978,0.9494,0.9428,0.953,0.9568,0.9563,0.9524,0.8261,0.8811,0.9015,0.9089,0.908,0.9002,0.9545,0.979,0.983,0.9844,0.9843,0.9828,0.6012,H
27368,Lindo Park Elementary School,96,0.9912,0.9543,0.9967,0.9792,0.992,0.9937,0.9943,0.9942,0.9937,0.9205,0.9534,0.9618,0.9649,0.9645,0.9613,0.9824,0.9993,0.9996,0.9997,0.9997,0.9996,0.017,H
27372,Literacy First Charter School,168,0.9911,0.9794,0.9958,0.9821,0.9913,0.9931,0.9937,0.9936,0.993,0.9567,0.9805,0.9843,0.9856,0.9854,0.9841,0.9809,0.9982,0.9988,0.9989,0.9989,0.9988,0,H
27386,Live Oak Elementary School,107,0.4179,0.2709,0.302,0.9907,0.2636,0.3051,0.324,0.3217,0.3024,0.1874,0.2486,0.2891,0.3074,0.3051,0.2863,0.2127,0.279,0.3219,0.3412,0.3388,0.319,1,L
27393,logan k-8,49,0.9689,0.9542,0.9741,0.9592,0.9649,0.9714,0.9737,0.9735,0.971,0.9199,0.9531,0.9617,0.9648,0.9645,0.9613,0.9488,0.9747,0.9795,0.9812,0.9811,0.9793,0.0037,H
27394,Logan Memorial Educational Campus,59,0.9868,0.921,0.9965,0.9831,0.9848,0.9878,0.9888,0.9887,0.9877,0.8727,0.9171,0.9315,0.9367,0.936,0.9304,0.9821,0.999,0.9994,0.9995,0.9995,0.9994,0.1045,H
27396,Loma Elementary School,47,0.9096,0.8456,0.9227,0.9574,0.8814,0.9014,0.9089,0.908,0.9002,0.7712,0.8362,0.8624,0.8725,0.8712,0.8607,0.8754,0.919,0.9331,0.9384,0.9379,0.9324,0.9995,M
27398,Loma Portal Elementary School,95,0.9892,0.9676,0.9961,0.9789,0.9892,0.9914,0.9921,0.992,0.9913,0.9393,0.9676,0.9737,0.9759,0.9756,0.9734,0.9816,0.9986,0.9991,0.9992,0.9992,0.9991,0,H
27399,Loma Verde Elementary School,88,0.9864,0.9758,0.9906,0.9773,0.9856,0.9884,0.9894,0.9893,0.9883,0.9515,0.9766,0.981,0.9826,0.9824,0.9808,0.9733,0.9927,0.9942,0.9947,0.9947,0.9942,0,H
27400,Longfellow K-8,118,0.9914,0.9798,0.9937,0.9915,0.9894,0.9916,0.9923,0.9922,0.9915,0.9573,0.9809,0.9846,0.9859,0.9858,0.9844,0.978,0.996,0.997,0.9972,0.9972,0.9969,0,H
27401,Los Altos Elementary School,52,0.9809,0.9672,0.9835,0.9808,0.9768,0.9812,0.9828,0.9826,0.981,0.9389,0.9672,0.9734,0.9755,0.9753,0.973,0.9628,0.9849,0.9879,0.9889,0.9888,0.9878,0,H
27404,Los Penasquitos Elementary School,127,0.9861,0.9818,0.9919,0.9606,0.9891,0.9913,0.9921,0.992,0.9912,0.9602,0.983,0.9864,0.9875,0.9874,0.9862,0.9752,0.994,0.9954,0.9957,0.9957,0.9953,0,H
27407,Louise Foussat Elementary School,96,0.9871,0.971,0.9939,0.9792,0.9861,0.9889,0.9898,0.9897,0.9887,0.9442,0.9713,0.9767,0.9786,0.9784,0.9764,0.9782,0.9962,0.9971,0.9974,0.9973,0.9971,0,H
27432,Madison Avenue Elementary School,139,0.9936,0.9794,0.9963,0.9928,0.9923,0.9939,0.9945,0.9944,0.9939,0.9566,0.9804,0.9842,0.9855,0.9853,0.984,0.9818,0.9988,0.9993,0.9993,0.9993,0.9993,0,H
27437,Magnolia Elementary School,67,0.9706,0.955,0.9792,0.9552,0.9681,0.9741,0.9762,0.976,0.9738,0.9212,0.954,0.9624,0.9654,0.965,0.9618,0.9565,0.9803,0.9841,0.9854,0.9852,0.9839,0.0048,H
27442,Maie Ellis Elementary,111,0.995,0.9886,0.9969,0.982,0.9968,0.9976,0.9978,0.9978,0.9976,0.9704,0.9905,0.9925,0.9931,0.9931,0.9924,0.9826,0.9994,0.9998,0.9998,0.9998,0.9998,0,H
27454,Maranatha Christian School,92,0.9915,0.9849,0.9967,0.9674,0.9954,0.9965,0.9968,0.9968,0.9964,0.9647,0.9864,0.9891,0.99,0.9899,0.989,0.9824,0.9993,0.9996,0.9997,0.9997,0.9996,0,H
27460,Maria Montessori School,21,0.6694,0.5951,0.7143,0.619,0.6362,0.6822,0.7009,0.6987,0.6796,0.4796,0.572,0.6211,0.6418,0.6391,0.6183,0.6099,0.6961,0.7376,0.7541,0.7521,0.7349,1,L
27465,Marshall Elementary School,119,0.964,0.9393,0.9653,0.9832,0.9521,0.9609,0.964,0.9637,0.9604,0.8986,0.937,0.9483,0.9524,0.952,0.9477,0.9361,0.9652,0.9717,0.974,0.9738,0.9713,0.3078,H
27467,Marshall (Thurgood) Elementary School,78,0.9837,0.9654,0.9927,0.9744,0.9824,0.9858,0.987,0.9869,0.9856,0.9359,0.9653,0.9716,0.974,0.9737,0.9712,0.9764,0.9949,0.9961,0.9964,0.9964,0.996,8e-04,H
27471,Marvin Elementary School,112,0.9952,0.9851,0.9966,0.9911,0.995,0.9961,0.9965,0.9964,0.9961,0.9651,0.9867,0.9893,0.9902,0.9901,0.9892,0.9823,0.9992,0.9995,0.9996,0.9996,0.9995,0,H
27472,Mary Fay Pendleton Elementary School,159,0.9746,0.9807,0.9943,0.8868,0.9903,0.9923,0.993,0.9929,0.9922,0.9586,0.9819,0.9854,0.9866,0.9865,0.9852,0.9788,0.9967,0.9975,0.9977,0.9977,0.9975,0,H
27473,Maryland Elementary School,94,0.9939,0.9854,0.9968,0.9787,0.9961,0.9971,0.9973,0.9973,0.9971,0.9655,0.987,0.9896,0.9905,0.9904,0.9895,0.9826,0.9993,0.9997,0.9997,0.9997,0.9997,0,H
27474,Maryland Avenue Elementary School,114,0.9812,0.9696,0.9879,0.9649,0.9811,0.9848,0.9861,0.9859,0.9846,0.9423,0.9699,0.9755,0.9775,0.9772,0.9752,0.9693,0.9897,0.9918,0.9925,0.9924,0.9917,0,H
27475,Mason Elementary School,111,0.9952,0.9662,0.9968,0.991,0.9951,0.9962,0.9965,0.9965,0.9962,0.9374,0.9662,0.9724,0.9745,0.9742,0.9719,0.9825,0.9994,0.9997,0.9998,0.9998,0.9997,0.005,H
27484,McGill School Of Success,39,0.9886,0.9879,0.9966,0.9487,0.9957,0.9967,0.997,0.997,0.9967,0.9692,0.9897,0.9918,0.9925,0.9924,0.9917,0.9822,0.9991,0.9995,0.9995,0.9995,0.9995,0,H
27485,McKinley Elementary School,125,0.9907,0.9767,0.9939,0.992,0.9883,0.9907,0.9915,0.9914,0.9906,0.9526,0.9775,0.9818,0.9833,0.9831,0.9815,0.9782,0.9963,0.9972,0.9974,0.9974,0.9972,0,H
27487,McMillin (Corky) Elementary School,90,0.9905,0.9808,0.9956,0.9778,0.9914,0.9932,0.9938,0.9937,0.9931,0.9587,0.982,0.9855,0.9867,0.9866,0.9853,0.9808,0.9981,0.9987,0.9988,0.9988,0.9987,0,H
27498,Meridian Elementary School,126,0.9965,0.9934,0.997,0.9841,0.9985,0.999,0.9991,0.9991,0.999,0.9775,0.9957,0.9967,0.997,0.9969,0.9966,0.9828,0.9995,0.9999,0.9999,0.9999,0.9999,0,H
27499,meridian academy,11,0.9667,0.9529,0.9868,0.9091,0.9736,0.9786,0.9803,0.9802,0.9783,0.9179,0.9517,0.9605,0.9636,0.9633,0.96,0.9677,0.9885,0.9909,0.9917,0.9916,0.9908,0.012,H
27516,Midland Elementary School,113,0.996,0.9866,0.9967,0.9912,0.9961,0.997,0.9973,0.9973,0.997,0.9674,0.9883,0.9907,0.9914,0.9913,0.9905,0.9824,0.9993,0.9996,0.9997,0.9997,0.9997,0,H
27521,Miller Elementary School,141,0.9541,0.9092,0.966,0.9787,0.9391,0.95,0.954,0.9535,0.9494,0.8565,0.9046,0.921,0.9271,0.9264,0.9201,0.9371,0.9659,0.9723,0.9746,0.9743,0.9719,0.7365,H
27529,Mira Mesa Christian School,13,0.9315,0.9397,0.9717,0.7692,0.9566,0.9645,0.9674,0.9671,0.9641,0.899,0.9373,0.9486,0.9527,0.9523,0.9481,0.9453,0.9721,0.9774,0.9792,0.979,0.9771,0.2075,M
27535,Miramar Ranch Elementary School,122,0.9739,0.9267,0.9887,0.9918,0.9642,0.9708,0.9732,0.9729,0.9705,0.8807,0.9232,0.9369,0.942,0.9414,0.9362,0.9704,0.9905,0.9925,0.9931,0.9931,0.9924,0.194,H
27537,Mission Elementary School,88,0.9887,0.9586,0.9965,0.9773,0.9888,0.9911,0.9919,0.9918,0.991,0.9267,0.958,0.9657,0.9684,0.9681,0.9652,0.9821,0.999,0.9995,0.9995,0.9995,0.9995,0.0078,H
27540,Mission Bay Montessori Academy,28,0.9878,0.9796,0.995,0.9643,0.9908,0.9927,0.9933,0.9932,0.9926,0.957,0.9807,0.9845,0.9857,0.9856,0.9842,0.9799,0.9974,0.9981,0.9983,0.9983,0.9981,0,H
27542,Mission Estancia Elementary School,36,0.9475,0.9057,0.9651,0.9444,0.9379,0.9489,0.953,0.9525,0.9483,0.8515,0.9007,0.9178,0.9244,0.9236,0.917,0.9359,0.965,0.9715,0.9738,0.9735,0.971,0.7538,M
27546,Mission Meadows Elementary School,56,0.9519,0.9104,0.9592,0.9821,0.9352,0.9467,0.951,0.9505,0.9461,0.8581,0.9057,0.922,0.9281,0.9274,0.9211,0.927,0.9585,0.9662,0.9689,0.9686,0.9658,0.856,H
27552,Monarch School,20,0.9505,0.8301,0.9909,0.95,0.9407,0.9514,0.9553,0.9548,0.9507,0.7504,0.8191,0.8478,0.8589,0.8575,0.8462,0.9737,0.9929,0.9945,0.9949,0.9949,0.9944,0.5715,H
27554,Monte Vista Elementary School,88,0.9855,0.9705,0.9924,0.9773,0.9842,0.9873,0.9884,0.9883,0.9872,0.9437,0.9709,0.9763,0.9782,0.9779,0.9759,0.9759,0.9946,0.9958,0.9962,0.9961,0.9958,0,H
27557,Monterey Heights Elementary School,52,0.9849,0.9703,0.9896,0.9808,0.9826,0.986,0.9872,0.987,0.9858,0.9432,0.9706,0.9762,0.9781,0.9779,0.9758,0.9719,0.9916,0.9933,0.9939,0.9938,0.9933,0,H
27558,Monterey Ridge Elementary School,139,0.984,0.9682,0.9853,0.9928,0.9784,0.9826,0.984,0.9839,0.9824,0.9403,0.9683,0.9743,0.9764,0.9761,0.9739,0.9653,0.9869,0.9895,0.9903,0.9902,0.9893,0,H
27562,Montessori American School,13,0.9597,0.8906,0.9767,1,0.942,0.9524,0.9562,0.9558,0.9518,0.8307,0.8844,0.9039,0.9117,0.9108,0.9032,0.9526,0.9775,0.9818,0.9833,0.9832,0.9816,0.6222,H
27565,"Montessori Child Development Centers Of Ca, Inc.",13,0.9594,0.9684,0.9842,0.8462,0.9781,0.9823,0.9838,0.9836,0.9821,0.9406,0.9686,0.9744,0.9765,0.9763,0.9741,0.9639,0.9857,0.9886,0.9895,0.9894,0.9884,0,H
27575,Montessori Explorer,12,0.9948,0.9845,0.995,1,0.9923,0.9939,0.9944,0.9944,0.9938,0.9642,0.986,0.9887,0.9897,0.9896,0.9886,0.9798,0.9973,0.9981,0.9982,0.9982,0.9981,0,H
27589,Montessori School of Oceanside,12,0.9723,0.9161,0.9899,1,0.96,0.9674,0.97,0.9697,0.967,0.8663,0.912,0.9273,0.933,0.9323,0.9264,0.9722,0.9919,0.9936,0.9941,0.9941,0.9935,0.2942,H
27592,Montessori School Of San Diego,21,0.8713,0.989,0.9969,0.2381,0.9973,0.998,0.9982,0.9982,0.998,0.971,0.991,0.9929,0.9935,0.9934,0.9928,0.9827,0.9994,0.9998,0.9998,0.9998,0.9998,0,L
27602,Montgomery (John J.) Elementary School,71,0.9766,0.9846,0.9956,0.8873,0.9931,0.9946,0.995,0.995,0.9945,0.9643,0.9861,0.9889,0.9898,0.9897,0.9888,0.9807,0.998,0.9986,0.9987,0.9987,0.9986,0,H
27603,Morning Creek Elementary School,109,0.9934,0.9886,0.9969,0.9725,0.9969,0.9977,0.9979,0.9979,0.9977,0.9703,0.9904,0.9924,0.993,0.993,0.9923,0.9827,0.9994,0.9998,0.9998,0.9998,0.9998,0,H
27616,mountain peak charter,63,0.9287,0.9786,0.9965,0.6032,0.9924,0.994,0.9945,0.9945,0.9939,0.9554,0.9796,0.9835,0.9848,0.9847,0.9833,0.982,0.999,0.9994,0.9995,0.9995,0.9994,0,M
27618,Mountain Valley Academy,19,0.9007,0.9425,0.9886,0.5263,0.9705,0.976,0.978,0.9778,0.9757,0.9035,0.9406,0.9513,0.9552,0.9547,0.9507,0.9704,0.9905,0.9925,0.9931,0.9931,0.9924,0.0725,M
27619,Mountain View School,35,0.9896,0.9927,0.997,0.9429,0.9985,0.999,0.9991,0.9991,0.999,0.9765,0.9949,0.9961,0.9964,0.9964,0.9961,0.9828,0.9996,0.9999,0.9999,0.9999,0.9999,0,H
27620,Mountain View Learning Academy,21,0.9887,0.9858,0.9965,0.9524,0.995,0.9961,0.9965,0.9964,0.9961,0.9662,0.9874,0.99,0.9908,0.9907,0.9898,0.9821,0.9991,0.9995,0.9995,0.9995,0.9995,0,H
27622,Mt. Erie Christian Academy,13,0.9672,0.9555,0.9828,0.9231,0.971,0.9764,0.9784,0.9782,0.9762,0.9217,0.9546,0.9628,0.9658,0.9655,0.9623,0.9617,0.9841,0.9872,0.9883,0.9882,0.987,0.007,H
27625,Mt. Everest Academy,11,0.9791,0.9745,0.9965,0.9091,0.9915,0.9933,0.9939,0.9938,0.9932,0.9493,0.9751,0.9799,0.9815,0.9814,0.9796,0.982,0.999,0.9994,0.9995,0.9995,0.9994,0,H
27626,Mt. Helix Academy,24,0.9837,0.9753,0.9917,0.9583,0.9863,0.989,0.99,0.9899,0.9889,0.9507,0.976,0.9805,0.9822,0.982,0.9803,0.9749,0.9938,0.9952,0.9956,0.9955,0.9951,0,H
27632,Mount Vernon Elementary School,,0.9906,0.9795,0.9963,0.9732,0.9926,0.9942,0.9947,0.9946,0.9941,0.9569,0.9805,0.9843,0.9856,0.9854,0.984,0.9818,0.9988,0.9993,0.9993,0.9993,0.9992,0,H
27633,Mt. Woodson Elementary School,60,0.9927,0.9836,0.9961,0.9833,0.9932,0.9947,0.9951,0.9951,0.9946,0.9629,0.985,0.988,0.989,0.9889,0.9879,0.9815,0.9986,0.9991,0.9992,0.9992,0.9991,0,H
27634,Mueller Charter (Robert L.) School,128,0.9974,0.9919,0.9969,0.9922,0.9979,0.9986,0.9987,0.9987,0.9986,0.9752,0.994,0.9953,0.9957,0.9957,0.9953,0.9828,0.9995,0.9998,0.9998,0.9998,0.9998,0,H
27637,Muraoka (Saburo) Elementary,150,0.9966,0.9915,0.9969,0.9867,0.9981,0.9987,0.9988,0.9988,0.9987,0.9746,0.9935,0.9949,0.9954,0.9953,0.9949,0.9828,0.9995,0.9998,0.9999,0.9999,0.9998,0,H
27639,Murdock Elementary School,127,0.997,0.9888,0.9969,0.9921,0.9973,0.998,0.9982,0.9982,0.998,0.9706,0.9907,0.9926,0.9933,0.9932,0.9926,0.9827,0.9994,0.9998,0.9998,0.9998,0.9998,0,H
27641,Murray Manor Elementary School,104,0.9895,0.9742,0.9937,0.9904,0.9869,0.9895,0.9904,0.9903,0.9894,0.9489,0.9748,0.9796,0.9813,0.981,0.9793,0.978,0.996,0.9969,0.9972,0.9972,0.9969,0,H
27642,Museum School,21,0.9809,0.9686,0.9922,0.9524,0.9836,0.9868,0.9879,0.9878,0.9867,0.9409,0.9687,0.9746,0.9767,0.9764,0.9743,0.9757,0.9944,0.9957,0.996,0.996,0.9956,0,H
27651,Naranca Elementary School,147,0.9801,0.9523,0.9873,0.9932,0.9727,0.9778,0.9797,0.9795,0.9776,0.9173,0.9511,0.96,0.9633,0.9629,0.9596,0.9684,0.989,0.9913,0.992,0.9919,0.9912,0.0155,H
27658,national university academy,83,0.9842,0.9799,0.9956,0.9398,0.9914,0.9932,0.9938,0.9937,0.9931,0.9575,0.981,0.9847,0.986,0.9858,0.9845,0.9807,0.9981,0.9987,0.9988,0.9988,0.9987,0,H
27659,National University Academy Dual Language Institut,,0.9889,0.966,0.9966,0.9708,0.9908,0.9927,0.9933,0.9933,0.9926,0.937,0.9659,0.9722,0.9744,0.9741,0.9718,0.9822,0.9991,0.9995,0.9996,0.9996,0.9995,0.0018,H
27662,The Nativity School,,0.9421,0.9167,0.9625,0.9026,0.9401,0.9508,0.9547,0.9543,0.9502,0.8664,0.9124,0.9276,0.9331,0.9324,0.9265,0.9322,0.9622,0.9691,0.9716,0.9713,0.9687,0.7512,M
27666,"Nazareth School Of San Diego, Inc",29,0.9907,0.9745,0.9968,0.9655,0.9946,0.9959,0.9962,0.9962,0.9958,0.9497,0.9752,0.9798,0.9815,0.9814,0.9796,0.9825,0.9993,0.9997,0.9997,0.9997,0.9997,3e-04,H
27675,Nestor Language Academy Charter,129,0.9913,0.9414,0.9965,0.9922,0.989,0.9913,0.992,0.9919,0.9911,0.9019,0.9393,0.9502,0.9541,0.9536,0.9495,0.9822,0.9991,0.9995,0.9995,0.9995,0.9995,0.0405,H
27741,Nichols Elementary School,104,0.8926,0.8176,0.8956,0.9904,0.8503,0.8748,0.884,0.8829,0.8733,0.7355,0.8059,0.836,0.8478,0.8465,0.8345,0.8378,0.8896,0.9085,0.9155,0.9147,0.9074,1,L
27745,Nipaquay Elementary,80,0.9941,0.9901,0.9968,0.975,0.9972,0.998,0.9981,0.9981,0.9979,0.9726,0.9921,0.9938,0.9943,0.9942,0.9937,0.9826,0.9994,0.9998,0.9998,0.9998,0.9998,0,H
27750,Normal Heights Elementary School,78,0.9892,0.9801,0.995,0.9744,0.9904,0.9924,0.993,0.9929,0.9923,0.9577,0.9812,0.9849,0.9861,0.986,0.9847,0.9799,0.9974,0.9981,0.9983,0.9982,0.9981,0,H
27753,North Broadway Elementary School,107,0.9893,0.8886,0.9966,0.9907,0.9866,0.9893,0.9902,0.9901,0.9891,0.8285,0.8823,0.902,0.9094,0.9086,0.9008,0.9823,0.9992,0.9996,0.9996,0.9996,0.9996,0.1548,H
27784,North Terrace Elementary School,117,0.9952,0.9682,0.9968,0.9915,0.9949,0.9961,0.9964,0.9964,0.996,0.9403,0.9683,0.9742,0.9764,0.9762,0.9741,0.9826,0.9994,0.9997,0.9998,0.9998,0.9997,0.0032,H
27786,Northmont Elementary School,82,0.9406,0.9028,0.9423,0.9756,0.9207,0.9346,0.9398,0.9392,0.9339,0.8475,0.8974,0.915,0.9216,0.9209,0.9141,0.903,0.9402,0.951,0.9549,0.9544,0.9503,0.998,M
27789,Notre Dame Academy,21,0.8986,0.8409,0.9046,0.9524,0.8674,0.8893,0.8977,0.8968,0.8882,0.7653,0.831,0.8579,0.8682,0.867,0.8563,0.8502,0.8995,0.9167,0.9233,0.9224,0.9158,1,L
27793,Nye Elementary School,55,0.8966,0.8306,0.8971,0.9818,0.8577,0.8811,0.89,0.8889,0.8797,0.7509,0.8195,0.8482,0.8591,0.8579,0.8465,0.8395,0.8913,0.9098,0.9167,0.9159,0.9088,1,L
27798,Oak Hill Elementary School,161,0.9775,0.9462,0.987,0.9876,0.9703,0.9759,0.9779,0.9777,0.9756,0.9085,0.9446,0.9545,0.9582,0.9578,0.954,0.968,0.9887,0.991,0.9918,0.9917,0.9909,0.0448,H
27801,Oak Knoll Montessori Inc,23,0.9485,0.8998,0.9539,1,0.9262,0.9392,0.944,0.9434,0.9384,0.8435,0.8942,0.9123,0.919,0.9181,0.911,0.9195,0.9529,0.9614,0.9645,0.9641,0.9609,0.9512,M
27803,Oak Park Elementary School,80,0.9907,0.9859,0.9941,0.975,0.9924,0.994,0.9945,0.9944,0.9939,0.9662,0.9875,0.99,0.9909,0.9908,0.9899,0.9786,0.9964,0.9973,0.9976,0.9975,0.9973,0,H
27812,Ocean Air School,63,0.9965,0.9933,0.997,0.9841,0.9986,0.9991,0.9992,0.9992,0.9991,0.9773,0.9955,0.9966,0.9969,0.9968,0.9965,0.9829,0.9995,0.9999,0.9999,0.9999,0.9999,0,H
27813,Ocean Beach Elementary School,116,0.9968,0.9887,0.9969,0.9914,0.9973,0.998,0.9982,0.9982,0.998,0.9705,0.9906,0.9925,0.9931,0.9931,0.9924,0.9827,0.9994,0.9998,0.9998,0.9998,0.9998,0,H
27818,Ocean Knoll Elementary School,64,0.9881,0.9772,0.9911,0.9844,0.9864,0.9891,0.99,0.9899,0.989,0.9535,0.978,0.9823,0.9838,0.9836,0.982,0.974,0.9932,0.9947,0.9951,0.9951,0.9946,0,H
27820,Ocean View Christian Academy,38,0.9788,0.9684,0.9901,0.9474,0.9818,0.9854,0.9866,0.9865,0.9852,0.9404,0.9685,0.9744,0.9765,0.9762,0.974,0.9725,0.9921,0.9938,0.9943,0.9942,0.9937,0,H
27822,Ocean View Hills School,178,0.9966,0.9904,0.9969,0.9888,0.9975,0.9982,0.9983,0.9983,0.9982,0.9729,0.9924,0.994,0.9945,0.9945,0.9939,0.9827,0.9995,0.9998,0.9998,0.9998,0.9998,0,H
27826,Oceanside Adventist Elementary School,20,0.692,0.5341,0.6934,0.95,0.5948,0.643,0.663,0.6607,0.6402,0.4186,0.5092,0.5602,0.582,0.5796,0.5576,0.586,0.6742,0.7176,0.7349,0.7328,0.7147,1,L
27835,School Of The Madeleine,61,0.9338,0.8857,0.9374,0.9836,0.9092,0.9249,0.9308,0.9302,0.9241,0.8244,0.879,0.8992,0.9069,0.906,0.898,0.8958,0.935,0.9466,0.9508,0.9503,0.9459,0.999,M
27838,The O'Farrell Charter School,120,0.7391,0.4671,0.8125,0.9917,0.6454,0.6913,0.7099,0.7077,0.6885,0.3549,0.4415,0.492,0.5138,0.5113,0.489,0.7283,0.8003,0.8313,0.8433,0.842,0.8297,1,L
27840,Old Mission Montessori School,18,0.9716,0.9618,0.98,0.9444,0.9721,0.9774,0.9793,0.9791,0.9771,0.9308,0.9614,0.9685,0.9711,0.9708,0.9682,0.9576,0.9811,0.9848,0.986,0.9859,0.9845,0,H
27841,Old Town Academy K-8 Charter,25,0.9647,0.932,0.9801,0.96,0.9586,0.9662,0.969,0.9687,0.9658,0.8881,0.9292,0.9416,0.9464,0.9458,0.941,0.9577,0.9812,0.9848,0.9861,0.986,0.9847,0.229,H
27846,olive elementary,59,0.8971,0.7951,0.9405,0.9322,0.8699,0.8916,0.8997,0.8988,0.8903,0.7069,0.7822,0.8151,0.8277,0.826,0.8125,0.9003,0.9383,0.9494,0.9533,0.9529,0.9487,0.9875,L
27850,Olivenhain Pioneer Elementary School,73,0.9891,0.9659,0.996,0.9863,0.9873,0.9898,0.9907,0.9906,0.9897,0.9369,0.9657,0.9721,0.9743,0.9741,0.9717,0.9813,0.9985,0.999,0.9991,0.9991,0.999,0.001,H
27851,Olivewood School,91,0.9946,0.9904,0.9968,0.978,0.9972,0.998,0.9981,0.9981,0.9979,0.973,0.9924,0.994,0.9946,0.9945,0.994,0.9826,0.9994,0.9997,0.9998,0.9998,0.9997,0,H
27853,Olympic View Elementary School,66,0.9798,0.9551,0.9872,0.9848,0.9743,0.9791,0.9809,0.9807,0.9789,0.9213,0.9541,0.9625,0.9655,0.9652,0.962,0.9682,0.9889,0.9912,0.9919,0.9919,0.9911,0.0075,H
27854,Oneonta Elementary School,66,0.9839,0.9705,0.9865,0.9848,0.9802,0.9841,0.9854,0.9852,0.9839,0.9435,0.9708,0.9763,0.9782,0.978,0.976,0.9671,0.9882,0.9906,0.9913,0.9912,0.9904,0,H
27861,Orange Glen Elementary School,96,0.9883,0.979,0.9918,0.9792,0.9879,0.9904,0.9912,0.9911,0.9902,0.9561,0.98,0.9839,0.9852,0.9851,0.9837,0.9751,0.994,0.9953,0.9957,0.9957,0.9953,0,H
27863,Otay Elementary School,84,0.99,0.989,0.9968,0.9524,0.9968,0.9976,0.9978,0.9978,0.9976,0.9709,0.9909,0.9928,0.9934,0.9933,0.9927,0.9825,0.9993,0.9997,0.9997,0.9997,0.9997,0,H
27868,Our Lady Of Grace School,35,0.9765,0.9702,0.9856,0.9429,0.9796,0.9835,0.9849,0.9848,0.9833,0.9432,0.9705,0.976,0.978,0.9778,0.9757,0.966,0.9873,0.9898,0.9907,0.9906,0.9897,0,H
27870,Our Lady Of Mt. Carmel,12,0.9965,0.9829,0.9966,1,0.9947,0.996,0.9963,0.9963,0.9959,0.9617,0.9843,0.9874,0.9884,0.9883,0.9872,0.9823,0.9992,0.9996,0.9996,0.9996,0.9996,0,H
27872,Our Lady Of The Sacred Heart,13,0.9963,0.9821,0.9967,1,0.9945,0.9957,0.9961,0.996,0.9957,0.9607,0.9834,0.9866,0.9877,0.9876,0.9865,0.9824,0.9993,0.9997,0.9997,0.9997,0.9997,0,H
27873,Our Lady's School,31,0.9585,0.9308,0.9757,0.9355,0.9556,0.9637,0.9666,0.9663,0.9632,0.8865,0.9278,0.9405,0.9453,0.9448,0.9399,0.9513,0.9765,0.9811,0.9826,0.9825,0.9808,0.2922,H
27878,oxford preparatory academy - san diego county,,0.9942,0.989,0.9968,0.9787,0.9965,0.9974,0.9976,0.9976,0.9974,0.9708,0.9908,0.9927,0.9933,0.9932,0.9926,0.9825,0.9993,0.9997,0.9997,0.9997,0.9997,0,H
27882,Pablo TAC School of the Arts,88,0.988,0.9771,0.9933,0.9773,0.9879,0.9904,0.9912,0.9911,0.9902,0.9534,0.978,0.9822,0.9837,0.9835,0.982,0.9773,0.9955,0.9966,0.9969,0.9968,0.9965,0,H
27887,pacific american academy,36,0.9743,0.985,0.9968,0.8611,0.9961,0.9971,0.9973,0.9973,0.997,0.9649,0.9866,0.9893,0.9901,0.99,0.9891,0.9825,0.9994,0.9997,0.9997,0.9997,0.9997,0,H
27888,Pacific Beach Elementary School,62,0.9802,0.9565,0.9879,0.9839,0.9751,0.9798,0.9815,0.9813,0.9796,0.9232,0.9556,0.9637,0.9666,0.9663,0.9632,0.9693,0.9897,0.9918,0.9925,0.9924,0.9917,0.006,H
27891,Pacific Coast Academy,659,0.8733,0.9761,0.9909,0.2974,0.9859,0.9887,0.9896,0.9895,0.9886,0.9517,0.9768,0.9812,0.9828,0.9826,0.981,0.9738,0.993,0.9945,0.995,0.9949,0.9944,0,L
27899,Pacific Rim Elementary School,91,0.9928,0.9776,0.9968,0.978,0.9947,0.9959,0.9962,0.9962,0.9958,0.9542,0.9785,0.9827,0.9841,0.9839,0.9825,0.9826,0.9994,0.9997,0.9997,0.9997,0.9997,0,H
27900,Pacific Sky School,46,0.9815,0.974,0.9891,0.9565,0.9835,0.9867,0.9878,0.9877,0.9865,0.9489,0.9746,0.9795,0.9812,0.9809,0.9792,0.9711,0.9911,0.9929,0.9935,0.9935,0.9929,0,H
27901,Pacific Springs Charter,63,0.8704,0.8202,0.9063,0.8254,0.8578,0.881,0.8899,0.8889,0.8796,0.7385,0.8084,0.8384,0.8501,0.849,0.8372,0.8524,0.9011,0.9182,0.9246,0.9238,0.9172,1,L
27905,pacific view leadership elementary,59,0.9654,0.8198,0.9941,0.9831,0.9541,0.9625,0.9655,0.9652,0.9621,0.7383,0.8081,0.8383,0.85,0.8487,0.8367,0.9784,0.9965,0.9973,0.9976,0.9975,0.9973,0.4575,H
27908,Painted Rock Elementary School,132,0.9901,0.9785,0.9917,0.9924,0.9873,0.9899,0.9907,0.9906,0.9897,0.9553,0.9795,0.9834,0.9848,0.9847,0.9832,0.9749,0.9938,0.9952,0.9956,0.9955,0.9951,0,H
27912,Palmer Way Elementary School,,0.9468,0.9114,0.9712,0.9093,0.9451,0.955,0.9586,0.9582,0.9544,0.8591,0.9067,0.9229,0.9289,0.9284,0.9222,0.9445,0.9715,0.977,0.9789,0.9786,0.9766,0.595,M
27914,Palmquist Elementary School,90,0.9925,0.9717,0.9968,0.9778,0.9942,0.9955,0.9959,0.9959,0.9955,0.9454,0.9721,0.9774,0.9793,0.9791,0.9772,0.9825,0.9993,0.9997,0.9997,0.9997,0.9997,5e-04,H
27915,Paloma Elementary School,131,0.9838,0.9484,0.994,0.9924,0.9783,0.9824,0.9839,0.9837,0.9822,0.9116,0.947,0.9564,0.9598,0.9595,0.9559,0.9783,0.9964,0.9973,0.9975,0.9975,0.9972,0.0315,H
27916,Palomar Elementary School,61,0.9936,0.9772,0.9967,0.9836,0.9945,0.9957,0.9961,0.996,0.9957,0.9533,0.978,0.9823,0.9838,0.9836,0.9821,0.9824,0.9993,0.9996,0.9997,0.9997,0.9996,0,H
27935,Paradise Hills Elementary School,48,0.991,0.9832,0.9969,0.9583,0.9967,0.9976,0.9978,0.9978,0.9975,0.9622,0.9845,0.9876,0.9886,0.9885,0.9874,0.9827,0.9994,0.9998,0.9998,0.9998,0.9998,0,H
27939,Park Dale Lane Elementary School,58,0.9505,0.8961,0.9654,0.9828,0.933,0.9449,0.9493,0.9488,0.9443,0.8389,0.8904,0.9089,0.9159,0.9152,0.9079,0.9361,0.9653,0.9718,0.9741,0.9738,0.9714,0.819,H
27941,Park Village Elementary School,103,0.9693,0.923,0.9887,0.9612,0.9649,0.9714,0.9737,0.9735,0.9711,0.8754,0.9194,0.9335,0.9387,0.9381,0.9327,0.9706,0.9906,0.9926,0.9932,0.9931,0.9925,0.2013,H
27945,Parkview Elementary School,97,0.9923,0.9634,0.9967,0.9794,0.9937,0.9951,0.9955,0.9954,0.995,0.9331,0.963,0.97,0.9725,0.9722,0.9697,0.9824,0.9992,0.9996,0.9997,0.9997,0.9996,0.0053,H
27948,pathways academy charter,43,0.8897,0.9705,0.9966,0.3721,0.9916,0.9933,0.9939,0.9938,0.9933,0.9437,0.9709,0.9763,0.9782,0.9779,0.9759,0.9822,0.9991,0.9995,0.9996,0.9996,0.9995,3e-04,L
27950,Paul Ecke-Central Elementary School,86,0.9833,0.9598,0.9932,0.9767,0.9812,0.9849,0.9861,0.986,0.9847,0.9279,0.9591,0.9667,0.9694,0.969,0.9662,0.9773,0.9955,0.9965,0.9968,0.9968,0.9965,0.0027,H
27951,Pauma Elementary School,50,0.9483,0.8882,0.9657,0.98,0.9306,0.9429,0.9474,0.9469,0.9422,0.8279,0.8818,0.9016,0.909,0.9081,0.9003,0.9369,0.9656,0.9721,0.9744,0.9742,0.9719,0.8325,M
27958,Penn Elementary School,67,0.9912,0.9667,0.9967,0.9701,0.9942,0.9955,0.9959,0.9958,0.9954,0.9382,0.9667,0.9729,0.9751,0.9748,0.9725,0.9825,0.9993,0.9997,0.9997,0.9997,0.9997,0.0035,H
27959,Pepper Drive Elementary School,85,0.9793,0.9599,0.9867,0.9765,0.9756,0.9803,0.9819,0.9817,0.98,0.9282,0.9593,0.9668,0.9695,0.9692,0.9664,0.9674,0.9884,0.9908,0.9915,0.9914,0.9906,0.0015,H
27962,Perkins Elementary School,,0.9757,0.956,0.99,0.9512,0.9764,0.9809,0.9825,0.9823,0.9806,0.9225,0.9551,0.9633,0.9662,0.9659,0.9628,0.9724,0.992,0.9938,0.9943,0.9942,0.9936,0.0045,H
27964,Perry Elementary School,71,0.9802,0.9481,0.9897,0.9859,0.9746,0.9794,0.9812,0.981,0.9792,0.9113,0.9465,0.9561,0.9597,0.9593,0.9556,0.9719,0.9917,0.9934,0.994,0.9939,0.9933,0.0332,H
27974,Pioneer Elementary School,133,0.9898,0.9575,0.9963,0.985,0.9886,0.9909,0.9917,0.9916,0.9908,0.9247,0.9568,0.9646,0.9673,0.9669,0.9639,0.9819,0.9988,0.9993,0.9994,0.9993,0.9993,0.0085,H
27983,Poinsettia Elementary School,122,0.9768,0.9273,0.9935,0.9836,0.9703,0.9758,0.9778,0.9776,0.9755,0.8818,0.9239,0.9374,0.9423,0.9418,0.9367,0.9776,0.9957,0.9968,0.997,0.997,0.9967,0.1422,H
27986,Pomerado Elementary School,71,0.9871,0.9644,0.995,0.9859,0.9846,0.9876,0.9886,0.9885,0.9874,0.9347,0.9642,0.9708,0.9732,0.973,0.9706,0.9798,0.9974,0.9981,0.9982,0.9982,0.998,8e-04,H
27988,Porter Elementary School,116,0.9949,0.97,0.9968,0.9914,0.9945,0.9958,0.9961,0.9961,0.9957,0.9428,0.9702,0.9758,0.9778,0.9776,0.9756,0.9825,0.9993,0.9997,0.9997,0.9997,0.9997,0.003,H
27990,Potrero Elementary School,47,0.9742,0.9504,0.988,0.9574,0.9729,0.978,0.9798,0.9796,0.9777,0.9142,0.9489,0.9582,0.9616,0.9612,0.9577,0.9693,0.9898,0.9919,0.9926,0.9925,0.9918,0.024,H
28003,Pride Academy At Prospect Avenue,82,0.9501,0.9067,0.9595,0.9756,0.934,0.9458,0.9501,0.9496,0.9451,0.8529,0.9017,0.9186,0.9249,0.9242,0.9177,0.9275,0.9589,0.9664,0.9691,0.9688,0.966,0.856,H
28007,promise charter,,0.9643,0.9351,0.9839,0.9345,0.964,0.9707,0.9731,0.9728,0.9703,0.8926,0.9325,0.9444,0.9488,0.9483,0.9436,0.9633,0.9854,0.9883,0.9893,0.9891,0.9881,0.1388,H
28013,R. Roger Rowe Elementary School,41,0.9518,0.8928,0.9767,0.9512,0.9423,0.9527,0.9565,0.956,0.9521,0.834,0.8867,0.9058,0.9131,0.9124,0.9048,0.9529,0.9775,0.9819,0.9834,0.9832,0.9816,0.6048,H
28017,Rainbow Christian,,0.9506,0.937,0.9624,0.9148,0.9492,0.9584,0.9618,0.9614,0.9579,0.8954,0.9345,0.9462,0.9505,0.9499,0.9455,0.9317,0.9619,0.969,0.9716,0.9714,0.9688,0.4575,H
28019,ralph waldo emerson elementary,84,0.98,0.9742,0.987,0.9524,0.9823,0.9858,0.987,0.9868,0.9856,0.9489,0.9747,0.9795,0.9812,0.981,0.9793,0.9679,0.9887,0.991,0.9918,0.9917,0.9909,0,H
28020,Ramona Elementary School,76,0.9845,0.9749,0.9885,0.9737,0.9838,0.9869,0.988,0.9879,0.9868,0.9501,0.9756,0.9802,0.9819,0.9817,0.98,0.9701,0.9903,0.9924,0.993,0.9929,0.9923,0,H
28025,ramona community,61,0.9597,0.9691,0.9886,0.8361,0.981,0.9847,0.986,0.9858,0.9845,0.9417,0.9693,0.975,0.977,0.9768,0.9747,0.9703,0.9904,0.9924,0.993,0.9929,0.9923,0,H
28026,Ramona Community Montessori,42,0.9845,0.9784,0.994,0.9524,0.9888,0.9911,0.9918,0.9917,0.991,0.9553,0.9794,0.9834,0.9848,0.9846,0.9832,0.9784,0.9963,0.9973,0.9975,0.9975,0.9972,0,H
28029,ramona lutheran,13,0.9589,0.9856,0.9968,0.7692,0.996,0.997,0.9973,0.9972,0.997,0.9658,0.9872,0.9898,0.9906,0.9905,0.9896,0.9825,0.9993,0.9997,0.9997,0.9997,0.9997,0,H
28035,Rancho Elementary School,84,0.9911,0.9922,0.997,0.9524,0.9984,0.9989,0.999,0.999,0.9989,0.9757,0.9944,0.9956,0.996,0.996,0.9956,0.9829,0.9996,0.9999,0.9999,0.9999,0.9999,0,H
28039,Rancho de la Nacion School,74,0.99,0.9776,0.9938,0.9865,0.9886,0.9909,0.9917,0.9916,0.9908,0.954,0.9785,0.9826,0.984,0.9839,0.9824,0.9781,0.9961,0.997,0.9973,0.9973,0.997,0,H
28045,Rancho San Diego Elementary School,106,0.9767,0.9594,0.9792,0.9811,0.9707,0.9762,0.9782,0.9779,0.9759,0.9275,0.9588,0.9664,0.9691,0.9687,0.9659,0.9563,0.9802,0.9841,0.9854,0.9853,0.9839,3e-04,H
28052,Redeemer By The Sea Lutheran Kindergarten And Preschool,,0.9836,0.9727,0.9919,0.9629,0.985,0.988,0.989,0.9888,0.9878,0.9468,0.9732,0.9782,0.98,0.9798,0.978,0.9752,0.994,0.9954,0.9958,0.9957,0.9953,3e-04,H
28055,Reformation Lutheran,10,0.9605,0.9781,0.9959,0.8,0.9909,0.9928,0.9934,0.9933,0.9927,0.9547,0.979,0.983,0.9845,0.9843,0.9829,0.9811,0.9983,0.9989,0.999,0.999,0.9989,0,H
28059,Reidy Creek Elementary School,130,0.9878,0.9796,0.9958,0.9615,0.9914,0.9932,0.9938,0.9937,0.9931,0.957,0.9806,0.9844,0.9857,0.9856,0.9843,0.9811,0.9983,0.9989,0.999,0.999,0.9989,0,H
28065,reynolds elementary,117,0.9961,0.9881,0.9968,0.9915,0.9962,0.9972,0.9974,0.9974,0.9971,0.9695,0.9899,0.992,0.9926,0.9926,0.9919,0.9825,0.9993,0.9997,0.9997,0.9997,0.9997,0,H
28066,The Rhoades School,43,0.9298,0.8875,0.9383,0.9535,0.9107,0.9262,0.932,0.9313,0.9254,0.827,0.881,0.9009,0.9084,0.9076,0.8998,0.8974,0.9359,0.9472,0.9514,0.951,0.9466,0.999,M
28067,Rice (Lilian J.) Elementary School,80,0.9831,0.9701,0.9885,0.975,0.9815,0.985,0.9863,0.9861,0.9849,0.9429,0.9703,0.9759,0.9779,0.9777,0.9757,0.9702,0.9904,0.9924,0.993,0.9929,0.9923,0,H
28069,Richland Elementary,189,0.9853,0.9721,0.9884,0.9841,0.9823,0.9858,0.987,0.9868,0.9856,0.9459,0.9726,0.9778,0.9796,0.9793,0.9774,0.9699,0.9902,0.9922,0.9929,0.9928,0.9921,0,H
28076,Rio Seco Elementary School,84,0.9899,0.9797,0.9953,0.9762,0.9909,0.9928,0.9934,0.9934,0.9928,0.957,0.9807,0.9845,0.9858,0.9856,0.9843,0.9802,0.9977,0.9984,0.9985,0.9985,0.9983,0,H
28077,Rios Elementary School,53,0.9882,0.9731,0.9943,0.9811,0.9873,0.9898,0.9907,0.9906,0.9897,0.9473,0.9736,0.9786,0.9804,0.9802,0.9784,0.9789,0.9967,0.9975,0.9978,0.9977,0.9975,0,H
28085,The Rock Academy,30,0.9867,0.9878,0.9968,0.9333,0.9967,0.9975,0.9977,0.9977,0.9975,0.9691,0.9896,0.9918,0.9925,0.9924,0.9917,0.9826,0.9994,0.9997,0.9997,0.9997,0.9997,0,H
28088,Rock Springs Elementary School,121,0.9884,0.9744,0.9909,0.9917,0.985,0.988,0.989,0.9889,0.9878,0.9493,0.9751,0.9798,0.9815,0.9813,0.9796,0.9737,0.9929,0.9945,0.9949,0.9949,0.9944,0,H
28093,Rodriguez Elementary School,65,0.9376,0.8913,0.941,0.9846,0.9143,0.9293,0.9348,0.9342,0.9284,0.8319,0.8853,0.9047,0.912,0.9112,0.9036,0.9015,0.939,0.9499,0.9539,0.9535,0.9493,0.9972,M
28094,Rogers (Greg) Elementary School,61,0.9424,0.8838,0.9563,0.9836,0.9213,0.9352,0.9403,0.9398,0.9344,0.8219,0.8771,0.8977,0.9055,0.9047,0.8967,0.9232,0.9555,0.9636,0.9666,0.9662,0.9632,0.9375,M
28096,Rohr (Fred H.) Elementary School,29,0.9036,0.7189,0.9769,0.9655,0.8712,0.8926,0.9008,0.8998,0.8914,0.6145,0.7007,0.742,0.7586,0.7567,0.74,0.9532,0.9777,0.9821,0.9836,0.9835,0.9819,0.896,M
28097,Rolando Elementary School,76,0.9817,0.9697,0.986,0.9737,0.9797,0.9836,0.985,0.9848,0.9834,0.9425,0.97,0.9755,0.9776,0.9774,0.9753,0.9663,0.9876,0.9901,0.9909,0.9908,0.99,0,H
28098,Rolando Park Elementary School,59,0.9935,0.9862,0.9963,0.9831,0.9944,0.9957,0.996,0.996,0.9956,0.9666,0.9878,0.9903,0.9911,0.991,0.9902,0.9818,0.9988,0.9993,0.9993,0.9993,0.9993,0,H
28099,Rolling Hills Elementary School,87,0.9842,0.9667,0.9916,0.977,0.9826,0.986,0.9871,0.987,0.9858,0.9382,0.9668,0.9729,0.9751,0.9748,0.9726,0.9748,0.9937,0.9951,0.9955,0.9954,0.995,3e-04,H
28104,Rosa Parks Elementary School,155,0.9961,0.9897,0.9968,0.9871,0.9973,0.998,0.9982,0.9982,0.998,0.972,0.9917,0.9934,0.994,0.9939,0.9934,0.9826,0.9994,0.9997,0.9998,0.9998,0.9997,0,H
28105,Rose Elementary School,110,0.2462,0.0627,0.1241,0.9909,0.0812,0.0978,0.1058,0.1048,0.0966,0.0399,0.056,0.0677,0.0735,0.0728,0.0669,0.0808,0.1116,0.1335,0.1441,0.1426,0.1321,1,L
28106,Rosebank Elementary School,59,0.9944,0.9858,0.9967,0.9831,0.9957,0.9967,0.997,0.997,0.9967,0.9661,0.9874,0.99,0.9908,0.9907,0.9898,0.9824,0.9993,0.9996,0.9997,0.9997,0.9996,0,H
28107,Ross Elementary School,46,0.9639,0.9353,0.9777,0.9565,0.9583,0.966,0.9687,0.9684,0.9655,0.893,0.9326,0.9447,0.9491,0.9485,0.944,0.9542,0.9786,0.9827,0.9841,0.9839,0.9824,0.2158,H
28110,Rowan Elementary School,50,0.9771,0.9668,0.9827,0.96,0.9763,0.9808,0.9824,0.9822,0.9806,0.9384,0.9668,0.973,0.9753,0.975,0.9727,0.9615,0.984,0.9872,0.9882,0.9881,0.987,0,H
28117,Sacred Heart Parish School,54,0.9771,0.9637,0.9774,0.9815,0.9712,0.9766,0.9786,0.9784,0.9764,0.9338,0.9634,0.9702,0.9727,0.9724,0.9699,0.9538,0.9784,0.9825,0.9839,0.9838,0.9822,0,H
28120,Sage Canyon School,50,0.989,0.9624,0.9964,0.98,0.9887,0.991,0.9918,0.9917,0.9909,0.9318,0.962,0.969,0.9715,0.9712,0.9686,0.982,0.9989,0.9993,0.9994,0.9994,0.9993,0.0053,H
28125,Saint Charles Borromeo Academy,21,0.9888,0.9853,0.9966,0.9524,0.995,0.9962,0.9965,0.9964,0.9961,0.9653,0.9868,0.9894,0.9903,0.9902,0.9893,0.9822,0.9991,0.9995,0.9995,0.9995,0.9995,0,H
28127,saint john school,50,0.9922,0.992,0.9969,0.96,0.9981,0.9987,0.9988,0.9988,0.9987,0.9754,0.9942,0.9955,0.9959,0.9958,0.9954,0.9828,0.9995,0.9998,0.9999,0.9999,0.9998,0,H
28128,Saint John Of The Cross Catholic School,12,0.9826,0.986,0.9964,0.9167,0.9946,0.9959,0.9962,0.9962,0.9958,0.9664,0.9876,0.9901,0.991,0.9909,0.99,0.982,0.9989,0.9994,0.9994,0.9994,0.9994,0,H
28129,Saint John's Episcopal School,,0.9916,0.9842,0.9963,0.9748,0.9937,0.9951,0.9955,0.9955,0.9951,0.9637,0.9856,0.9885,0.9895,0.9894,0.9884,0.9818,0.9988,0.9993,0.9994,0.9993,0.9993,0,H
28130,Saint Joseph Academy,40,0.9433,0.9014,0.9582,0.95,0.9306,0.9429,0.9474,0.9469,0.9422,0.846,0.8961,0.9137,0.9203,0.9195,0.9126,0.9258,0.9574,0.9654,0.9682,0.968,0.965,0.8938,M
28133,Salt Creek Elementary School,122,0.9874,0.9742,0.989,0.9918,0.9836,0.9868,0.9879,0.9878,0.9866,0.9489,0.9748,0.9796,0.9812,0.981,0.9793,0.9709,0.9909,0.9928,0.9934,0.9933,0.9927,0,H
28141,San Altos Elementary School,56,0.9903,0.9794,0.9948,0.9821,0.99,0.9921,0.9928,0.9927,0.992,0.9567,0.9805,0.9843,0.9856,0.9854,0.984,0.9795,0.9972,0.9979,0.9981,0.9981,0.9979,0,H
28147,San Diego Academy,20,0.9555,0.903,0.9818,0.95,0.9479,0.9573,0.9607,0.9603,0.9567,0.8477,0.8977,0.9153,0.9219,0.9212,0.9144,0.9602,0.9831,0.9864,0.9876,0.9874,0.9863,0.512,H
28160,San Diego Cooperative Charter School,55,0.991,0.9869,0.9966,0.9636,0.9955,0.9966,0.9969,0.9968,0.9965,0.9677,0.9886,0.9909,0.9917,0.9916,0.9908,0.9823,0.9992,0.9996,0.9996,0.9996,0.9996,0,H
28161,san diego cooperative charter school 2,60,0.9675,0.9684,0.9966,0.8333,0.9929,0.9945,0.9949,0.9949,0.9944,0.9404,0.9684,0.9744,0.9765,0.9762,0.9741,0.9823,0.9992,0.9996,0.9996,0.9996,0.9996,0.0025,H
28170,San Diego French-American School,29,0.9902,0.9841,0.9962,0.9655,0.9939,0.9953,0.9957,0.9956,0.9952,0.9636,0.9855,0.9884,0.9894,0.9892,0.9883,0.9817,0.9988,0.9992,0.9993,0.9993,0.9992,0,H
28171,San Diego Global Vision Academy,44,0.8035,0.7132,0.7923,0.9545,0.7379,0.7756,0.7905,0.7888,0.7734,0.6088,0.6949,0.7366,0.753,0.751,0.734,0.7035,0.7789,0.8121,0.8252,0.8239,0.8103,1,L
28175,San Diego Jewish Academy,58,0.9893,0.9888,0.9968,0.9483,0.9968,0.9976,0.9978,0.9978,0.9976,0.9707,0.9907,0.9926,0.9932,0.9932,0.9925,0.9826,0.9994,0.9997,0.9998,0.9997,0.9997,0,H
28194,San Elijo Elementary School,151,0.8688,0.7589,0.8852,0.9868,0.8184,0.8471,0.858,0.8568,0.8455,0.6625,0.7432,0.7804,0.7951,0.7935,0.7784,0.8236,0.8787,0.899,0.9068,0.906,0.8979,1,L
28197,San Marcos Elementary School,114,0.982,0.9549,0.9892,0.9912,0.9759,0.9805,0.9821,0.982,0.9803,0.9213,0.954,0.9624,0.9654,0.965,0.9619,0.9712,0.991,0.993,0.9936,0.9935,0.9929,0.0107,H
28206,San Miguel Elementary School,50,0.9695,0.9473,0.9733,0.98,0.9608,0.968,0.9706,0.9703,0.9676,0.9099,0.9456,0.9554,0.959,0.9586,0.9549,0.9477,0.9738,0.9788,0.9806,0.9804,0.9786,0.0517,H
28207,San Onofre Elementary School,107,0.9839,0.9792,0.9962,0.9346,0.9922,0.9939,0.9944,0.9944,0.9938,0.9564,0.9802,0.984,0.9853,0.9852,0.9838,0.9817,0.9987,0.9992,0.9993,0.9993,0.9992,0,H
28211,San Pasqual Union Elementary School,64,0.9848,0.9636,0.9916,0.9844,0.9815,0.9851,0.9864,0.9862,0.985,0.9335,0.9634,0.9701,0.9726,0.9723,0.9697,0.9747,0.9937,0.9951,0.9955,0.9954,0.995,3e-04,H
28219,Sandburg Elementary School,99,0.9882,0.9791,0.9914,0.9798,0.9876,0.9901,0.9909,0.9908,0.99,0.9562,0.9801,0.984,0.9853,0.9852,0.9838,0.9745,0.9935,0.9949,0.9953,0.9953,0.9948,0,H
28221,Sanderling Waldorf School,27,0.9711,0.9679,0.9938,0.8889,0.9848,0.9878,0.9888,0.9887,0.9876,0.94,0.968,0.974,0.9761,0.9758,0.9736,0.9779,0.9961,0.997,0.9973,0.9973,0.997,0,H
28225,Santa Fe Christian Schools,59,0.9881,0.9766,0.9916,0.9831,0.9867,0.9894,0.9902,0.9901,0.9892,0.9525,0.9774,0.9817,0.9832,0.983,0.9815,0.9748,0.9937,0.9951,0.9955,0.9955,0.9951,0,H
28227,Santa Fe Montessori School,11,0.8467,0.9894,0.9969,0.0909,0.9972,0.9979,0.9981,0.9981,0.9979,0.9715,0.9913,0.9931,0.9937,0.9937,0.9931,0.9826,0.9994,0.9998,0.9998,0.9998,0.9998,0,L
28229,Santa Margarita Elementary School,117,0.9919,0.9839,0.995,0.9829,0.9922,0.9938,0.9944,0.9943,0.9938,0.9633,0.9853,0.9882,0.9892,0.9891,0.9881,0.9799,0.9974,0.9981,0.9983,0.9983,0.9981,0,H
28232,Santa Sophia Academy,30,0.9759,0.9729,0.9858,0.9333,0.981,0.9847,0.986,0.9858,0.9845,0.947,0.9734,0.9784,0.9802,0.98,0.9782,0.9661,0.9874,0.9899,0.9907,0.9907,0.9898,0,H
28251,SBUSD Virtual Academy,48,0.9571,0.9915,0.9969,0.75,0.9979,0.9985,0.9987,0.9987,0.9985,0.9746,0.9935,0.995,0.9954,0.9953,0.9949,0.9827,0.9995,0.9998,0.9998,0.9998,0.9998,0,H
28253,Scholarship Prep - Oceanside,75,0.9926,0.9859,0.9941,0.9867,0.9923,0.9939,0.9945,0.9944,0.9939,0.9662,0.9875,0.99,0.9908,0.9908,0.9899,0.9785,0.9964,0.9973,0.9975,0.9975,0.9973,0,H
28256,Scripps Elementary School,152,0.9867,0.902,0.9964,0.9868,0.9838,0.987,0.988,0.9879,0.9868,0.847,0.8968,0.9143,0.921,0.9203,0.9134,0.982,0.999,0.9994,0.9995,0.9994,0.9994,0.1378,H
28272,Sequoia Elementary School,24,0.8899,0.7725,0.9231,0.9583,0.854,0.8779,0.8869,0.8859,0.8764,0.6793,0.7578,0.7935,0.8077,0.806,0.7916,0.8758,0.9195,0.9336,0.9388,0.9382,0.9327,0.998,L
28273,Sessions Elementary School,111,0.9936,0.9635,0.9967,0.991,0.9927,0.9943,0.9948,0.9947,0.9942,0.9332,0.9631,0.97,0.9725,0.9722,0.9696,0.9824,0.9992,0.9996,0.9996,0.9996,0.9996,0.0045,H
28281,Sherman Elementary School,89,0.973,0.9429,0.9825,0.9775,0.9663,0.9726,0.9748,0.9746,0.9722,0.9038,0.9409,0.9516,0.9554,0.9549,0.9509,0.9613,0.9838,0.987,0.9881,0.988,0.9869,0.0805,H
28287,Shoal Creek Elementary School,110,0.9967,0.9857,0.9969,0.9909,0.9972,0.9979,0.9981,0.9981,0.9979,0.966,0.9873,0.9898,0.9907,0.9906,0.9897,0.9827,0.9994,0.9998,0.9998,0.9998,0.9998,0,H
28291,Sierra School of San Diego,,0.985,0.9482,0.9963,0.9651,0.9865,0.9892,0.9901,0.99,0.989,0.9112,0.9467,0.9563,0.9599,0.9595,0.9558,0.9818,0.9988,0.9993,0.9993,0.9993,0.9993,0.0302,H
28293,Silver Gate Elementary School,100,0.9959,0.9937,0.997,0.98,0.9987,0.9992,0.9993,0.9993,0.9992,0.9779,0.996,0.9969,0.9972,0.9972,0.9969,0.9829,0.9996,0.9999,0.9999,0.9999,0.9999,0,H
28294,Silver Strand Elementary School,61,0.9849,0.9538,0.9953,0.9836,0.9819,0.9854,0.9867,0.9865,0.9853,0.9192,0.9526,0.9613,0.9645,0.9641,0.9609,0.9803,0.9977,0.9984,0.9985,0.9985,0.9984,0.0132,H
28296,Silver Wing Elementary School,44,0.4993,0.3341,0.4424,0.9545,0.362,0.4104,0.4319,0.4293,0.4074,0.2382,0.3098,0.3552,0.3755,0.3729,0.352,0.3317,0.4169,0.4671,0.4886,0.4862,0.4637,1,L
28301,Skyline Elementary School,25,0.9636,0.9127,0.9882,0.96,0.9572,0.965,0.9678,0.9675,0.9645,0.8612,0.9082,0.924,0.93,0.9294,0.9233,0.9699,0.99,0.9921,0.9927,0.9926,0.992,0.3428,H
28308,Smythe Elementary School,73,0.9903,0.9754,0.9969,0.9589,0.9956,0.9967,0.997,0.9969,0.9966,0.9505,0.976,0.9806,0.9823,0.9821,0.9805,0.9827,0.9994,0.9998,0.9998,0.9998,0.9998,0.001,H
28311,Soille San Diego Hebrew Day School,24,0.9841,0.928,0.9965,0.9583,0.9869,0.9895,0.9903,0.9902,0.9893,0.8823,0.9247,0.9381,0.943,0.9425,0.9374,0.9821,0.9991,0.9995,0.9995,0.9995,0.9995,0.0762,H
28318,Solana Highlands Elementary School,64,0.9905,0.9618,0.9964,0.9844,0.9897,0.9918,0.9925,0.9925,0.9918,0.9309,0.9614,0.9685,0.971,0.9707,0.968,0.9819,0.9989,0.9993,0.9994,0.9994,0.9993,0.0063,H
28320,Solana Ranch Elementary,59,0.9874,0.9746,0.9917,0.9831,0.9857,0.9886,0.9895,0.9894,0.9884,0.9496,0.9753,0.98,0.9817,0.9815,0.9798,0.9749,0.9939,0.9952,0.9956,0.9956,0.9952,0,H
28321,Solana Santa Fe Elementary School,45,0.983,0.969,0.9949,0.9556,0.9859,0.9887,0.9897,0.9896,0.9886,0.9413,0.9691,0.975,0.977,0.9768,0.9746,0.9797,0.9973,0.998,0.9982,0.9982,0.998,0,H
28322,Solana Vista Elementary School,65,0.9556,0.8212,0.9904,0.9846,0.9399,0.9506,0.9545,0.9542,0.9501,0.7395,0.8096,0.8395,0.8511,0.8498,0.8379,0.973,0.9924,0.994,0.9945,0.9945,0.9939,0.5788,H
28336,South Oceanside Elementary School,93,0.9819,0.9679,0.9866,0.9785,0.9789,0.983,0.9844,0.9842,0.9827,0.9398,0.968,0.9739,0.9761,0.9758,0.9736,0.9672,0.9882,0.9906,0.9914,0.9913,0.9904,0,H
28356,Sparrow Academy,75,0.9791,0.9772,0.9944,0.92,0.9888,0.9911,0.9918,0.9917,0.991,0.9533,0.9781,0.9823,0.9837,0.9836,0.9821,0.9789,0.9967,0.9976,0.9978,0.9978,0.9975,0,H
28360,Spencer Valley Elementary School,11,0.9447,0.9322,0.9869,0.8182,0.9637,0.9705,0.9729,0.9726,0.9701,0.8884,0.9294,0.9419,0.9465,0.9459,0.9411,0.9678,0.9887,0.991,0.9918,0.9917,0.9909,0.1802,M
28362,Spreckels Elementary School,118,0.9614,0.927,0.9677,0.9831,0.9483,0.9577,0.9611,0.9607,0.9572,0.8812,0.9237,0.9372,0.9422,0.9416,0.9365,0.9394,0.9677,0.9737,0.9759,0.9756,0.9734,0.5085,H
28378,St. Charles Elementary School,23,0.934,0.8994,0.9377,0.9565,0.9159,0.9306,0.936,0.9354,0.9297,0.8428,0.8939,0.912,0.9188,0.918,0.9109,0.8964,0.9353,0.9467,0.951,0.9505,0.9461,1,M
28379,St. Columba Catholic School,30,0.9751,0.9679,0.9876,0.9333,0.9798,0.9837,0.9851,0.9849,0.9835,0.9399,0.968,0.974,0.9761,0.9759,0.9737,0.9688,0.9893,0.9915,0.9922,0.9921,0.9914,0,H
28381,St. Didacus Parish School,20,0.9285,0.8793,0.9404,0.95,0.9096,0.9253,0.9311,0.9305,0.9244,0.8159,0.8724,0.8935,0.9015,0.9006,0.8923,0.9004,0.9383,0.9493,0.9533,0.9528,0.9486,0.999,M
28384,St. Francis of Assisi School,25,0.9879,0.9727,0.9964,0.96,0.9919,0.9936,0.9942,0.9941,0.9936,0.947,0.9732,0.9783,0.98,0.9798,0.9779,0.982,0.9989,0.9994,0.9994,0.9994,0.9994,0,H
28386,St. Gregory The Great Catholic School,26,0.9731,0.9572,0.9805,0.9615,0.9702,0.9758,0.9778,0.9776,0.9756,0.9244,0.9564,0.9644,0.9673,0.9669,0.9639,0.9584,0.9817,0.9853,0.9865,0.9863,0.9851,0.0018,H
28387,St. James Academy,26,0.983,0.9707,0.9917,0.9615,0.9845,0.9875,0.9886,0.9884,0.9874,0.9439,0.971,0.9765,0.9784,0.9782,0.9762,0.9748,0.9938,0.9952,0.9956,0.9955,0.9951,0,H
28390,St. John the Evangelist School,,0.9913,0.9792,0.9966,0.9744,0.9934,0.9949,0.9953,0.9953,0.9948,0.9563,0.9802,0.9841,0.9854,0.9852,0.9839,0.9822,0.9991,0.9995,0.9995,0.9995,0.9995,0,H
28397,St. Kieran Catholic School,14,0.9855,0.9863,0.9968,0.9286,0.9961,0.997,0.9973,0.9973,0.997,0.9669,0.9879,0.9904,0.9912,0.9911,0.9903,0.9825,0.9993,0.9997,0.9997,0.9997,0.9997,0,H
28403,St. Martin Of Tours Academy,25,0.9915,0.9879,0.9969,0.96,0.9971,0.9978,0.998,0.998,0.9978,0.9692,0.9897,0.9919,0.9926,0.9925,0.9918,0.9826,0.9994,0.9998,0.9998,0.9998,0.9998,0,H
28404,St. Mary Star Of The Sea Elementary School,20,0.9818,0.9745,0.9914,0.95,0.9855,0.9884,0.9893,0.9892,0.9882,0.9497,0.9752,0.9799,0.9816,0.9813,0.9796,0.9744,0.9935,0.9949,0.9954,0.9953,0.9949,0,H
28406,St. Mary's School,13,0.9626,0.9485,0.9782,0.9231,0.9644,0.971,0.9734,0.9731,0.9707,0.9116,0.947,0.9566,0.9601,0.9597,0.956,0.9548,0.9792,0.9832,0.9846,0.9845,0.983,0.0365,H
28408,St Michael Academy,12,0.9657,0.9498,0.9851,0.9167,0.9704,0.9759,0.9779,0.9777,0.9757,0.9134,0.9483,0.9577,0.9611,0.9607,0.9572,0.965,0.9867,0.9894,0.9903,0.9902,0.9892,0.027,H
28412,St. Michael's School,51,0.9913,0.9696,0.9965,0.9804,0.9919,0.9936,0.9941,0.9941,0.9935,0.9422,0.9698,0.9755,0.9775,0.9773,0.9752,0.9822,0.9991,0.9995,0.9995,0.9995,0.9995,0.0013,H
28413,St. Patrick Catholic School,52,0.9914,0.9765,0.9964,0.9808,0.9919,0.9936,0.9942,0.9941,0.9936,0.9525,0.9773,0.9816,0.9831,0.9829,0.9814,0.9819,0.9989,0.9993,0.9994,0.9994,0.9993,0,H
28414,St. Patrick's Elementary School,20,0.9856,0.9389,0.9966,0.95,0.991,0.9929,0.9935,0.9934,0.9928,0.8986,0.9366,0.9478,0.9519,0.9514,0.9471,0.9822,0.9991,0.9995,0.9996,0.9996,0.9995,0.0445,H
28418,St. Peter The Apostle Catholic School,22,0.9888,0.9844,0.9965,0.9545,0.9945,0.9958,0.9961,0.9961,0.9957,0.9641,0.9859,0.9887,0.9897,0.9895,0.9886,0.9821,0.999,0.9994,0.9995,0.9995,0.9994,0,H
28420,St. Pius X,37,0.8828,0.6444,0.9599,0.9459,0.8469,0.8718,0.8813,0.8802,0.8704,0.5326,0.6233,0.6696,0.6889,0.687,0.6676,0.9284,0.9595,0.9668,0.9695,0.9692,0.9664,0.9485,L
28421,St. Rita's School,28,0.9581,0.9296,0.9659,0.9643,0.9482,0.9576,0.961,0.9606,0.9571,0.8847,0.9265,0.9394,0.9442,0.9437,0.9387,0.9371,0.9659,0.9722,0.9745,0.9743,0.972,0.5152,H
28422,St. Rose Of Lima School,29,0.95,0.9152,0.9588,0.9655,0.9364,0.9478,0.9519,0.9515,0.9471,0.8648,0.9109,0.9263,0.9321,0.9315,0.9256,0.9267,0.9582,0.9658,0.9686,0.9683,0.9654,0.8485,H
28425,St. Therese Academy,33,0.9825,0.9708,0.9961,0.9394,0.989,0.9913,0.992,0.9919,0.9912,0.944,0.9712,0.9766,0.9785,0.9783,0.9763,0.9814,0.9986,0.9991,0.9992,0.9992,0.9991,0,H
28428,St. Vincent De Paul,24,0.9919,0.9911,0.9969,0.9583,0.998,0.9986,0.9988,0.9988,0.9986,0.974,0.9931,0.9946,0.9951,0.9951,0.9946,0.9828,0.9995,0.9998,0.9998,0.9998,0.9998,0,H
28442,Stella Maris Academy,20,0.9646,0.9398,0.9773,0.95,0.9609,0.9681,0.9707,0.9704,0.9677,0.8992,0.9375,0.9487,0.9528,0.9523,0.948,0.9537,0.9782,0.9824,0.9839,0.9837,0.9822,0.1425,H
28443,"Stephen W. Hawkings II Science, Technology, Engineering, Art And Math Charter",73,0.9767,0.982,0.9968,0.8767,0.9957,0.9967,0.997,0.997,0.9967,0.9605,0.9833,0.9866,0.9877,0.9876,0.9864,0.9825,0.9993,0.9997,0.9997,0.9997,0.9997,0,H
28445,Stone Ranch Elementary School,133,0.9355,0.8469,0.9562,0.9925,0.9095,0.9252,0.931,0.9303,0.9242,0.7724,0.8371,0.8633,0.8733,0.8721,0.8619,0.9229,0.9552,0.9635,0.9665,0.9662,0.9631,0.9425,M
28447,Stuart Mesa Elementary School,114,0.9861,0.9694,0.9921,0.9825,0.9839,0.9871,0.9882,0.988,0.9869,0.942,0.9696,0.9753,0.9773,0.9771,0.975,0.9755,0.9942,0.9955,0.9959,0.9958,0.9954,0,H
28457,Sundance Elementary School,92,0.9835,0.97,0.9881,0.9783,0.9812,0.9849,0.9861,0.986,0.9847,0.943,0.9703,0.9759,0.9778,0.9776,0.9756,0.9695,0.9899,0.992,0.9927,0.9926,0.9919,0,H
28458,Sunnyside Elementary School,87,0.9662,0.9438,0.9694,0.977,0.9566,0.9646,0.9675,0.9672,0.9642,0.9049,0.9418,0.9523,0.9561,0.9557,0.9517,0.9421,0.9696,0.9752,0.9772,0.977,0.9749,0.1345,H
28459,Sunnyslope Elementary School,55,0.9789,0.9619,0.9825,0.9818,0.9737,0.9787,0.9805,0.9803,0.9784,0.9309,0.9614,0.9686,0.9711,0.9708,0.9682,0.9613,0.9839,0.987,0.9881,0.988,0.9869,0,H
28461,Sunset Elementary School,77,0.9772,0.9549,0.9861,0.974,0.9732,0.9783,0.98,0.9798,0.978,0.9211,0.9539,0.9623,0.9654,0.965,0.9619,0.9666,0.9877,0.9902,0.991,0.9909,0.99,0.0073,H
28464,Sunset Hills Elementary School,66,0.9903,0.9773,0.9945,0.9848,0.9895,0.9916,0.9923,0.9923,0.9915,0.9537,0.9782,0.9824,0.9838,0.9836,0.9821,0.9792,0.9969,0.9977,0.9979,0.9979,0.9977,0,H
28466,Sunset View Elementary School,106,0.8546,0.7631,0.8546,0.9906,0.7984,0.8295,0.8414,0.8401,0.8276,0.6675,0.7475,0.7846,0.799,0.7971,0.7822,0.7828,0.8456,0.8709,0.8803,0.8793,0.8693,1,L
28474,Sweetwater Springs Elementary School,68,0.9798,0.9689,0.9886,0.9559,0.9813,0.9849,0.9862,0.986,0.9847,0.9412,0.9691,0.9749,0.9769,0.9767,0.9746,0.9703,0.9905,0.9925,0.9931,0.993,0.9924,0,H
28476,Sycamore Canyon Elementary School,55,0.9631,0.9365,0.9653,0.9818,0.9511,0.96,0.9632,0.9629,0.9595,0.8945,0.934,0.9457,0.9501,0.9496,0.9451,0.9361,0.9652,0.9717,0.974,0.9737,0.9713,0.3815,H
28477,Sycamore Ridge School,37,0.9761,0.9625,0.9891,0.9459,0.9784,0.9825,0.9839,0.9838,0.9823,0.9318,0.9622,0.9692,0.9717,0.9714,0.9688,0.9711,0.9909,0.9928,0.9934,0.9934,0.9927,5e-04,H
28497,Teofilo Mendoza School,64,0.9455,0.9084,0.9511,0.9688,0.9293,0.9418,0.9464,0.9459,0.9411,0.8556,0.9037,0.9202,0.9266,0.926,0.9196,0.9154,0.9498,0.9589,0.9622,0.9618,0.9584,0.9665,M
28506,thrive public,158,0.9372,0.954,0.9785,0.7595,0.9671,0.9732,0.9754,0.9752,0.9729,0.9197,0.9529,0.9615,0.9647,0.9643,0.9611,0.9554,0.9795,0.9834,0.9848,0.9846,0.9832,0.0058,M
28508,Tierra Bonita Elementary School,64,0.9922,0.9744,0.9964,0.9844,0.9922,0.9939,0.9944,0.9943,0.9938,0.9494,0.9751,0.9798,0.9814,0.9812,0.9795,0.982,0.9989,0.9994,0.9994,0.9994,0.9994,0,H
28511,Tierrasanta Elementary School,122,0.979,0.9431,0.9947,0.9672,0.9774,0.9817,0.9832,0.9831,0.9815,0.904,0.941,0.9517,0.9556,0.9552,0.9512,0.9794,0.9971,0.9979,0.9981,0.9981,0.9979,0.0548,H
28513,Tiffany (Burton C.) Elementary School,70,0.9916,0.9808,0.9952,0.9857,0.9911,0.993,0.9936,0.9935,0.9929,0.9587,0.9819,0.9855,0.9867,0.9866,0.9853,0.9802,0.9976,0.9983,0.9984,0.9984,0.9983,0,H
28528,Toler Elementary School,45,0.957,0.9106,0.9906,0.9111,0.9593,0.9668,0.9695,0.9692,0.9663,0.8589,0.9062,0.9224,0.9285,0.9278,0.9215,0.9732,0.9926,0.9942,0.9947,0.9946,0.9941,0.3152,H
28533,Torrey Hills School,53,0.9819,0.9615,0.9889,0.9811,0.9783,0.9824,0.9839,0.9837,0.9822,0.9305,0.9611,0.9682,0.9708,0.9704,0.9677,0.9708,0.9908,0.9927,0.9933,0.9933,0.9926,5e-04,H
28534,Torrey Pines Elementary School,83,0.9129,0.8106,0.9444,0.9759,0.882,0.9017,0.9092,0.9083,0.9005,0.7258,0.7982,0.8292,0.8412,0.8398,0.8273,0.9057,0.9423,0.9528,0.9566,0.9563,0.9524,0.9882,M
28539,Tri-City Christian Schools,61,0.9856,0.9803,0.9949,0.9508,0.9908,0.9927,0.9933,0.9933,0.9926,0.9581,0.9815,0.9851,0.9863,0.9862,0.9849,0.9797,0.9973,0.998,0.9982,0.9982,0.998,0,H
28541,Trinity Christian School,24,0.9558,0.9309,0.9623,0.9583,0.9463,0.956,0.9596,0.9592,0.9555,0.8867,0.9279,0.9406,0.9454,0.9447,0.9399,0.9316,0.9618,0.9689,0.9715,0.9712,0.9686,0.5992,H
28544,Trust Blended Learning,31,0.7889,0.6953,0.8168,0.8387,0.7442,0.7813,0.7959,0.7942,0.7791,0.5881,0.6761,0.7193,0.7366,0.7346,0.7169,0.7345,0.8051,0.8354,0.8472,0.8458,0.8336,1,L
28550,Turtleback Elementary School,92,0.9932,0.9732,0.9968,0.9783,0.9952,0.9963,0.9967,0.9966,0.9963,0.9476,0.9737,0.9787,0.9805,0.9803,0.9784,0.9825,0.9994,0.9997,0.9997,0.9997,0.9997,0.0015,H
28559,Twin Oaks Elementary School,155,0.9689,0.9276,0.9852,0.9742,0.9612,0.9683,0.9709,0.9706,0.9679,0.8819,0.9243,0.9376,0.9426,0.942,0.9369,0.9652,0.9868,0.9894,0.9903,0.9902,0.9893,0.2182,H
28570,Urban Discovery Academy Charter,45,0.9675,0.9051,0.9914,0.9556,0.9636,0.9704,0.9728,0.9725,0.97,0.8508,0.9,0.9171,0.9237,0.9229,0.9162,0.9746,0.9935,0.995,0.9954,0.9953,0.9949,0.2752,H
28577,Valencia Park Elementary School,103,0.982,0.9644,0.9846,0.9903,0.9762,0.9808,0.9823,0.9821,0.9805,0.9348,0.9642,0.9709,0.9733,0.973,0.9706,0.9645,0.9861,0.9889,0.9899,0.9897,0.9888,0,H
28581,valiant academy of southern california,343,0.8122,0.9376,0.9649,0.0758,0.9513,0.9602,0.9634,0.963,0.9597,0.8963,0.9353,0.9468,0.951,0.9504,0.946,0.9356,0.9648,0.9713,0.9737,0.9734,0.971,0.3615,L
28582,Valle Lindo Elementary School,51,0.9941,0.9875,0.9966,0.9804,0.9959,0.9969,0.9972,0.9971,0.9969,0.9687,0.9893,0.9915,0.9922,0.9921,0.9914,0.9822,0.9991,0.9995,0.9996,0.9996,0.9995,0,H
28583,Vallecitos Elementary School,24,0.9857,0.9772,0.9944,0.9583,0.9891,0.9914,0.9921,0.992,0.9913,0.9535,0.9781,0.9823,0.9838,0.9836,0.9821,0.9789,0.9968,0.9976,0.9978,0.9978,0.9976,0,H
28584,Valley Elementary School,140,0.9915,0.9823,0.996,0.9786,0.9927,0.9942,0.9947,0.9947,0.9942,0.961,0.9836,0.9868,0.9879,0.9878,0.9867,0.9814,0.9985,0.9991,0.9991,0.9991,0.9991,0,H
28586,Valley Center Elementary,,0.9651,0.9447,0.981,0.9357,0.9649,0.9714,0.9738,0.9735,0.9711,0.9062,0.9427,0.953,0.9569,0.9565,0.9526,0.959,0.9821,0.9856,0.9868,0.9867,0.9855,0.071,H
28598,Valley Christian School,23,0.9789,0.9677,0.9879,0.9565,0.9798,0.9837,0.985,0.9849,0.9835,0.9396,0.9677,0.9737,0.9759,0.9757,0.9734,0.9693,0.9897,0.9918,0.9925,0.9924,0.9917,0,H
28602,Valley Vista Elementary School,102,0.9344,0.891,0.9325,0.9902,0.9085,0.9244,0.9303,0.9296,0.9235,0.8314,0.8847,0.9044,0.9115,0.9108,0.9032,0.8893,0.9296,0.9421,0.9466,0.9461,0.9414,1,M
28608,Veterans Elementary School,100,0.9424,0.8813,0.9594,0.98,0.9222,0.9359,0.941,0.9404,0.9351,0.8183,0.8744,0.8953,0.9032,0.9022,0.8939,0.9275,0.9586,0.9664,0.9692,0.969,0.9661,0.9132,M
28626,Vista Academy Of Visual And Performing Arts,105,0.9945,0.968,0.9967,0.9905,0.9941,0.9954,0.9958,0.9958,0.9954,0.9398,0.9681,0.9741,0.9761,0.9758,0.9736,0.9823,0.9992,0.9996,0.9996,0.9996,0.9996,0.0035,H
28629,Vista Christian,33,0.9699,0.9533,0.9836,0.9394,0.9709,0.9764,0.9783,0.9781,0.9761,0.9186,0.9521,0.9609,0.9641,0.9637,0.9605,0.9628,0.985,0.988,0.989,0.9889,0.9879,0.013,H
28636,Vista Grande Elementary School,126,0.9944,0.9792,0.9966,0.9921,0.9936,0.995,0.9954,0.9954,0.9949,0.9565,0.9803,0.9841,0.9854,0.9853,0.9839,0.9822,0.9991,0.9995,0.9996,0.9996,0.9995,0,H
28641,Vista La Mesa Academy,68,0.9871,0.9713,0.9924,0.9853,0.9847,0.9877,0.9887,0.9886,0.9876,0.9449,0.9717,0.977,0.9788,0.9786,0.9767,0.9759,0.9945,0.9958,0.9961,0.9961,0.9957,0,H
28644,Vista Springs Charter,42,0.918,0.7331,0.987,0.9524,0.8944,0.9123,0.919,0.9183,0.9113,0.6329,0.7165,0.756,0.7714,0.7693,0.7526,0.968,0.9887,0.991,0.9917,0.9916,0.9909,0.82,M
28645,Vista Square Elementary School,98,0.9238,0.872,0.9268,0.9796,0.8962,0.9139,0.9205,0.9197,0.9129,0.8057,0.8643,0.8867,0.8954,0.8944,0.8855,0.881,0.9235,0.9369,0.9419,0.9412,0.936,1,M
28653,Vivian Banks Charter School,23,0.9617,0.9398,0.9695,0.9565,0.9551,0.9633,0.9663,0.9659,0.9628,0.8993,0.9374,0.9487,0.9527,0.9523,0.948,0.9421,0.9697,0.9754,0.9774,0.9772,0.9751,0.2235,H
28655,W. D. Hall Elementary School,80,0.9719,0.9403,0.9839,0.975,0.9653,0.9717,0.974,0.9738,0.9714,0.9003,0.9382,0.9491,0.9533,0.9528,0.9486,0.9633,0.9853,0.9883,0.9892,0.9891,0.9881,0.1042,H
28656,Waldorf School Of San Diego,43,0.8344,0.7884,0.9024,0.6744,0.8428,0.8682,0.8778,0.8767,0.8666,0.6987,0.7749,0.8086,0.8217,0.8202,0.8067,0.8468,0.897,0.9149,0.9215,0.9207,0.9139,1,L
28657,Walker Elementary School,100,0.9941,0.9846,0.9968,0.98,0.9961,0.9971,0.9973,0.9973,0.997,0.9643,0.986,0.9888,0.9898,0.9897,0.9887,0.9825,0.9993,0.9997,0.9997,0.9997,0.9997,0,H
28662,Warner Elementary School,23,0.9639,0.957,0.9779,0.913,0.9687,0.9745,0.9766,0.9764,0.9742,0.9241,0.9561,0.9641,0.967,0.9667,0.9637,0.9545,0.9788,0.983,0.9843,0.9842,0.9827,5e-04,H
28667,Warren-Walker School,23,0.9808,0.9684,0.991,0.9565,0.9825,0.986,0.9871,0.987,0.9858,0.9404,0.9685,0.9744,0.9765,0.9762,0.974,0.9738,0.993,0.9946,0.995,0.995,0.9945,0,H
28669,Washington Elementary School,60,0.9572,0.9218,0.9624,0.9833,0.9423,0.9527,0.9565,0.956,0.9521,0.8736,0.9179,0.9324,0.9378,0.9371,0.9316,0.9321,0.9621,0.9691,0.9717,0.9714,0.9688,0.7175,H
28671,Webster Elementary School,45,0.9752,0.9529,0.9893,0.9556,0.9747,0.9795,0.9812,0.981,0.9793,0.9178,0.9517,0.9605,0.9637,0.9633,0.96,0.9714,0.9912,0.9931,0.9937,0.9936,0.993,0.011,H
28674,Wegeforth Elementary School,45,0.966,0.9425,0.9769,0.9556,0.9616,0.9687,0.9712,0.9709,0.9683,0.9028,0.9404,0.9511,0.9551,0.9546,0.9506,0.9531,0.9778,0.9821,0.9835,0.9834,0.9819,0.099,H
28684,Westwood Elementary School,159,0.9781,0.9307,0.9939,0.9811,0.9727,0.9778,0.9797,0.9795,0.9776,0.8862,0.9276,0.9405,0.9452,0.9447,0.9399,0.9782,0.9962,0.9972,0.9974,0.9974,0.9971,0.1308,H
28686,Whitman Elementary School,20,0.9866,0.9502,0.9966,0.95,0.9924,0.994,0.9945,0.9945,0.994,0.9142,0.9488,0.9581,0.9614,0.9611,0.9576,0.9822,0.9992,0.9996,0.9996,0.9996,0.9996,0.0245,H
28696,William H. Frazier Elementary School,86,0.9312,0.8372,0.9638,0.9767,0.9073,0.9232,0.9292,0.9285,0.9223,0.7607,0.8273,0.8545,0.8649,0.8636,0.8527,0.9339,0.9635,0.9704,0.9728,0.9725,0.97,0.9122,M
28697,Willow Elementary,115,0.9778,0.9552,0.9808,0.9913,0.9699,0.9755,0.9775,0.9773,0.9752,0.9213,0.9543,0.9625,0.9656,0.9653,0.9621,0.9587,0.9819,0.9855,0.9867,0.9865,0.9853,0.0053,H
28699,Willow Grove Elementary School,151,0.9841,0.9566,0.9927,0.9868,0.98,0.9839,0.9852,0.9851,0.9837,0.9235,0.9558,0.9638,0.9667,0.9663,0.9632,0.9765,0.9949,0.9961,0.9964,0.9964,0.9961,0.007,H
28703,Winter Gardens Elementary School,171,0.9779,0.9506,0.9848,0.9883,0.9707,0.9762,0.9782,0.9779,0.9759,0.9152,0.9492,0.9585,0.9618,0.9614,0.9579,0.9645,0.9863,0.989,0.9899,0.9898,0.9889,0.0222,H
28705,Wolf Canyon Elementary School,128,0.9838,0.9652,0.9867,0.9922,0.9783,0.9824,0.9839,0.9837,0.9822,0.9357,0.965,0.9715,0.9739,0.9736,0.9712,0.9675,0.9884,0.9907,0.9915,0.9914,0.9906,0,H
28723,Zamorano Elementary School,136,0.9942,0.979,0.9965,0.9926,0.9932,0.9947,0.9951,0.9951,0.9946,0.9561,0.9799,0.9838,0.9852,0.985,0.9836,0.9822,0.999,0.9994,0.9995,0.9995,0.9994,0,H
28725,zion christian preschool & kindergarten,,0.9684,0.9427,0.987,0.9405,0.9686,0.9744,0.9765,0.9763,0.9741,0.9035,0.9406,0.9514,0.9552,0.9548,0.9507,0.968,0.9888,0.991,0.9918,0.9917,0.9909,0.0745,H
28726,Zion Lutheran,10,0.9771,0.9749,0.9961,0.9,0.9908,0.9927,0.9933,0.9933,0.9926,0.9501,0.9756,0.9802,0.9819,0.9817,0.98,0.9815,0.9986,0.9991,0.9992,0.9992,0.9991,0,H
38419,,,0.9725,0.9566,0.9846,0.9466,0.973,0.9781,0.9799,0.9797,0.9778,0.9235,0.9558,0.9639,0.9668,0.9664,0.9634,0.9644,0.9861,0.9889,0.9898,0.9897,0.9888,0.0032,H
38432,,,0.9841,0.9718,0.9935,0.9637,0.9856,0.9885,0.9894,0.9893,0.9883,0.9456,0.9723,0.9775,0.9794,0.9792,0.9772,0.9775,0.9958,0.9968,0.9971,0.997,0.9968,0,H
38440,,,0.964,0.9498,0.9759,0.9342,0.9638,0.9705,0.9729,0.9726,0.9701,0.9137,0.9485,0.9578,0.9612,0.9608,0.9572,0.9515,0.9767,0.9811,0.9826,0.9825,0.9809,0.0267,H
38452,,,0.9889,0.9686,0.9963,0.9708,0.9908,0.9927,0.9933,0.9933,0.9926,0.9408,0.9689,0.9747,0.9768,0.9766,0.9744,0.9818,0.9988,0.9993,0.9994,0.9993,0.9993,8e-04,H
38475,,,0.994,0.9852,0.9968,0.9784,0.9964,0.9973,0.9975,0.9975,0.9972,0.9653,0.9867,0.9894,0.9903,0.9902,0.9893,0.9825,0.9993,0.9997,0.9997,0.9997,0.9997,0,H
38476,,,0.9648,0.9421,0.9817,0.9352,0.9646,0.9712,0.9735,0.9733,0.9708,0.9026,0.94,0.9507,0.9546,0.9542,0.9502,0.9602,0.983,0.9863,0.9874,0.9873,0.9861,0.0935,H
38496,,,0.8852,0.8159,0.9383,0.8237,0.8786,0.8989,0.9067,0.9058,0.8978,0.7326,0.8043,0.8346,0.8465,0.8451,0.8328,0.8973,0.9359,0.9475,0.9517,0.9512,0.9468,0.9945,L
38500,,,0.939,0.8798,0.9755,0.8982,0.9367,0.9479,0.9521,0.9516,0.9473,0.8161,0.8726,0.894,0.9022,0.9012,0.8929,0.951,0.9762,0.9807,0.9823,0.9821,0.9805,0.6932,M
38522,,,0.9154,0.8854,0.94,0.8651,0.9112,0.9266,0.9323,0.9317,0.9257,0.8239,0.8788,0.8991,0.9067,0.9058,0.8978,0.8995,0.9377,0.9489,0.953,0.9525,0.9482,0.9972,M
38533,,,0.9563,0.9355,0.9724,0.923,0.9554,0.9636,0.9666,0.9662,0.9632,0.8932,0.9328,0.9448,0.9492,0.9487,0.9441,0.9464,0.9729,0.978,0.9798,0.9796,0.9777,0.2652,H
38541,,,0.963,0.9447,0.9772,0.9327,0.9627,0.9696,0.9721,0.9718,0.9692,0.9068,0.943,0.9531,0.9568,0.9564,0.9525,0.9535,0.978,0.9823,0.9838,0.9836,0.9821,0.0747,H
38545,,,0.8694,0.7719,0.9351,0.8023,0.8616,0.8844,0.893,0.892,0.8831,0.6778,0.7573,0.7928,0.8068,0.8054,0.7911,0.8928,0.9324,0.9444,0.9489,0.9484,0.9438,0.9952,L
38551,,,0.9743,0.9549,0.9881,0.9491,0.9749,0.9797,0.9813,0.9811,0.9794,0.921,0.9539,0.9623,0.9654,0.9651,0.9619,0.9695,0.99,0.992,0.9927,0.9926,0.9919,0.0088,H
38553,,,0.763,0.4843,0.9161,0.6675,0.7479,0.7844,0.7988,0.797,0.7822,0.3718,0.4587,0.5095,0.5315,0.5292,0.5071,0.8662,0.9121,0.9275,0.9331,0.9326,0.9268,0.9978,L
38556,,,0.9673,0.9426,0.9848,0.939,0.9674,0.9735,0.9757,0.9754,0.9731,0.9034,0.9406,0.9512,0.9552,0.9547,0.9507,0.9646,0.9863,0.9891,0.99,0.9899,0.9889,0.0707,H
38565,,,0.728,0.6924,0.7635,0.6257,0.7107,0.7509,0.767,0.7651,0.7486,0.5845,0.6732,0.7165,0.7335,0.7314,0.7133,0.668,0.7484,0.7848,0.7991,0.7974,0.7826,1,L
38581,,,0.918,0.8941,0.9377,0.8687,0.914,0.9289,0.9345,0.9339,0.9281,0.8357,0.8881,0.9071,0.9144,0.9134,0.906,0.8966,0.9354,0.9468,0.951,0.9505,0.9462,0.9998,M
38589,,,0.9935,0.9841,0.9967,0.9776,0.9958,0.9968,0.9971,0.9971,0.9968,0.9636,0.9855,0.9884,0.9893,0.9892,0.9882,0.9825,0.9993,0.9996,0.9997,0.9997,0.9997,0,H
38606,,,0.9594,0.9405,0.9744,0.9275,0.9588,0.9664,0.9692,0.9688,0.966,0.9003,0.9382,0.9494,0.9535,0.953,0.9489,0.9492,0.975,0.9798,0.9814,0.9812,0.9795,0.1437,H
38607,,,0.9684,0.9547,0.9795,0.9405,0.9685,0.9744,0.9765,0.9763,0.9741,0.9208,0.9536,0.9621,0.9651,0.9648,0.9616,0.9568,0.9805,0.9843,0.9856,0.9855,0.9842,0.0063,H
38612,,,0.9887,0.9781,0.9952,0.9704,0.9905,0.9925,0.9931,0.993,0.9924,0.9547,0.979,0.9831,0.9845,0.9844,0.9829,0.9803,0.9976,0.9983,0.9985,0.9984,0.9983,0,H
38613,,,0.9857,0.973,0.9945,0.966,0.9873,0.9899,0.9907,0.9906,0.9898,0.9472,0.9734,0.9785,0.9802,0.98,0.9783,0.9792,0.9969,0.9977,0.9979,0.9979,0.9977,0,H
38629,,,0.9769,0.9106,0.9959,0.953,0.9777,0.982,0.9835,0.9833,0.9818,0.8585,0.9061,0.9223,0.9283,0.9276,0.9214,0.9812,0.9984,0.9989,0.999,0.999,0.9989,0.165,H
38632,,,0.9865,0.9545,0.9963,0.9672,0.9881,0.9905,0.9913,0.9912,0.9904,0.9201,0.9535,0.962,0.965,0.9646,0.9614,0.9818,0.9988,0.9992,0.9993,0.9993,0.9992,0.017,H
